ISO-10303-21;
HEADER;
FILE_DESCRIPTION (( 'STEP AP203' ),
    '1' );
FILE_NAME ('Arca141_Lensboard_blank.STEP',
    '2026-09-14T16:13:21',
    ( '' ),
    ( '' ),
    'SwSTEP 2.0',
    'SolidWorks 2023',
    '' );
FILE_SCHEMA (( 'CONFIG_CONTROL_DESIGN' ));
ENDSEC;

DATA;
#1 = FACE_OUTER_BOUND ( 'NONE', #304, .T. ) ;
#2 = DIRECTION ( 'NONE',  ( 1.000000000000000000, 0.000000000000000000, 0.000000000000000000 ) ) ;
#3 = CC_DESIGN_DATE_AND_TIME_ASSIGNMENT ( #1218, #1443, ( #639 ) ) ;
#4 = FACE_OUTER_BOUND ( 'NONE', #215, .T. ) ;
#5 = VERTEX_POINT ( 'NONE', #1445 ) ;
#6 = ORIENTED_EDGE ( 'NONE', *, *, #264, .T. ) ;
#7 = CARTESIAN_POINT ( 'NONE',  ( 67.84999999999999432, 0.000000000000000000, -67.84999999999999432 ) ) ;
#8 = ORIENTED_EDGE ( 'NONE', *, *, #746, .T. ) ;
#9 = ORIENTED_EDGE ( 'NONE', *, *, #410, .F. ) ;
#10 = DIRECTION ( 'NONE',  ( 0.000000000000000000, 0.000000000000000000, 1.000000000000000000 ) ) ;
#11 = PLANE ( 'NONE',  #955 ) ;
#12 = DIRECTION ( 'NONE',  ( -0.000000000000000000, -1.000000000000000000, -0.000000000000000000 ) ) ;
#13 = ORIENTED_EDGE ( 'NONE', *, *, #169, .F. ) ;
#14 = EDGE_CURVE ( 'NONE', #586, #770, #730, .T. ) ;
#15 = CARTESIAN_POINT ( 'NONE',  ( -61.90000000000001279, 3.250000000000000444, 63.90000000000002700 ) ) ;
#16 = ORIENTED_EDGE ( 'NONE', *, *, #1338, .F. ) ;
#17 = ORIENTED_EDGE ( 'NONE', *, *, #222, .F. ) ;
#18 = CARTESIAN_POINT ( 'NONE',  ( -70.09999999999999432, 0.000000000000000000, 67.84999999999998010 ) ) ;
#19 = LINE ( 'NONE', #465, #664 ) ;
#20 = ORIENTED_EDGE ( 'NONE', *, *, #264, .F. ) ;
#21 = LINE ( 'NONE', #477, #174 ) ;
#22 = VECTOR ( 'NONE', #1259, 1000.000000000000000 ) ;
#23 = CIRCLE ( 'NONE', #863, 2.000000000000001776 ) ;
#24 = ORIENTED_EDGE ( 'NONE', *, *, #225, .T. ) ;
#25 = VERTEX_POINT ( 'NONE', #276 ) ;
#26 = CARTESIAN_POINT ( 'NONE',  ( 53.00000000000000000, 3.250000000000000444, -53.00000000000002132 ) ) ;
#27 = LINE ( 'NONE', #224, #1025 ) ;
#28 = ADVANCED_FACE ( 'NONE', ( #735 ), #389, .T. ) ;
#29 = EDGE_CURVE ( 'NONE', #1233, #549, #152, .T. ) ;
#30 = DIRECTION ( 'NONE',  ( -0.000000000000000000, -1.000000000000000000, -0.000000000000000000 ) ) ;
#31 = APPROVAL_ROLE ( '' ) ;
#32 = ORIENTED_EDGE ( 'NONE', *, *, #14, .T. ) ;
#33 = CARTESIAN_POINT ( 'NONE',  ( 64.99999999999997158, 3.250000000000000444, 67.00000000000000000 ) ) ;
#34 = CARTESIAN_POINT ( 'NONE',  ( 64.10000000000000853, 2.250000000000000444, -66.09999999999998010 ) ) ;
#35 = DIRECTION ( 'NONE',  ( 0.000000000000000000, -1.000000000000000000, 0.000000000000000000 ) ) ;
#36 = AXIS2_PLACEMENT_3D ( 'NONE', #505, #1322, #291 ) ;
#37 = PERSON_AND_ORGANIZATION_ROLE ( 'creator' ) ;
#38 = VERTEX_POINT ( 'NONE', #267 ) ;
#39 = DIRECTION ( 'NONE',  ( -0.000000000000000000, -1.000000000000000000, -0.000000000000000000 ) ) ;
#40 = DIRECTION ( 'NONE',  ( 0.000000000000000000, 1.000000000000000000, -0.000000000000000000 ) ) ;
#41 = VECTOR ( 'NONE', #683, 1000.000000000000000 ) ;
#42 = PERSON_AND_ORGANIZATION ( #761, #932 ) ;
#43 = CARTESIAN_POINT ( 'NONE',  ( -70.09999999999999432, 1.500000000000000000, 67.84999999999998010 ) ) ;
#44 = CIRCLE ( 'NONE', #962, 10.00000000000000178 ) ;
#45 = PLANE ( 'NONE',  #36 ) ;
#46 = CARTESIAN_POINT ( 'NONE',  ( 61.89999999999998437, 2.250000000000000444, -61.89999999999998437 ) ) ;
#47 = AXIS2_PLACEMENT_3D ( 'NONE', #919, #909, #1160 ) ;
#48 = DIRECTION ( 'NONE',  ( 0.000000000000000000, 1.000000000000000000, 0.000000000000000000 ) ) ;
#49 = EDGE_CURVE ( 'NONE', #1133, #1502, #1297, .T. ) ;
#50 = CARTESIAN_POINT ( 'NONE',  ( -70.09999999999999432, 1.500000000000000000, 67.84999999999998010 ) ) ;
#51 = EDGE_CURVE ( 'NONE', #1267, #1171, #1335, .T. ) ;
#52 = VECTOR ( 'NONE', #220, 1000.000000000000000 ) ;
#53 = CYLINDRICAL_SURFACE ( 'NONE', #979, 10.00000000000000178 ) ;
#54 = ADVANCED_FACE ( 'NONE', ( #1317 ), #726, .F. ) ;
#55 = EDGE_CURVE ( 'NONE', #185, #1438, #893, .T. ) ;
#56 = DIRECTION ( 'NONE',  ( -0.000000000000000000, 0.000000000000000000, 1.000000000000000000 ) ) ;
#57 = DIRECTION ( 'NONE',  ( 1.000000000000000000, -0.000000000000000000, 0.000000000000000000 ) ) ;
#58 = FACE_OUTER_BOUND ( 'NONE', #209, .T. ) ;
#59 = CC_DESIGN_SECURITY_CLASSIFICATION ( #1466, ( #1399 ) ) ;
#60 = AXIS2_PLACEMENT_3D ( 'NONE', #630, #35, #1095 ) ;
#61 = CARTESIAN_POINT ( 'NONE',  ( -61.90000000000001279, 2.250000000000000444, 63.90000000000002700 ) ) ;
#62 = VECTOR ( 'NONE', #1294, 1000.000000000000000 ) ;
#63 = CARTESIAN_POINT ( 'NONE',  ( 67.84999999999998010, 0.000000000000000000, -70.09999999999999432 ) ) ;
#64 = EDGE_CURVE ( 'NONE', #38, #1175, #623, .T. ) ;
#65 = DIRECTION ( 'NONE',  ( 0.000000000000000000, 1.000000000000000000, -0.000000000000000000 ) ) ;
#66 = DIRECTION ( 'NONE',  ( -0.000000000000000000, 1.000000000000000000, -0.000000000000000000 ) ) ;
#67 = LINE ( 'NONE', #655, #938 ) ;
#68 = DIRECTION ( 'NONE',  ( -0.000000000000000000, -1.000000000000000000, -0.000000000000000000 ) ) ;
#69 = EDGE_CURVE ( 'NONE', #549, #327, #167, .T. ) ;
#70 = CYLINDRICAL_SURFACE ( 'NONE', #1058, 2.000000000000001776 ) ;
#71 = CARTESIAN_POINT ( 'NONE',  ( -53.00000000000000000, 2.500000000000000000, -53.00000000000001421 ) ) ;
#72 = ORIENTED_EDGE ( 'NONE', *, *, #1172, .T. ) ;
#73 = DIRECTION ( 'NONE',  ( 1.000000000000000000, 0.000000000000000000, 0.000000000000000000 ) ) ;
#74 = CARTESIAN_POINT ( 'NONE',  ( -67.84999999999998010, 1.500000000000000000, -70.09999999999999432 ) ) ;
#75 = DIRECTION ( 'NONE',  ( 1.000000000000000000, 0.000000000000000000, 0.000000000000000000 ) ) ;
#76 = ORIENTED_EDGE ( 'NONE', *, *, #971, .F. ) ;
#77 = DIRECTION ( 'NONE',  ( 0.000000000000000000, 0.000000000000000000, 1.000000000000000000 ) ) ;
#78 = ORIENTED_EDGE ( 'NONE', *, *, #1004, .F. ) ;
#79 = DIRECTION ( 'NONE',  ( -0.000000000000000000, 1.000000000000000000, -0.000000000000000000 ) ) ;
#80 = DIRECTION ( 'NONE',  ( 0.000000000000000000, 0.000000000000000000, 1.000000000000000000 ) ) ;
#81 = VECTOR ( 'NONE', #890, 1000.000000000000000 ) ;
#82 = LINE ( 'NONE', #894, #1185 ) ;
#83 = ORIENTED_EDGE ( 'NONE', *, *, #204, .T. ) ;
#84 = VERTEX_POINT ( 'NONE', #50 ) ;
#85 = DIRECTION ( 'NONE',  ( 0.000000000000000000, -1.000000000000000000, 0.000000000000000000 ) ) ;
#86 = ADVANCED_FACE ( 'NONE', ( #973 ), #1088, .T. ) ;
#87 = ORIENTED_EDGE ( 'NONE', *, *, #935, .F. ) ;
#88 = CARTESIAN_POINT ( 'NONE',  ( -66.09999999999998010, 2.250000000000000444, -64.09999999999998010 ) ) ;
#89 = CARTESIAN_POINT ( 'NONE',  ( -65.00000000000000000, 3.250000000000000444, 67.00000000000000000 ) ) ;
#90 = DIRECTION ( 'NONE',  ( 1.000000000000000000, 0.000000000000000000, 0.000000000000000000 ) ) ;
#91 = ADVANCED_FACE ( 'NONE', ( #1169 ), #559, .T. ) ;
#92 = ORIENTED_EDGE ( 'NONE', *, *, #828, .T. ) ;
#93 = ORIENTED_EDGE ( 'NONE', *, *, #478, .T. ) ;
#94 = LINE ( 'NONE', #189, #1347 ) ;
#95 = ORIENTED_EDGE ( 'NONE', *, *, #553, .T. ) ;
#96 = CARTESIAN_POINT ( 'NONE',  ( -61.90000000000001279, 2.250000000000000444, 61.90000000000001279 ) ) ;
#97 = FACE_OUTER_BOUND ( 'NONE', #100, .T. ) ;
#98 = AXIS2_PLACEMENT_3D ( 'NONE', #199, #1015, #666 ) ;
#99 = VERTEX_POINT ( 'NONE', #1147 ) ;
#100 = EDGE_LOOP ( 'NONE', ( #459, #1033, #1146, #555 ) ) ;
#101 = EDGE_LOOP ( 'NONE', ( #1117, #561, #1165, #32 ) ) ;
#102 = EDGE_CURVE ( 'NONE', #5, #1267, #233, .T. ) ;
#103 = ORIENTED_EDGE ( 'NONE', *, *, #314, .F. ) ;
#104 = EDGE_LOOP ( 'NONE', ( #600, #392, #17, #1003 ) ) ;
#105 = AXIS2_PLACEMENT_3D ( 'NONE', #567, #1497, #444 ) ;
#106 = FACE_BOUND ( 'NONE', #484, .T. ) ;
#107 = FACE_OUTER_BOUND ( 'NONE', #1140, .T. ) ;
#108 = LINE ( 'NONE', #1162, #1061 ) ;
#109 = AXIS2_PLACEMENT_3D ( 'NONE', #602, #175, #1441 ) ;
#110 = ORIENTED_EDGE ( 'NONE', *, *, #873, .F. ) ;
#111 = VECTOR ( 'NONE', #721, 1000.000000000000000 ) ;
#112 = ORIENTED_EDGE ( 'NONE', *, *, #102, .T. ) ;
#113 = ORIENTED_EDGE ( 'NONE', *, *, #1450, .T. ) ;
#114 = EDGE_CURVE ( 'NONE', #708, #1377, #1378, .T. ) ;
#115 = CARTESIAN_POINT ( 'NONE',  ( 66.99999999999998579, 1.500000000000000000, 64.99999999999998579 ) ) ;
#116 = VERTEX_POINT ( 'NONE', #1023 ) ;
#117 = VERTEX_POINT ( 'NONE', #463 ) ;
#118 = PLANE ( 'NONE',  #1351 ) ;
#119 = DIRECTION ( 'NONE',  ( 1.000000000000000000, 0.000000000000000000, -0.000000000000000000 ) ) ;
#120 = DIRECTION ( 'NONE',  ( 0.000000000000000000, 1.000000000000000000, 0.000000000000000000 ) ) ;
#121 = ORIENTED_EDGE ( 'NONE', *, *, #51, .F. ) ;
#122 = ORIENTED_EDGE ( 'NONE', *, *, #589, .F. ) ;
#123 = LINE ( 'NONE', #583, #964 ) ;
#124 = VERTEX_POINT ( 'NONE', #702 ) ;
#125 = ORIENTED_EDGE ( 'NONE', *, *, #1226, .F. ) ;
#126 = CARTESIAN_POINT ( 'NONE',  ( -65.00000000000000000, 3.250000000000000444, 67.00000000000000000 ) ) ;
#127 = DIRECTION ( 'NONE',  ( -1.000000000000000000, -0.000000000000000000, -0.000000000000000000 ) ) ;
#128 = VERTEX_POINT ( 'NONE', #433 ) ;
#129 = LINE ( 'NONE', #452, #779 ) ;
#130 = EDGE_LOOP ( 'NONE', ( #414, #1013, #715, #1431 ) ) ;
#131 = VERTEX_POINT ( 'NONE', #1368 ) ;
#132 = ADVANCED_FACE ( 'NONE', ( #1387, #106 ), #118, .F. ) ;
#133 = DIRECTION ( 'NONE',  ( -0.000000000000000000, 0.000000000000000000, 1.000000000000000000 ) ) ;
#134 = DIRECTION ( 'NONE',  ( -1.000000000000000000, 0.000000000000000000, -0.000000000000000000 ) ) ;
#135 = AXIS2_PLACEMENT_3D ( 'NONE', #614, #741, #633 ) ;
#136 = VERTEX_POINT ( 'NONE', #1396 ) ;
#137 = AXIS2_PLACEMENT_3D ( 'NONE', #866, #749, #1216 ) ;
#138 = DIRECTION ( 'NONE',  ( 0.000000000000000000, -0.000000000000000000, -1.000000000000000000 ) ) ;
#139 = ORIENTED_EDGE ( 'NONE', *, *, #981, .T. ) ;
#140 = ORIENTED_EDGE ( 'NONE', *, *, #1458, .F. ) ;
#141 = DIRECTION ( 'NONE',  ( 0.000000000000000000, 0.000000000000000000, -1.000000000000000000 ) ) ;
#142 = DIRECTION ( 'NONE',  ( 0.000000000000000000, 1.000000000000000000, 0.000000000000000000 ) ) ;
#143 = LINE ( 'NONE', #711, #1428 ) ;
#144 = VERTEX_POINT ( 'NONE', #1496 ) ;
#145 = DIRECTION ( 'NONE',  ( -1.000000000000000000, -0.000000000000000000, -0.000000000000000000 ) ) ;
#146 = DIRECTION ( 'NONE',  ( 0.000000000000000000, 1.000000000000000000, 0.000000000000000000 ) ) ;
#147 = CARTESIAN_POINT ( 'NONE',  ( 61.89999999999998437, 3.250000000000000444, -63.89999999999998437 ) ) ;
#148 = DIRECTION ( 'NONE',  ( -1.000000000000000000, 0.000000000000000000, 0.000000000000000000 ) ) ;
#149 = ORIENTED_EDGE ( 'NONE', *, *, #703, .F. ) ;
#150 = AXIS2_PLACEMENT_3D ( 'NONE', #419, #1006, #1478 ) ;
#151 = COORDINATED_UNIVERSAL_TIME_OFFSET ( 8, 0, .AHEAD. ) ;
#152 = LINE ( 'NONE', #1440, #751 ) ;
#153 = ADVANCED_FACE ( 'NONE', ( #577 ), #443, .F. ) ;
#154 = DIRECTION ( 'NONE',  ( 0.000000000000000000, -1.000000000000000000, 0.000000000000000000 ) ) ;
#155 = DIRECTION ( 'NONE',  ( 0.000000000000000000, 1.000000000000000000, -0.000000000000000000 ) ) ;
#156 = CC_DESIGN_APPROVAL ( #379, ( #639 ) ) ;
#157 = EDGE_CURVE ( 'NONE', #241, #136, #815, .T. ) ;
#158 = DIRECTION ( 'NONE',  ( 0.000000000000000000, -1.000000000000000000, 0.000000000000000000 ) ) ;
#159 = VECTOR ( 'NONE', #969, 1000.000000000000000 ) ;
#160 = AXIS2_PLACEMENT_3D ( 'NONE', #754, #198, #1111 ) ;
#161 = CIRCLE ( 'NONE', #1207, 2.250000000000001776 ) ;
#162 = DIRECTION ( 'NONE',  ( 0.000000000000000000, 0.000000000000000000, -1.000000000000000000 ) ) ;
#163 = EDGE_CURVE ( 'NONE', #313, #1233, #625, .T. ) ;
#164 = CARTESIAN_POINT ( 'NONE',  ( -67.84999999999998010, 1.500000000000000000, 70.09999999999999432 ) ) ;
#165 = ORIENTED_EDGE ( 'NONE', *, *, #1430, .T. ) ;
#166 = CARTESIAN_POINT ( 'NONE',  ( -64.09999999999998010, 2.250000000000000444, 66.10000000000000853 ) ) ;
#167 = CIRCLE ( 'NONE', #1488, 2.000000000000001776 ) ;
#168 = LINE ( 'NONE', #61, #999 ) ;
#169 = EDGE_CURVE ( 'NONE', #585, #1049, #306, .T. ) ;
#170 = LINE ( 'NONE', #1323, #1328 ) ;
#171 = EDGE_CURVE ( 'NONE', #313, #296, #794, .T. ) ;
#172 = VECTOR ( 'NONE', #922, 1000.000000000000000 ) ;
#173 = CARTESIAN_POINT ( 'NONE',  ( -64.09999999999998010, 2.250000000000000444, 66.10000000000000853 ) ) ;
#174 = VECTOR ( 'NONE', #30, 1000.000000000000000 ) ;
#175 = DIRECTION ( 'NONE',  ( -0.000000000000000000, 1.000000000000000000, -0.000000000000000000 ) ) ;
#176 = ADVANCED_FACE ( 'NONE', ( #1 ), #342, .F. ) ;
#177 = VECTOR ( 'NONE', #1105, 1000.000000000000000 ) ;
#178 = CIRCLE ( 'NONE', #519, 2.000000000000001776 ) ;
#179 = EDGE_CURVE ( 'NONE', #496, #1171, #649, .T. ) ;
#180 = DIRECTION ( 'NONE',  ( -0.000000000000000000, 1.000000000000000000, -0.000000000000000000 ) ) ;
#181 = AXIS2_PLACEMENT_3D ( 'NONE', #1176, #133, #1070 ) ;
#182 = DIRECTION ( 'NONE',  ( 0.000000000000000000, 0.000000000000000000, -1.000000000000000000 ) ) ;
#183 = CARTESIAN_POINT ( 'NONE',  ( -65.00000000000001421, 3.250000000000000444, 65.00000000000000000 ) ) ;
#184 = CARTESIAN_POINT ( 'NONE',  ( 64.10000000000000853, 2.250000000000000444, -64.09999999999998010 ) ) ;
#185 = VERTEX_POINT ( 'NONE', #994 ) ;
#186 = DIRECTION ( 'NONE',  ( 0.000000000000000000, 0.000000000000000000, -1.000000000000000000 ) ) ;
#187 = DIRECTION ( 'NONE',  ( 0.000000000000000000, 1.000000000000000000, -0.000000000000000000 ) ) ;
#188 = LINE ( 'NONE', #294, #1498 ) ;
#189 = CARTESIAN_POINT ( 'NONE',  ( -66.09999999999998010, 3.250000000000000444, 64.10000000000000853 ) ) ;
#190 = VERTEX_POINT ( 'NONE', #1468 ) ;
#191 = LINE ( 'NONE', #635, #1279 ) ;
#192 = CARTESIAN_POINT ( 'NONE',  ( -65.00000000000000000, 1.500000000000000000, -67.00000000000000000 ) ) ;
#193 = DIRECTION ( 'NONE',  ( -0.000000000000000000, -1.000000000000000000, -0.000000000000000000 ) ) ;
#194 = ORIENTED_EDGE ( 'NONE', *, *, #952, .T. ) ;
#195 = DIRECTION ( 'NONE',  ( 0.000000000000000000, 0.000000000000000000, -1.000000000000000000 ) ) ;
#196 = VECTOR ( 'NONE', #1393, 1000.000000000000000 ) ;
#197 = ORIENTED_EDGE ( 'NONE', *, *, #478, .F. ) ;
#198 = DIRECTION ( 'NONE',  ( 0.000000000000000000, 1.000000000000000000, 0.000000000000000000 ) ) ;
#199 = CARTESIAN_POINT ( 'NONE',  ( 61.89999999999998437, 2.250000000000000444, 61.90000000000001279 ) ) ;
#200 = AXIS2_PLACEMENT_3D ( 'NONE', #1231, #991, #768 ) ;
#201 = EDGE_CURVE ( 'NONE', #1029, #1050, #298, .T. ) ;
#202 = VECTOR ( 'NONE', #527, 1000.000000000000000 ) ;
#203 = AXIS2_PLACEMENT_3D ( 'NONE', #380, #978, #1332 ) ;
#204 = EDGE_CURVE ( 'NONE', #440, #1164, #865, .T. ) ;
#205 = DIRECTION ( 'NONE',  ( -0.000000000000000000, -1.000000000000000000, -0.000000000000000000 ) ) ;
#206 = ORIENTED_EDGE ( 'NONE', *, *, #1217, .F. ) ;
#207 = VERTEX_POINT ( 'NONE', #771 ) ;
#208 = LINE ( 'NONE', #783, #862 ) ;
#209 = EDGE_LOOP ( 'NONE', ( #1343, #461, #468, #454, #442, #931, #219, #580 ) ) ;
#210 = DIRECTION ( 'NONE',  ( -0.000000000000000000, 1.000000000000000000, -0.000000000000000000 ) ) ;
#211 = CARTESIAN_POINT ( 'NONE',  ( -64.09999999999998010, 3.250000000000000444, -66.09999999999998010 ) ) ;
#212 = APPROVAL ( #734, '未' ) ;
#213 = VERTEX_POINT ( 'NONE', #870 ) ;
#214 = CARTESIAN_POINT ( 'NONE',  ( -63.00000000000000000, 1.500000000000000000, 63.00000000000000000 ) ) ;
#215 = EDGE_LOOP ( 'NONE', ( #92, #1128, #87, #556 ) ) ;
#216 = ORIENTED_EDGE ( 'NONE', *, *, #1138, .T. ) ;
#217 = DIRECTION ( 'NONE',  ( -0.000000000000000000, -1.000000000000000000, -0.000000000000000000 ) ) ;
#218 = ORIENTED_EDGE ( 'NONE', *, *, #446, .T. ) ;
#219 = ORIENTED_EDGE ( 'NONE', *, *, #55, .F. ) ;
#220 = DIRECTION ( 'NONE',  ( -0.000000000000000000, -1.000000000000000000, -0.000000000000000000 ) ) ;
#221 = DIRECTION ( 'NONE',  ( 0.000000000000000000, 0.000000000000000000, -1.000000000000000000 ) ) ;
#222 = EDGE_CURVE ( 'NONE', #144, #313, #1106, .T. ) ;
#223 = VECTOR ( 'NONE', #68, 1000.000000000000000 ) ;
#224 = CARTESIAN_POINT ( 'NONE',  ( 63.00000000000000000, 3.250000000000000444, 53.00000000000000000 ) ) ;
#225 = EDGE_CURVE ( 'NONE', #99, #918, #817, .T. ) ;
#226 = EDGE_LOOP ( 'NONE', ( #562, #320, #121, #1481, #272, #831, #692, #808 ) ) ;
#227 = VERTEX_POINT ( 'NONE', #777 ) ;
#228 = ORIENTED_EDGE ( 'NONE', *, *, #1363, .F. ) ;
#229 = DIRECTION ( 'NONE',  ( 0.000000000000000000, 1.000000000000000000, 0.000000000000000000 ) ) ;
#230 = ORIENTED_EDGE ( 'NONE', *, *, #869, .T. ) ;
#231 = ORIENTED_EDGE ( 'NONE', *, *, #29, .F. ) ;
#232 = VECTOR ( 'NONE', #12, 1000.000000000000000 ) ;
#233 = LINE ( 'NONE', #1283, #1163 ) ;
#234 = DIRECTION ( 'NONE',  ( 0.000000000000000000, 0.000000000000000000, -1.000000000000000000 ) ) ;
#235 = CARTESIAN_POINT ( 'NONE',  ( -67.84999999999998010, 1.500000000000000000, 70.09999999999999432 ) ) ;
#236 = AXIS2_PLACEMENT_3D ( 'NONE', #1357, #660, #1239 ) ;
#237 = VERTEX_POINT ( 'NONE', #1334 ) ;
#238 = ORIENTED_EDGE ( 'NONE', *, *, #727, .T. ) ;
#239 = LINE ( 'NONE', #1182, #383 ) ;
#240 = ORIENTED_EDGE ( 'NONE', *, *, #69, .F. ) ;
#241 = VERTEX_POINT ( 'NONE', #988 ) ;
#242 = DIRECTION ( 'NONE',  ( 0.000000000000000000, 0.000000000000000000, -1.000000000000000000 ) ) ;
#243 = ADVANCED_FACE ( 'NONE', ( #1014 ), #1234, .T. ) ;
#244 = DIRECTION ( 'NONE',  ( -0.000000000000000000, -1.000000000000000000, -0.000000000000000000 ) ) ;
#245 = EDGE_LOOP ( 'NONE', ( #1289, #1080, #1019, #337 ) ) ;
#246 = ORIENTED_EDGE ( 'NONE', *, *, #316, .F. ) ;
#247 = CARTESIAN_POINT ( 'NONE',  ( 61.89999999999998437, 3.250000000000000444, 61.90000000000001279 ) ) ;
#248 = EDGE_CURVE ( 'NONE', #823, #713, #67, .T. ) ;
#249 = ORIENTED_EDGE ( 'NONE', *, *, #1315, .T. ) ;
#250 = ORIENTED_EDGE ( 'NONE', *, *, #201, .T. ) ;
#251 = CARTESIAN_POINT ( 'NONE',  ( -53.00000000000000000, 3.250000000000000444, -53.00000000000001421 ) ) ;
#252 = LINE ( 'NONE', #579, #1098 ) ;
#253 = VECTOR ( 'NONE', #509, 1000.000000000000000 ) ;
#254 = ORIENTED_EDGE ( 'NONE', *, *, #225, .F. ) ;
#255 = EDGE_CURVE ( 'NONE', #1438, #496, #533, .T. ) ;
#256 = PLANE ( 'NONE',  #1159 ) ;
#257 = EDGE_LOOP ( 'NONE', ( #1144, #937, #933, #1018 ) ) ;
#258 = ORIENTED_EDGE ( 'NONE', *, *, #410, .T. ) ;
#259 = AXIS2_PLACEMENT_3D ( 'NONE', #235, #826, #134 ) ;
#260 = CARTESIAN_POINT ( 'NONE',  ( -67.84999999999998010, 1.500000000000000000, 70.09999999999999432 ) ) ;
#261 = CYLINDRICAL_SURFACE ( 'NONE', #1500, 1.999999999999994893 ) ;
#262 = FACE_OUTER_BOUND ( 'NONE', #340, .T. ) ;
#263 = AXIS2_PLACEMENT_3D ( 'NONE', #944, #1048, #358 ) ;
#264 = EDGE_CURVE ( 'NONE', #227, #1365, #168, .T. ) ;
#265 = CIRCLE ( 'NONE', #1103, 10.00000000000000178 ) ;
#266 = DIRECTION ( 'NONE',  ( 0.000000000000000000, 0.000000000000000000, 1.000000000000000000 ) ) ;
#267 = CARTESIAN_POINT ( 'NONE',  ( -63.90000000000002700, 2.250000000000000444, -61.89999999999998437 ) ) ;
#268 = CYLINDRICAL_SURFACE ( 'NONE', #1277, 2.000000000000001776 ) ;
#269 = LINE ( 'NONE', #744, #1309 ) ;
#270 = ADVANCED_FACE ( 'NONE', ( #1461 ), #541, .F. ) ;
#271 = APPROVAL_STATUS ( 'not_yet_approved' ) ;
#272 = ORIENTED_EDGE ( 'NONE', *, *, #393, .F. ) ;
#273 = DIRECTION ( 'NONE',  ( 0.000000000000000000, 1.000000000000000000, -0.000000000000000000 ) ) ;
#274 = FACE_OUTER_BOUND ( 'NONE', #347, .T. ) ;
#275 = DIRECTION ( 'NONE',  ( 0.000000000000000000, 1.000000000000000000, -0.000000000000000000 ) ) ;
#276 = CARTESIAN_POINT ( 'NONE',  ( -67.00000000000001421, 1.500000000000000000, -64.99999999999998579 ) ) ;
#277 = EDGE_CURVE ( 'NONE', #237, #677, #292, .T. ) ;
#278 = CARTESIAN_POINT ( 'NONE',  ( 66.10000000000000853, 2.250000000000000444, 64.10000000000000853 ) ) ;
#279 = LOCAL_TIME ( 0, 13, 21.00000000000000000, #1444 ) ;
#280 = PERSON_AND_ORGANIZATION ( #761, #932 ) ;
#281 = DIRECTION ( 'NONE',  ( 0.000000000000000000, 0.000000000000000000, 1.000000000000000000 ) ) ;
#282 = AXIS2_PLACEMENT_3D ( 'NONE', #819, #1071, #695 ) ;
#283 = DIRECTION ( 'NONE',  ( 0.000000000000000000, 0.000000000000000000, 1.000000000000000000 ) ) ;
#284 = DIRECTION ( 'NONE',  ( 0.000000000000000000, 0.000000000000000000, -1.000000000000000000 ) ) ;
#285 = EDGE_CURVE ( 'NONE', #1502, #823, #191, .T. ) ;
#286 = EDGE_CURVE ( 'NONE', #1175, #790, #1129, .T. ) ;
#287 = FACE_OUTER_BOUND ( 'NONE', #1290, .T. ) ;
#288 = DIRECTION ( 'NONE',  ( 0.000000000000000000, 1.000000000000000000, -0.000000000000000000 ) ) ;
#289 = COORDINATED_UNIVERSAL_TIME_OFFSET ( 8, 0, .AHEAD. ) ;
#290 = CIRCLE ( 'NONE', #377, 2.000000000000001776 ) ;
#291 = DIRECTION ( 'NONE',  ( -0.000000000000000000, 0.000000000000000000, 1.000000000000000000 ) ) ;
#292 = LINE ( 'NONE', #305, #1206 ) ;
#293 = CARTESIAN_POINT ( 'NONE',  ( -66.09999999999998010, 2.250000000000000444, 64.10000000000000853 ) ) ;
#294 = CARTESIAN_POINT ( 'NONE',  ( -61.90000000000001279, 3.250000000000000444, 63.90000000000002700 ) ) ;
#295 = DIRECTION ( 'NONE',  ( 0.000000000000000000, 0.000000000000000000, -1.000000000000000000 ) ) ;
#296 = VERTEX_POINT ( 'NONE', #550 ) ;
#297 = VECTOR ( 'NONE', #548, 1000.000000000000000 ) ;
#298 = LINE ( 'NONE', #88, #399 ) ;
#299 = CIRCLE ( 'NONE', #263, 2.000000000000001776 ) ;
#300 = DIRECTION ( 'NONE',  ( 1.000000000000000000, 0.000000000000000000, -0.000000000000000000 ) ) ;
#301 = CARTESIAN_POINT ( 'NONE',  ( 66.99999999999998579, 3.250000000000000444, -64.99999999999998579 ) ) ;
#302 = VECTOR ( 'NONE', #210, 1000.000000000000000 ) ;
#303 = DIRECTION ( 'NONE',  ( -1.000000000000000000, 0.000000000000000000, 0.000000000000000000 ) ) ;
#304 = EDGE_LOOP ( 'NONE', ( #1248, #576, #782, #338 ) ) ;
#305 = CARTESIAN_POINT ( 'NONE',  ( 67.84999999999998010, 1.500000000000000000, -70.09999999999999432 ) ) ;
#306 = CIRCLE ( 'NONE', #1354, 2.000000000000001776 ) ;
#307 = CARTESIAN_POINT ( 'NONE',  ( 67.84999999999998010, 1.500000000000000000, 70.09999999999999432 ) ) ;
#308 = ADVANCED_FACE ( 'NONE', ( #287 ), #748, .F. ) ;
#309 = ADVANCED_FACE ( 'NONE', ( #1214 ), #877, .T. ) ;
#310 = DIRECTION ( 'NONE',  ( -0.000000000000000000, 1.000000000000000000, -0.000000000000000000 ) ) ;
#311 = ORIENTED_EDGE ( 'NONE', *, *, #696, .T. ) ;
#312 = CARTESIAN_POINT ( 'NONE',  ( -65.00000000000001421, 3.250000000000000444, 65.00000000000000000 ) ) ;
#313 = VERTEX_POINT ( 'NONE', #983 ) ;
#314 = EDGE_CURVE ( 'NONE', #809, #1438, #1344, .T. ) ;
#315 = CARTESIAN_POINT ( 'NONE',  ( -63.90000000000002700, 2.250000000000000444, 61.90000000000001279 ) ) ;
#316 = EDGE_CURVE ( 'NONE', #1049, #99, #1349, .T. ) ;
#317 = DIRECTION ( 'NONE',  ( 0.000000000000000000, 1.000000000000000000, -0.000000000000000000 ) ) ;
#318 = FACE_BOUND ( 'NONE', #1287, .T. ) ;
#319 = ORIENTED_EDGE ( 'NONE', *, *, #416, .F. ) ;
#320 = ORIENTED_EDGE ( 'NONE', *, *, #858, .F. ) ;
#321 = CARTESIAN_POINT ( 'NONE',  ( -64.09999999999998010, 2.250000000000000444, 66.10000000000000853 ) ) ;
#322 = ORIENTED_EDGE ( 'NONE', *, *, #49, .F. ) ;
#323 = DIRECTION ( 'NONE',  ( 0.000000000000000000, 1.000000000000000000, -0.000000000000000000 ) ) ;
#324 = DIRECTION ( 'NONE',  ( -0.000000000000000000, 1.000000000000000000, -0.000000000000000000 ) ) ;
#325 = VECTOR ( 'NONE', #1237, 1000.000000000000000 ) ;
#326 = DIRECTION ( 'NONE',  ( 0.000000000000000000, 1.000000000000000000, -0.000000000000000000 ) ) ;
#327 = VERTEX_POINT ( 'NONE', #1116 ) ;
#328 = VERTEX_POINT ( 'NONE', #1492 ) ;
#329 = CARTESIAN_POINT ( 'NONE',  ( 63.00000000000000000, 1.500000000000000000, 63.00000000000000000 ) ) ;
#330 = EDGE_CURVE ( 'NONE', #1240, #328, #208, .T. ) ;
#331 = EDGE_LOOP ( 'NONE', ( #373, #20, #238, #1408 ) ) ;
#332 = CARTESIAN_POINT ( 'NONE',  ( -67.00000000000001421, 3.250000000000000444, 64.99999999999998579 ) ) ;
#333 = DIRECTION ( 'NONE',  ( 1.000000000000000000, 0.000000000000000000, 0.000000000000000000 ) ) ;
#334 = FACE_OUTER_BOUND ( 'NONE', #659, .T. ) ;
#335 = ORIENTED_EDGE ( 'NONE', *, *, #971, .T. ) ;
#336 = ADVANCED_FACE ( 'NONE', ( #897 ), #881, .T. ) ;
#337 = ORIENTED_EDGE ( 'NONE', *, *, #1363, .T. ) ;
#338 = ORIENTED_EDGE ( 'NONE', *, *, #1419, .T. ) ;
#339 = CARTESIAN_POINT ( 'NONE',  ( -70.09999999999999432, 0.000000000000000000, -67.84999999999998010 ) ) ;
#340 = EDGE_LOOP ( 'NONE', ( #1490, #785, #24, #803, #311, #538, #676, #479 ) ) ;
#341 = ORIENTED_EDGE ( 'NONE', *, *, #1415, .F. ) ;
#342 = PLANE ( 'NONE',  #1016 ) ;
#343 = LINE ( 'NONE', #1388, #41 ) ;
#344 = CIRCLE ( 'NONE', #872, 2.000000000000001776 ) ;
#345 = FACE_OUTER_BOUND ( 'NONE', #558, .T. ) ;
#346 = ORIENTED_EDGE ( 'NONE', *, *, #868, .T. ) ;
#347 = EDGE_LOOP ( 'NONE', ( #698, #481, #1039, #450 ) ) ;
#348 = CARTESIAN_POINT ( 'NONE',  ( 63.89999999999997016, 2.250000000000000444, 61.90000000000001279 ) ) ;
#349 = EDGE_LOOP ( 'NONE', ( #575, #1420, #346, #6 ) ) ;
#350 = VERTEX_POINT ( 'NONE', #1366 ) ;
#351 = CARTESIAN_POINT ( 'NONE',  ( 64.10000000000000853, 2.250000000000000444, 64.10000000000000853 ) ) ;
#352 = VECTOR ( 'NONE', #934, 1000.000000000000000 ) ;
#353 = DIRECTION ( 'NONE',  ( 0.000000000000000000, 1.000000000000000000, -0.000000000000000000 ) ) ;
#354 = AXIS2_PLACEMENT_3D ( 'NONE', #1352, #1005, #1331 ) ;
#355 = CIRCLE ( 'NONE', #939, 2.000000000000001776 ) ;
#356 = VERTEX_POINT ( 'NONE', #769 ) ;
#357 = EDGE_LOOP ( 'NONE', ( #532, #429, #1115, #1402 ) ) ;
#358 = DIRECTION ( 'NONE',  ( 0.000000000000000000, 0.000000000000000000, 1.000000000000000000 ) ) ;
#359 = EDGE_LOOP ( 'NONE', ( #887, #572, #1268, #250 ) ) ;
#360 = ORIENTED_EDGE ( 'NONE', *, *, #1397, .F. ) ;
#361 = DIRECTION ( 'NONE',  ( -0.000000000000000000, 1.000000000000000000, -0.000000000000000000 ) ) ;
#362 = DIRECTION ( 'NONE',  ( 0.000000000000000000, 0.000000000000000000, -1.000000000000000000 ) ) ;
#363 = ADVANCED_FACE ( 'NONE', ( #1232 ), #1250, .T. ) ;
#364 = ORIENTED_EDGE ( 'NONE', *, *, #515, .F. ) ;
#365 = DIRECTION ( 'NONE',  ( 1.000000000000000000, 0.000000000000000000, 0.000000000000000000 ) ) ;
#366 = CALENDAR_DATE ( 2026, 15, 9 ) ;
#367 = ORIENTED_EDGE ( 'NONE', *, *, #553, .F. ) ;
#368 = EDGE_LOOP ( 'NONE', ( #486, #1053, #668, #1350 ) ) ;
#369 = EDGE_CURVE ( 'NONE', #700, #241, #1123, .T. ) ;
#370 = CARTESIAN_POINT ( 'NONE',  ( -61.90000000000001279, 2.250000000000000444, -63.89999999999998437 ) ) ;
#371 = CARTESIAN_POINT ( 'NONE',  ( 52.99999999999999289, 3.250000000000000444, 63.00000000000000000 ) ) ;
#372 = DIRECTION ( 'NONE',  ( 0.000000000000000000, 0.000000000000000000, -1.000000000000000000 ) ) ;
#373 = ORIENTED_EDGE ( 'NONE', *, *, #1172, .F. ) ;
#374 = CARTESIAN_POINT ( 'NONE',  ( -70.09999999999999432, 1.500000000000000000, -67.84999999999998010 ) ) ;
#375 = PERSON_AND_ORGANIZATION ( #761, #932 ) ;
#376 = ORIENTED_EDGE ( 'NONE', *, *, #1346, .F. ) ;
#377 = AXIS2_PLACEMENT_3D ( 'NONE', #528, #1236, #1369 ) ;
#378 = DIRECTION ( 'NONE',  ( -0.000000000000000000, -1.000000000000000000, -0.000000000000000000 ) ) ;
#379 = APPROVAL ( #271, '未' ) ;
#380 = CARTESIAN_POINT ( 'NONE',  ( 61.89999999999998437, 3.250000000000000444, -61.89999999999998437 ) ) ;
#381 = LOCAL_TIME ( 0, 13, 21.00000000000000000, #626 ) ;
#382 = CIRCLE ( 'NONE', #415, 10.00000000000000178 ) ;
#383 = VECTOR ( 'NONE', #266, 1000.000000000000000 ) ;
#384 = DIRECTION ( 'NONE',  ( 0.000000000000000000, 0.000000000000000000, -1.000000000000000000 ) ) ;
#385 = EDGE_CURVE ( 'NONE', #1050, #573, #94, .T. ) ;
#386 = DIRECTION ( 'NONE',  ( 0.000000000000000000, 0.000000000000000000, 1.000000000000000000 ) ) ;
#387 = CARTESIAN_POINT ( 'NONE',  ( 52.99999999999999289, 0.000000000000000000, 63.00000000000000000 ) ) ;
#388 = APPROVAL_DATE_TIME ( #867, #379 ) ;
#389 = CYLINDRICAL_SURFACE ( 'NONE', #1215, 2.250000000000001776 ) ;
#390 = CARTESIAN_POINT ( 'NONE',  ( -65.00000000000001421, 3.250000000000000444, -65.00000000000000000 ) ) ;
#391 = DIRECTION ( 'NONE',  ( -1.000000000000000000, -0.000000000000000000, -0.000000000000000000 ) ) ;
#392 = ORIENTED_EDGE ( 'NONE', *, *, #171, .F. ) ;
#393 = EDGE_CURVE ( 'NONE', #207, #5, #44, .T. ) ;
#394 = DIRECTION ( 'NONE',  ( 0.000000000000000000, 0.000000000000000000, -1.000000000000000000 ) ) ;
#395 = AXIS2_PLACEMENT_3D ( 'NONE', #1320, #48, #1086 ) ;
#396 = EDGE_CURVE ( 'NONE', #585, #573, #441, .T. ) ;
#397 = CARTESIAN_POINT ( 'NONE',  ( 64.99999999999997158, 3.250000000000000444, -67.00000000000000000 ) ) ;
#398 = VECTOR ( 'NONE', #412, 1000.000000000000000 ) ;
#399 = VECTOR ( 'NONE', #522, 1000.000000000000000 ) ;
#400 = VECTOR ( 'NONE', #684, 1000.000000000000000 ) ;
#401 = CARTESIAN_POINT ( 'NONE',  ( 63.89999999999997016, 2.250000000000000444, 61.90000000000001279 ) ) ;
#402 = DIRECTION ( 'NONE',  ( 0.000000000000000000, 0.000000000000000000, -1.000000000000000000 ) ) ;
#403 = PERSON_AND_ORGANIZATION_ROLE ( 'creator' ) ;
#404 = CARTESIAN_POINT ( 'NONE',  ( -61.90000000000001279, 3.250000000000000444, -63.89999999999998437 ) ) ;
#405 = DIRECTION ( 'NONE',  ( 0.000000000000000000, 0.000000000000000000, -1.000000000000000000 ) ) ;
#406 = CARTESIAN_POINT ( 'NONE',  ( 66.99999999999998579, 3.250000000000000444, -64.99999999999998579 ) ) ;
#407 = DIRECTION ( 'NONE',  ( 0.000000000000000000, 0.000000000000000000, -1.000000000000000000 ) ) ;
#408 = CARTESIAN_POINT ( 'NONE',  ( 53.00000000000000000, 1.500000000000000000, -53.00000000000002132 ) ) ;
#409 = CARTESIAN_POINT ( 'NONE',  ( -64.09999999999998010, 2.250000000000000444, -64.09999999999998010 ) ) ;
#410 = EDGE_CURVE ( 'NONE', #573, #213, #1470, .T. ) ;
#411 = LOCAL_TIME ( 0, 13, 21.00000000000000000, #742 ) ;
#412 = DIRECTION ( 'NONE',  ( -0.000000000000000000, -1.000000000000000000, -0.000000000000000000 ) ) ;
#413 = DIRECTION ( 'NONE',  ( -1.000000000000000000, 0.000000000000000000, -0.000000000000000000 ) ) ;
#414 = ORIENTED_EDGE ( 'NONE', *, *, #1415, .T. ) ;
#415 = AXIS2_PLACEMENT_3D ( 'NONE', #71, #154, #1077 ) ;
#416 = EDGE_CURVE ( 'NONE', #677, #350, #557, .T. ) ;
#417 = CARTESIAN_POINT ( 'NONE',  ( 63.00000000000000000, 1.500000000000000000, 53.00000000000000000 ) ) ;
#418 = VECTOR ( 'NONE', #180, 1000.000000000000000 ) ;
#419 = CARTESIAN_POINT ( 'NONE',  ( 66.99999999999998579, 3.250000000000000444, 64.99999999999998579 ) ) ;
#420 = DESIGN_CONTEXT ( 'detailed design', #1401, 'design' ) ;
#421 = FACE_OUTER_BOUND ( 'NONE', #1414, .T. ) ;
#422 = ORIENTED_EDGE ( 'NONE', *, *, #899, .T. ) ;
#423 = ADVANCED_FACE ( 'NONE', ( #678 ), #1002, .T. ) ;
#424 = DIRECTION ( 'NONE',  ( 0.000000000000000000, 1.000000000000000000, -0.000000000000000000 ) ) ;
#425 = ORIENTED_EDGE ( 'NONE', *, *, #1430, .F. ) ;
#426 = DIRECTION ( 'NONE',  ( 0.000000000000000000, 1.000000000000000000, -0.000000000000000000 ) ) ;
#427 = CARTESIAN_POINT ( 'NONE',  ( 63.89999999999997016, 2.250000000000000444, -61.89999999999998437 ) ) ;
#428 = CARTESIAN_POINT ( 'NONE',  ( -63.90000000000002700, 3.250000000000000444, 61.90000000000001279 ) ) ;
#429 = ORIENTED_EDGE ( 'NONE', *, *, #1286, .F. ) ;
#430 = ORIENTED_EDGE ( 'NONE', *, *, #858, .T. ) ;
#431 = CARTESIAN_POINT ( 'NONE',  ( -66.09999999999998010, 2.250000000000000444, 64.10000000000000853 ) ) ;
#432 = EDGE_LOOP ( 'NONE', ( #258, #1296, #13, #1394 ) ) ;
#433 = CARTESIAN_POINT ( 'NONE',  ( 64.10000000000000853, 3.250000000000000444, -66.09999999999998010 ) ) ;
#434 = DIRECTION ( 'NONE',  ( 0.000000000000000000, 0.000000000000000000, -1.000000000000000000 ) ) ;
#435 = ADVANCED_FACE ( 'NONE', ( #1127 ), #1376, .F. ) ;
#436 = DIRECTION ( 'NONE',  ( -0.000000000000000000, 1.000000000000000000, -0.000000000000000000 ) ) ;
#437 = VECTOR ( 'NONE', #324, 1000.000000000000000 ) ;
#438 = EDGE_CURVE ( 'NONE', #1377, #770, #1312, .T. ) ;
#439 = VERTEX_POINT ( 'NONE', #260 ) ;
#440 = VERTEX_POINT ( 'NONE', #147 ) ;
#441 = LINE ( 'NONE', #431, #297 ) ;
#442 = ORIENTED_EDGE ( 'NONE', *, *, #1075, .F. ) ;
#443 = CYLINDRICAL_SURFACE ( 'NONE', #968, 2.000000000000001776 ) ;
#444 = DIRECTION ( 'NONE',  ( 0.000000000000000000, 0.000000000000000000, -1.000000000000000000 ) ) ;
#445 = VECTOR ( 'NONE', #361, 1000.000000000000000 ) ;
#446 = EDGE_CURVE ( 'NONE', #136, #1184, #382, .T. ) ;
#447 = LINE ( 'NONE', #457, #400 ) ;
#448 = EDGE_CURVE ( 'NONE', #1252, #237, #1155, .T. ) ;
#449 = ORIENTED_EDGE ( 'NONE', *, *, #1213, .F. ) ;
#450 = ORIENTED_EDGE ( 'NONE', *, *, #738, .T. ) ;
#451 = ORIENTED_EDGE ( 'NONE', *, *, #1139, .T. ) ;
#452 = CARTESIAN_POINT ( 'NONE',  ( -67.84999999999998010, 1.500000000000000000, 70.09999999999999432 ) ) ;
#453 = VERTEX_POINT ( 'NONE', #1187 ) ;
#454 = ORIENTED_EDGE ( 'NONE', *, *, #980, .F. ) ;
#455 = DIRECTION ( 'NONE',  ( 1.000000000000000000, 0.000000000000000000, 0.000000000000000000 ) ) ;
#456 = CARTESIAN_POINT ( 'NONE',  ( -61.90000000000001279, 2.250000000000000444, 63.90000000000002700 ) ) ;
#457 = CARTESIAN_POINT ( 'NONE',  ( 66.10000000000000853, 2.250000000000000444, 64.10000000000000853 ) ) ;
#458 = EDGE_LOOP ( 'NONE', ( #140, #228, #993, #95 ) ) ;
#459 = ORIENTED_EDGE ( 'NONE', *, *, #1065, .T. ) ;
#460 = DIRECTION ( 'NONE',  ( 0.000000000000000000, 1.000000000000000000, -0.000000000000000000 ) ) ;
#461 = ORIENTED_EDGE ( 'NONE', *, *, #157, .F. ) ;
#462 = ORIENTED_EDGE ( 'NONE', *, *, #1254, .T. ) ;
#463 = CARTESIAN_POINT ( 'NONE',  ( -65.00000000000000000, 1.500000000000000000, 67.00000000000000000 ) ) ;
#464 = CARTESIAN_POINT ( 'NONE',  ( -65.00000000000001421, 3.250000000000000444, -65.00000000000000000 ) ) ;
#465 = CARTESIAN_POINT ( 'NONE',  ( 70.09999999999999432, 1.500000000000000000, 67.84999999999998010 ) ) ;
#466 = ORIENTED_EDGE ( 'NONE', *, *, #727, .F. ) ;
#467 = CARTESIAN_POINT ( 'NONE',  ( 67.84999999999998010, 0.000000000000000000, 70.09999999999999432 ) ) ;
#468 = ORIENTED_EDGE ( 'NONE', *, *, #369, .F. ) ;
#469 = ORIENTED_EDGE ( 'NONE', *, *, #1217, .T. ) ;
#470 = ADVANCED_FACE ( 'NONE', ( #1201 ), #268, .T. ) ;
#471 = AXIS2_PLACEMENT_3D ( 'NONE', #173, #56, #752 ) ;
#472 = CARTESIAN_POINT ( 'NONE',  ( 70.09999999999999432, 0.000000000000000000, 67.84999999999998010 ) ) ;
#473 = DIRECTION ( 'NONE',  ( 0.000000000000000000, 0.000000000000000000, -1.000000000000000000 ) ) ;
#474 = AXIS2_PLACEMENT_3D ( 'NONE', #312, #217, #670 ) ;
#475 = AXIS2_PLACEMENT_3D ( 'NONE', #737, #155, #162 ) ;
#476 = VERTEX_POINT ( 'NONE', #1227 ) ;
#477 = CARTESIAN_POINT ( 'NONE',  ( 64.99999999999997158, 3.250000000000000444, 67.00000000000000000 ) ) ;
#478 = EDGE_CURVE ( 'NONE', #296, #117, #1031, .T. ) ;
#479 = ORIENTED_EDGE ( 'NONE', *, *, #797, .T. ) ;
#480 = EDGE_CURVE ( 'NONE', #25, #296, #642, .T. ) ;
#481 = ORIENTED_EDGE ( 'NONE', *, *, #1210, .F. ) ;
#482 = DIRECTION ( 'NONE',  ( 0.000000000000000000, 0.000000000000000000, 1.000000000000000000 ) ) ;
#483 = DIRECTION ( 'NONE',  ( 0.000000000000000000, 1.000000000000000000, -0.000000000000000000 ) ) ;
#484 = EDGE_LOOP ( 'NONE', ( #197, #615, #908, #814, #76, #341, #654, #1040 ) ) ;
#485 = CARTESIAN_POINT ( 'NONE',  ( -53.00000000000000000, 3.250000000000000444, -63.00000000000001421 ) ) ;
#486 = ORIENTED_EDGE ( 'NONE', *, *, #1121, .T. ) ;
#487 = CC_DESIGN_DATE_AND_TIME_ASSIGNMENT ( #627, #622, ( #1466 ) ) ;
#488 = DIRECTION ( 'NONE',  ( 0.000000000000000000, 0.000000000000000000, 1.000000000000000000 ) ) ;
#489 = CARTESIAN_POINT ( 'NONE',  ( 61.89999999999998437, 2.250000000000000444, -61.89999999999998437 ) ) ;
#490 = DIRECTION ( 'NONE',  ( 0.000000000000000000, 1.000000000000000000, 0.000000000000000000 ) ) ;
#491 = AXIS2_PLACEMENT_3D ( 'NONE', #1325, #629, #1081 ) ;
#492 = VECTOR ( 'NONE', #1222, 1000.000000000000000 ) ;
#493 = EDGE_CURVE ( 'NONE', #1502, #563, #876, .T. ) ;
#494 = CARTESIAN_POINT ( 'NONE',  ( -61.90000000000001279, 3.250000000000000444, -61.89999999999998437 ) ) ;
#495 = SECURITY_CLASSIFICATION_LEVEL ( 'unclassified' ) ;
#496 = VERTEX_POINT ( 'NONE', #617 ) ;
#497 = ADVANCED_FACE ( 'NONE', ( #953 ), #1426, .F. ) ;
#498 = AXIS2_PLACEMENT_3D ( 'NONE', #723, #1295, #588 ) ;
#499 = CARTESIAN_POINT ( 'NONE',  ( -53.00000000000000000, 1.500000000000000000, -53.00000000000001421 ) ) ;
#500 = CARTESIAN_POINT ( 'NONE',  ( 52.99999999999999289, 2.500000000000000000, 63.00000000000000000 ) ) ;
#501 = VECTOR ( 'NONE', #906, 1000.000000000000000 ) ;
#502 = VECTOR ( 'NONE', #638, 1000.000000000000000 ) ;
#503 = PERSON_AND_ORGANIZATION_ROLE ( 'design_owner' ) ;
#504 = CARTESIAN_POINT ( 'NONE',  ( -63.90000000000002700, 2.250000000000000444, 61.90000000000001279 ) ) ;
#505 = CARTESIAN_POINT ( 'NONE',  ( -66.09999999999998010, 2.250000000000000444, 64.10000000000000853 ) ) ;
#506 = DIRECTION ( 'NONE',  ( 0.000000000000000000, 1.000000000000000000, -0.000000000000000000 ) ) ;
#507 = EDGE_CURVE ( 'NONE', #327, #1133, #1069, .T. ) ;
#508 = MECHANICAL_CONTEXT ( 'NONE', #634, 'mechanical' ) ;
#509 = DIRECTION ( 'NONE',  ( -0.000000000000000000, -0.000000000000000000, 1.000000000000000000 ) ) ;
#510 = DIRECTION ( 'NONE',  ( -0.000000000000000000, -1.000000000000000000, -0.000000000000000000 ) ) ;
#511 = ADVANCED_BREP_SHAPE_REPRESENTATION ( 'Arca141_Lensboard_blank', ( #1339, #135 ), #902 ) ;
#512 = AXIS2_PLACEMENT_3D ( 'NONE', #43, #57, #514 ) ;
#513 = FACE_OUTER_BOUND ( 'NONE', #793, .T. ) ;
#514 = DIRECTION ( 'NONE',  ( 0.000000000000000000, 0.000000000000000000, -1.000000000000000000 ) ) ;
#515 = EDGE_CURVE ( 'NONE', #671, #895, #1223, .T. ) ;
#516 = PLANE ( 'NONE',  #137 ) ;
#517 = LOCAL_TIME ( 0, 13, 21.00000000000000000, #151 ) ;
#518 = APPROVAL_ROLE ( '' ) ;
#519 = AXIS2_PLACEMENT_3D ( 'NONE', #46, #860, #402 ) ;
#520 = VECTOR ( 'NONE', #1307, 1000.000000000000000 ) ;
#521 = ADVANCED_FACE ( 'NONE', ( #610 ), #731, .F. ) ;
#522 = DIRECTION ( 'NONE',  ( -0.000000000000000000, 1.000000000000000000, -0.000000000000000000 ) ) ;
#523 = CARTESIAN_POINT ( 'NONE',  ( 64.10000000000000853, 2.250000000000000444, -64.09999999999998010 ) ) ;
#524 = DIRECTION ( 'NONE',  ( 0.000000000000000000, -0.000000000000000000, -1.000000000000000000 ) ) ;
#525 = CARTESIAN_POINT ( 'NONE',  ( -63.00000000000000000, 3.250000000000000444, -53.00000000000002132 ) ) ;
#526 = CC_DESIGN_PERSON_AND_ORGANIZATION_ASSIGNMENT ( #1448, #403, ( #639 ) ) ;
#527 = DIRECTION ( 'NONE',  ( -1.000000000000000000, -0.000000000000000000, -0.000000000000000000 ) ) ;
#528 = CARTESIAN_POINT ( 'NONE',  ( -61.90000000000001279, 2.250000000000000444, -61.89999999999998437 ) ) ;
#529 = CARTESIAN_POINT ( 'NONE',  ( -64.09999999999998010, 2.250000000000000444, -64.09999999999998010 ) ) ;
#530 = AXIS2_PLACEMENT_3D ( 'NONE', #499, #960, #488 ) ;
#531 = LINE ( 'NONE', #370, #1266 ) ;
#532 = ORIENTED_EDGE ( 'NONE', *, *, #1310, .F. ) ;
#533 = LINE ( 'NONE', #883, #1471 ) ;
#534 = CARTESIAN_POINT ( 'NONE',  ( -53.00000000000000000, 2.500000000000000000, 63.00000000000000000 ) ) ;
#535 = ADVANCED_FACE ( 'NONE', ( #763 ), #854, .F. ) ;
#536 = CIRCLE ( 'NONE', #395, 2.000000000000001776 ) ;
#537 = DIRECTION ( 'NONE',  ( 0.000000000000000000, 1.000000000000000000, -0.000000000000000000 ) ) ;
#538 = ORIENTED_EDGE ( 'NONE', *, *, #1338, .T. ) ;
#539 = DIRECTION ( 'NONE',  ( 0.000000000000000000, 0.000000000000000000, 1.000000000000000000 ) ) ;
#540 = ORIENTED_EDGE ( 'NONE', *, *, #1196, .T. ) ;
#541 = PLANE ( 'NONE',  #354 ) ;
#542 = VECTOR ( 'NONE', #792, 1000.000000000000000 ) ;
#543 = VECTOR ( 'NONE', #637, 1000.000000000000000 ) ;
#544 = CARTESIAN_POINT ( 'NONE',  ( 64.10000000000000853, 3.250000000000000444, -64.09999999999998010 ) ) ;
#545 = LINE ( 'NONE', #428, #502 ) ;
#546 = ORIENTED_EDGE ( 'NONE', *, *, #696, .F. ) ;
#547 = ORIENTED_EDGE ( 'NONE', *, *, #493, .F. ) ;
#548 = DIRECTION ( 'NONE',  ( -0.000000000000000000, 1.000000000000000000, -0.000000000000000000 ) ) ;
#549 = VERTEX_POINT ( 'NONE', #33 ) ;
#550 = CARTESIAN_POINT ( 'NONE',  ( -67.00000000000001421, 1.500000000000000000, 64.99999999999998579 ) ) ;
#551 = PLANE ( 'NONE',  #1200 ) ;
#552 = ADVANCED_FACE ( 'NONE', ( #1083 ), #45, .F. ) ;
#553 = EDGE_CURVE ( 'NONE', #38, #190, #753, .T. ) ;
#554 = LINE ( 'NONE', #998, #1373 ) ;
#555 = ORIENTED_EDGE ( 'NONE', *, *, #493, .T. ) ;
#556 = ORIENTED_EDGE ( 'NONE', *, *, #1096, .T. ) ;
#557 = LINE ( 'NONE', #888, #501 ) ;
#558 = EDGE_LOOP ( 'NONE', ( #216, #1276, #1281, #898 ) ) ;
#559 = CYLINDRICAL_SURFACE ( 'NONE', #47, 2.000000000000001776 ) ;
#560 = LINE ( 'NONE', #694, #1219 ) ;
#561 = ORIENTED_EDGE ( 'NONE', *, *, #114, .F. ) ;
#562 = ORIENTED_EDGE ( 'NONE', *, *, #1285, .F. ) ;
#563 = VERTEX_POINT ( 'NONE', #987 ) ;
#564 = VERTEX_POINT ( 'NONE', #525 ) ;
#565 = ORIENTED_EDGE ( 'NONE', *, *, #828, .F. ) ;
#566 = DIRECTION ( 'NONE',  ( 0.000000000000000000, 0.000000000000000000, -1.000000000000000000 ) ) ;
#567 = CARTESIAN_POINT ( 'NONE',  ( -63.00000000000000000, 1.500000000000000000, 63.00000000000000000 ) ) ;
#568 = AXIS2_PLACEMENT_3D ( 'NONE', #653, #424, #1012 ) ;
#569 = VECTOR ( 'NONE', #707, 1000.000000000000000 ) ;
#570 = DIRECTION ( 'NONE',  ( -0.000000000000000000, 1.000000000000000000, -0.000000000000000000 ) ) ;
#571 = ORIENTED_EDGE ( 'NONE', *, *, #1446, .T. ) ;
#572 = ORIENTED_EDGE ( 'NONE', *, *, #396, .F. ) ;
#573 = VERTEX_POINT ( 'NONE', #647 ) ;
#574 = LINE ( 'NONE', #690, #196 ) ;
#575 = ORIENTED_EDGE ( 'NONE', *, *, #1195, .F. ) ;
#576 = ORIENTED_EDGE ( 'NONE', *, *, #712, .F. ) ;
#577 = FACE_OUTER_BOUND ( 'NONE', #1056, .T. ) ;
#578 = CARTESIAN_POINT ( 'NONE',  ( -67.84999999999999432, 1.500000000000000000, 67.84999999999999432 ) ) ;
#579 = CARTESIAN_POINT ( 'NONE',  ( -67.84999999999998010, 1.500000000000000000, -70.09999999999999432 ) ) ;
#580 = ORIENTED_EDGE ( 'NONE', *, *, #1190, .F. ) ;
#581 = EDGE_CURVE ( 'NONE', #356, #774, #531, .T. ) ;
#582 = VERTEX_POINT ( 'NONE', #307 ) ;
#583 = CARTESIAN_POINT ( 'NONE',  ( -64.09999999999998010, 2.250000000000000444, -66.09999999999998010 ) ) ;
#584 = EDGE_CURVE ( 'NONE', #1433, #1184, #1119, .T. ) ;
#585 = VERTEX_POINT ( 'NONE', #293 ) ;
#586 = VERTEX_POINT ( 'NONE', #427 ) ;
#587 = FACE_OUTER_BOUND ( 'NONE', #688, .T. ) ;
#588 = DIRECTION ( 'NONE',  ( 0.000000000000000000, -0.000000000000000000, -1.000000000000000000 ) ) ;
#589 = EDGE_CURVE ( 'NONE', #1233, #117, #1456, .T. ) ;
#590 = ORIENTED_EDGE ( 'NONE', *, *, #1460, .T. ) ;
#591 = ADVANCED_FACE ( 'NONE', ( #984 ), #1353, .T. ) ;
#592 = LINE ( 'NONE', #348, #810 ) ;
#593 = ORIENTED_EDGE ( 'NONE', *, *, #1310, .T. ) ;
#594 = VERTEX_POINT ( 'NONE', #884 ) ;
#595 = LOCAL_TIME ( 0, 13, 21.00000000000000000, #289 ) ;
#596 = PLANE ( 'NONE',  #762 ) ;
#597 = LINE ( 'NONE', #930, #232 ) ;
#598 = AXIS2_PLACEMENT_3D ( 'NONE', #1305, #483, #1189 ) ;
#599 = CARTESIAN_POINT ( 'NONE',  ( 66.10000000000000853, 3.250000000000000444, 64.10000000000000853 ) ) ;
#600 = ORIENTED_EDGE ( 'NONE', *, *, #480, .T. ) ;
#601 = EDGE_LOOP ( 'NONE', ( #93, #122, #1167, #1501 ) ) ;
#602 = CARTESIAN_POINT ( 'NONE',  ( -64.09999999999998010, 2.250000000000000444, 64.10000000000000853 ) ) ;
#603 = PLANE ( 'NONE',  #181 ) ;
#604 = CARTESIAN_POINT ( 'NONE',  ( 52.99999999999999289, 2.500000000000000000, 63.00000000000000000 ) ) ;
#605 = EDGE_CURVE ( 'NONE', #1049, #213, #1463, .T. ) ;
#606 = EDGE_CURVE ( 'NONE', #691, #1029, #681, .T. ) ;
#607 = DIRECTION ( 'NONE',  ( -0.000000000000000000, 1.000000000000000000, -0.000000000000000000 ) ) ;
#608 = CARTESIAN_POINT ( 'NONE',  ( 64.99999999999998579, 3.250000000000000444, 65.00000000000000000 ) ) ;
#609 = EDGE_CURVE ( 'NONE', #116, #128, #344, .T. ) ;
#610 = FACE_OUTER_BOUND ( 'NONE', #1042, .T. ) ;
#611 = DIRECTION ( 'NONE',  ( 0.000000000000000000, 0.000000000000000000, 1.000000000000000000 ) ) ;
#612 = AXIS2_PLACEMENT_3D ( 'NONE', #1255, #650, #80 ) ;
#613 = VERTEX_POINT ( 'NONE', #1337 ) ;
#614 = CARTESIAN_POINT ( 'NONE',  ( 0.000000000000000000, 0.000000000000000000, 0.000000000000000000 ) ) ;
#615 = ORIENTED_EDGE ( 'NONE', *, *, #480, .F. ) ;
#616 = AXIS2_PLACEMENT_3D ( 'NONE', #7, #460, #811 ) ;
#617 = CARTESIAN_POINT ( 'NONE',  ( 63.00000000000000000, 2.500000000000000000, 53.00000000000000000 ) ) ;
#618 = LINE ( 'NONE', #500, #543 ) ;
#619 = AXIS2_PLACEMENT_3D ( 'NONE', #848, #720, #295 ) ;
#620 = VECTOR ( 'NONE', #643, 1000.000000000000000 ) ;
#621 = AXIS2_PLACEMENT_3D ( 'NONE', #1398, #353, #1274 ) ;
#622 = DATE_TIME_ROLE ( 'classification_date' ) ;
#623 = LINE ( 'NONE', #504, #253 ) ;
#624 = DIRECTION ( 'NONE',  ( 0.000000000000000000, 1.000000000000000000, 0.000000000000000000 ) ) ;
#625 = CIRCLE ( 'NONE', #1091, 2.000000000000001776 ) ;
#626 = COORDINATED_UNIVERSAL_TIME_OFFSET ( 8, 0, .AHEAD. ) ;
#627 = DATE_AND_TIME ( #366, #411 ) ;
#628 = ADVANCED_FACE ( 'NONE', ( #1242 ), #871, .T. ) ;
#629 = DIRECTION ( 'NONE',  ( 0.000000000000000000, 1.000000000000000000, -0.000000000000000000 ) ) ;
#630 = CARTESIAN_POINT ( 'NONE',  ( 52.99999999999999289, 2.500000000000000000, 53.00000000000000000 ) ) ;
#631 = AXIS2_PLACEMENT_3D ( 'NONE', #959, #1094, #281 ) ;
#632 = EDGE_CURVE ( 'NONE', #144, #25, #1101, .T. ) ;
#633 = DIRECTION ( 'NONE',  ( 1.000000000000000000, 0.000000000000000000, 0.000000000000000000 ) ) ;
#634 = APPLICATION_CONTEXT ( 'configuration controlled 3d designs of mechanical parts and assemblies' ) ;
#635 = CARTESIAN_POINT ( 'NONE',  ( -65.00000000000000000, 3.250000000000000444, -67.00000000000000000 ) ) ;
#636 = CIRCLE ( 'NONE', #598, 2.000000000000015543 ) ;
#637 = DIRECTION ( 'NONE',  ( -1.000000000000000000, 0.000000000000000000, 0.000000000000000000 ) ) ;
#638 = DIRECTION ( 'NONE',  ( -0.000000000000000000, -0.000000000000000000, 1.000000000000000000 ) ) ;
#639 = PRODUCT_DEFINITION ( '�', '', #1399, #420 ) ;
#640 = CIRCLE ( 'NONE', #907, 2.000000000000001776 ) ;
#641 = AXIS2_PLACEMENT_3D ( 'NONE', #903, #537, #1007 ) ;
#642 = LINE ( 'NONE', #1220, #159 ) ;
#643 = DIRECTION ( 'NONE',  ( -0.000000000000000000, -0.000000000000000000, 1.000000000000000000 ) ) ;
#644 = CYLINDRICAL_SURFACE ( 'NONE', #98, 2.000000000000001776 ) ;
#645 = ADVANCED_FACE ( 'NONE', ( #787 ), #772, .F. ) ;
#646 = FACE_OUTER_BOUND ( 'NONE', #1249, .T. ) ;
#647 = CARTESIAN_POINT ( 'NONE',  ( -66.09999999999998010, 3.250000000000000444, 64.10000000000000853 ) ) ;
#648 = VERTEX_POINT ( 'NONE', #211 ) ;
#649 = LINE ( 'NONE', #417, #81 ) ;
#650 = DIRECTION ( 'NONE',  ( -0.000000000000000000, 1.000000000000000000, -0.000000000000000000 ) ) ;
#651 = CARTESIAN_POINT ( 'NONE',  ( -53.00000000000000000, 2.500000000000000000, -63.00000000000001421 ) ) ;
#652 = EDGE_LOOP ( 'NONE', ( #1152, #709, #1505, #430 ) ) ;
#653 = CARTESIAN_POINT ( 'NONE',  ( -64.09999999999998010, 3.250000000000000444, 64.10000000000000853 ) ) ;
#654 = ORIENTED_EDGE ( 'NONE', *, *, #1460, .F. ) ;
#655 = CARTESIAN_POINT ( 'NONE',  ( -65.00000000000000000, 3.250000000000000444, -67.00000000000000000 ) ) ;
#656 = CARTESIAN_POINT ( 'NONE',  ( -70.09999999999999432, 0.000000000000000000, 67.84999999999998010 ) ) ;
#657 = DIRECTION ( 'NONE',  ( 0.000000000000000000, 0.000000000000000000, -1.000000000000000000 ) ) ;
#658 = ORIENTED_EDGE ( 'NONE', *, *, #788, .F. ) ;
#659 = EDGE_LOOP ( 'NONE', ( #113, #812, #1270, #1126 ) ) ;
#660 = DIRECTION ( 'NONE',  ( 0.000000000000000000, 0.000000000000000000, -1.000000000000000000 ) ) ;
#661 = ORIENTED_EDGE ( 'NONE', *, *, #981, .F. ) ;
#662 = DIRECTION ( 'NONE',  ( -0.000000000000000000, -1.000000000000000000, -0.000000000000000000 ) ) ;
#663 = AXIS2_PLACEMENT_3D ( 'NONE', #1475, #85, #1134 ) ;
#664 = VECTOR ( 'NONE', #1418, 1000.000000000000000 ) ;
#665 = ADVANCED_FACE ( 'NONE', ( #1112 ), #551, .F. ) ;
#666 = DIRECTION ( 'NONE',  ( 0.000000000000000000, 0.000000000000000000, 1.000000000000000000 ) ) ;
#667 = DIRECTION ( 'NONE',  ( 0.000000000000000000, -1.000000000000000000, 0.000000000000000000 ) ) ;
#668 = ORIENTED_EDGE ( 'NONE', *, *, #718, .F. ) ;
#669 = ORIENTED_EDGE ( 'NONE', *, *, #1139, .F. ) ;
#670 = DIRECTION ( 'NONE',  ( 0.000000000000000000, 0.000000000000000000, -1.000000000000000000 ) ) ;
#671 = VERTEX_POINT ( 'NONE', #656 ) ;
#672 = DIRECTION ( 'NONE',  ( 0.000000000000000000, 0.000000000000000000, -1.000000000000000000 ) ) ;
#673 = PLANE ( 'NONE',  #105 ) ;
#674 = ORIENTED_EDGE ( 'NONE', *, *, #942, .F. ) ;
#675 = DIRECTION ( 'NONE',  ( -1.000000000000000000, 0.000000000000000000, -0.000000000000000000 ) ) ;
#676 = ORIENTED_EDGE ( 'NONE', *, *, #606, .T. ) ;
#677 = VERTEX_POINT ( 'NONE', #63 ) ;
#678 = FACE_OUTER_BOUND ( 'NONE', #245, .T. ) ;
#679 = EDGE_LOOP ( 'NONE', ( #917, #1145, #1425, #685 ) ) ;
#680 = ORIENTED_EDGE ( 'NONE', *, *, #1260, .T. ) ;
#681 = CIRCLE ( 'NONE', #990, 2.000000000000001776 ) ;
#682 = DIRECTION ( 'NONE',  ( -0.000000000000000000, 1.000000000000000000, -0.000000000000000000 ) ) ;
#683 = DIRECTION ( 'NONE',  ( -0.000000000000000000, -1.000000000000000000, -0.000000000000000000 ) ) ;
#684 = DIRECTION ( 'NONE',  ( 0.000000000000000000, 0.000000000000000000, -1.000000000000000000 ) ) ;
#685 = ORIENTED_EDGE ( 'NONE', *, *, #899, .F. ) ;
#686 = CIRCLE ( 'NONE', #837, 2.250000000000001776 ) ;
#687 = ORIENTED_EDGE ( 'NONE', *, *, #1346, .T. ) ;
#688 = EDGE_LOOP ( 'NONE', ( #839, #1028, #422, #112 ) ) ;
#689 = ADVANCED_FACE ( 'NONE', ( #891 ), #644, .T. ) ;
#690 = CARTESIAN_POINT ( 'NONE',  ( -67.84999999999998010, 1.500000000000000000, -70.09999999999999432 ) ) ;
#691 = VERTEX_POINT ( 'NONE', #1486 ) ;
#692 = ORIENTED_EDGE ( 'NONE', *, *, #1260, .F. ) ;
#693 = CARTESIAN_POINT ( 'NONE',  ( 63.89999999999998437, 2.250000000000000444, 61.90000000000001279 ) ) ;
#694 = CARTESIAN_POINT ( 'NONE',  ( -70.09999999999999432, 1.500000000000000000, 67.84999999999998010 ) ) ;
#695 = DIRECTION ( 'NONE',  ( 0.000000000000000000, 0.000000000000000000, -1.000000000000000000 ) ) ;
#696 = EDGE_CURVE ( 'NONE', #1257, #613, #1421, .T. ) ;
#697 = ORIENTED_EDGE ( 'NONE', *, *, #1333, .T. ) ;
#698 = ORIENTED_EDGE ( 'NONE', *, *, #330, .T. ) ;
#699 = FACE_OUTER_BOUND ( 'NONE', #1474, .T. ) ;
#700 = VERTEX_POINT ( 'NONE', #534 ) ;
#701 = ORIENTED_EDGE ( 'NONE', *, *, #985, .F. ) ;
#702 = CARTESIAN_POINT ( 'NONE',  ( 66.99999999999998579, 1.500000000000000000, -64.99999999999998579 ) ) ;
#703 = EDGE_CURVE ( 'NONE', #774, #38, #290, .T. ) ;
#704 = PLANE ( 'NONE',  #498 ) ;
#705 = PRODUCT ( 'Arca141_Lensboard_blank', 'Arca141_Lensboard_blank', '', ( #508 ) ) ;
#706 = ORIENTED_EDGE ( 'NONE', *, *, #416, .T. ) ;
#707 = DIRECTION ( 'NONE',  ( 1.000000000000000000, 0.000000000000000000, 0.000000000000000000 ) ) ;
#708 = VERTEX_POINT ( 'NONE', #989 ) ;
#709 = ORIENTED_EDGE ( 'NONE', *, *, #255, .T. ) ;
#710 = DIRECTION ( 'NONE',  ( 0.000000000000000000, 0.000000000000000000, 1.000000000000000000 ) ) ;
#711 = CARTESIAN_POINT ( 'NONE',  ( -64.09999999999998010, 2.250000000000000444, -66.09999999999998010 ) ) ;
#712 = EDGE_CURVE ( 'NONE', #1257, #116, #995, .T. ) ;
#713 = VERTEX_POINT ( 'NONE', #192 ) ;
#714 = DIRECTION ( 'NONE',  ( 0.000000000000000000, 0.000000000000000000, 1.000000000000000000 ) ) ;
#715 = ORIENTED_EDGE ( 'NONE', *, *, #507, .F. ) ;
#716 = EDGE_LOOP ( 'NONE', ( #1400, #701, #799, #802 ) ) ;
#717 = CC_DESIGN_APPROVAL ( #212, ( #1466 ) ) ;
#718 = EDGE_CURVE ( 'NONE', #823, #144, #878, .T. ) ;
#719 = ADVANCED_FACE ( 'NONE', ( #97 ), #806, .F. ) ;
#720 = DIRECTION ( 'NONE',  ( 0.000000000000000000, 1.000000000000000000, -0.000000000000000000 ) ) ;
#721 = DIRECTION ( 'NONE',  ( -0.000000000000000000, 1.000000000000000000, -0.000000000000000000 ) ) ;
#722 = AXIS2_PLACEMENT_3D ( 'NONE', #1108, #1256, #886 ) ;
#723 = CARTESIAN_POINT ( 'NONE',  ( -64.09999999999998010, 2.250000000000000444, 64.10000000000000853 ) ) ;
#724 = VECTOR ( 'NONE', #193, 1000.000000000000000 ) ;
#725 = CARTESIAN_POINT ( 'NONE',  ( 66.99999999999998579, 3.250000000000000444, 64.99999999999998579 ) ) ;
#726 = PLANE ( 'NONE',  #512 ) ;
#727 = EDGE_CURVE ( 'NONE', #227, #594, #1273, .T. ) ;
#728 = CARTESIAN_POINT ( 'NONE',  ( 66.99999999999998579, 3.250000000000000444, 64.99999999999998579 ) ) ;
#729 = CARTESIAN_POINT ( 'NONE',  ( 67.84999999999999432, 1.500000000000000000, 67.84999999999999432 ) ) ;
#730 = LINE ( 'NONE', #1321, #1141 ) ;
#731 = CYLINDRICAL_SURFACE ( 'NONE', #530, 10.00000000000000178 ) ;
#732 = DIRECTION ( 'NONE',  ( -1.000000000000000000, 0.000000000000000000, 0.000000000000000000 ) ) ;
#733 = CARTESIAN_POINT ( 'NONE',  ( 66.99999999999998579, 1.500000000000000000, 64.99999999999998579 ) ) ;
#734 = APPROVAL_STATUS ( 'not_yet_approved' ) ;
#735 = FACE_OUTER_BOUND ( 'NONE', #798, .T. ) ;
#736 = VECTOR ( 'NONE', #1298, 1000.000000000000000 ) ;
#737 = CARTESIAN_POINT ( 'NONE',  ( -67.84999999999999432, 1.500000000000000000, -67.84999999999999432 ) ) ;
#738 = EDGE_CURVE ( 'NONE', #832, #1240, #343, .T. ) ;
#739 = EDGE_CURVE ( 'NONE', #1413, #84, #560, .T. ) ;
#740 = CIRCLE ( 'NONE', #475, 2.250000000000001776 ) ;
#741 = DIRECTION ( 'NONE',  ( 0.000000000000000000, 0.000000000000000000, 1.000000000000000000 ) ) ;
#742 = COORDINATED_UNIVERSAL_TIME_OFFSET ( 8, 0, .AHEAD. ) ;
#743 = CARTESIAN_POINT ( 'NONE',  ( -67.84999999999999432, 1.500000000000000000, -67.84999999999999432 ) ) ;
#744 = CARTESIAN_POINT ( 'NONE',  ( 52.99999999999999289, 3.250000000000000444, -63.00000000000001421 ) ) ;
#745 = ADVANCED_FACE ( 'NONE', ( #107 ), #673, .T. ) ;
#746 = EDGE_CURVE ( 'NONE', #213, #1382, #1137, .T. ) ;
#747 = LINE ( 'NONE', #850, #1243 ) ;
#748 = CYLINDRICAL_SURFACE ( 'NONE', #1060, 10.00000000000000178 ) ;
#749 = DIRECTION ( 'NONE',  ( 0.000000000000000000, -1.000000000000000000, 0.000000000000000000 ) ) ;
#750 = CC_DESIGN_PERSON_AND_ORGANIZATION_ASSIGNMENT ( #280, #1299, ( #1466 ) ) ;
#751 = VECTOR ( 'NONE', #857, 1000.000000000000000 ) ;
#752 = DIRECTION ( 'NONE',  ( 1.000000000000000000, 0.000000000000000000, 0.000000000000000000 ) ) ;
#753 = LINE ( 'NONE', #1109, #1336 ) ;
#754 = CARTESIAN_POINT ( 'NONE',  ( 64.10000000000000853, 2.250000000000000444, 64.10000000000000853 ) ) ;
#755 = ADVANCED_FACE ( 'NONE', ( #929 ), #910, .T. ) ;
#756 = VECTOR ( 'NONE', #333, 1000.000000000000000 ) ;
#757 = CARTESIAN_POINT ( 'NONE',  ( -64.09999999999998010, 2.250000000000000444, 66.10000000000000853 ) ) ;
#758 = APPROVAL_ROLE ( '' ) ;
#759 = CARTESIAN_POINT ( 'NONE',  ( -63.90000000000002700, 2.250000000000000444, 61.90000000000001279 ) ) ;
#760 = AXIS2_PLACEMENT_3D ( 'NONE', #1193, #1342, #841 ) ;
#761 = PERSON ( '未', '未', '未', ('未'), ('未'), ('未') ) ;
#762 = AXIS2_PLACEMENT_3D ( 'NONE', #214, #1142, #675 ) ;
#763 = FACE_OUTER_BOUND ( 'NONE', #1157, .T. ) ;
#764 = ADVANCED_FACE ( 'NONE', ( #795 ), #11, .F. ) ;
#765 = EDGE_LOOP ( 'NONE', ( #139, #956, #1179, #230, #1074, #896, #1238, #904 ) ) ;
#766 = CARTESIAN_POINT ( 'NONE',  ( -67.00000000000001421, 3.250000000000000444, 64.99999999999998579 ) ) ;
#767 = DIRECTION ( 'NONE',  ( 0.000000000000000000, 1.000000000000000000, -0.000000000000000000 ) ) ;
#768 = DIRECTION ( 'NONE',  ( 0.000000000000000000, -0.000000000000000000, -1.000000000000000000 ) ) ;
#769 = CARTESIAN_POINT ( 'NONE',  ( 61.89999999999998437, 2.250000000000000444, -63.89999999999998437 ) ) ;
#770 = VERTEX_POINT ( 'NONE', #1380 ) ;
#771 = CARTESIAN_POINT ( 'NONE',  ( -63.00000000000000000, 3.250000000000000444, 53.00000000000000000 ) ) ;
#772 = PLANE ( 'NONE',  #150 ) ;
#773 = CARTESIAN_POINT ( 'NONE',  ( 70.09999999999999432, 1.500000000000000000, -67.84999999999998010 ) ) ;
#774 = VERTEX_POINT ( 'NONE', #1177 ) ;
#775 = DIRECTION ( 'NONE',  ( -0.000000000000000000, -0.000000000000000000, 1.000000000000000000 ) ) ;
#776 = ORIENTED_EDGE ( 'NONE', *, *, #1226, .T. ) ;
#777 = CARTESIAN_POINT ( 'NONE',  ( -61.90000000000001279, 2.250000000000000444, 63.90000000000002700 ) ) ;
#778 = CARTESIAN_POINT ( 'NONE',  ( -53.00000000000000000, 0.000000000000000000, -63.00000000000001421 ) ) ;
#779 = VECTOR ( 'NONE', #365, 1000.000000000000000 ) ;
#780 = LINE ( 'NONE', #301, #843 ) ;
#781 = EDGE_LOOP ( 'NONE', ( #206, #367, #924, #914 ) ) ;
#782 = ORIENTED_EDGE ( 'NONE', *, *, #892, .F. ) ;
#783 = CARTESIAN_POINT ( 'NONE',  ( 70.09999999999999432, 0.000000000000000000, 67.84999999999998010 ) ) ;
#784 = CIRCLE ( 'NONE', #641, 2.000000000000015543 ) ;
#785 = ORIENTED_EDGE ( 'NONE', *, *, #316, .T. ) ;
#786 = DIRECTION ( 'NONE',  ( 0.000000000000000000, -1.000000000000000000, 0.000000000000000000 ) ) ;
#787 = FACE_OUTER_BOUND ( 'NONE', #130, .T. ) ;
#788 = EDGE_CURVE ( 'NONE', #691, #648, #143, .T. ) ;
#789 = DIRECTION ( 'NONE',  ( 0.000000000000000000, 0.000000000000000000, -1.000000000000000000 ) ) ;
#790 = VERTEX_POINT ( 'NONE', #807 ) ;
#791 = ORIENTED_EDGE ( 'NONE', *, *, #1195, .T. ) ;
#792 = DIRECTION ( 'NONE',  ( 0.000000000000000000, -1.000000000000000000, 0.000000000000000000 ) ) ;
#793 = EDGE_LOOP ( 'NONE', ( #8, #936, #246, #1135 ) ) ;
#794 = LINE ( 'NONE', #332, #52 ) ;
#795 = FACE_OUTER_BOUND ( 'NONE', #104, .T. ) ;
#796 = CARTESIAN_POINT ( 'NONE',  ( -65.00000000000000000, 3.250000000000000444, -67.00000000000000000 ) ) ;
#797 = EDGE_CURVE ( 'NONE', #1029, #585, #1052, .T. ) ;
#798 = EDGE_LOOP ( 'NONE', ( #1406, #1199, #78, #571 ) ) ;
#799 = ORIENTED_EDGE ( 'NONE', *, *, #51, .T. ) ;
#800 = VERTEX_POINT ( 'NONE', #941 ) ;
#801 = CYLINDRICAL_SURFACE ( 'NONE', #859, 2.000000000000001776 ) ;
#802 = ORIENTED_EDGE ( 'NONE', *, *, #179, .F. ) ;
#803 = ORIENTED_EDGE ( 'NONE', *, *, #892, .T. ) ;
#804 = VECTOR ( 'NONE', #1360, 1000.000000000000000 ) ;
#805 = CARTESIAN_POINT ( 'NONE',  ( 66.10000000000000853, 2.250000000000000444, 64.10000000000000853 ) ) ;
#806 = PLANE ( 'NONE',  #1079 ) ;
#807 = CARTESIAN_POINT ( 'NONE',  ( -63.90000000000002700, 3.250000000000000444, 61.90000000000001279 ) ) ;
#808 = ORIENTED_EDGE ( 'NONE', *, *, #1027, .F. ) ;
#809 = VERTEX_POINT ( 'NONE', #1389 ) ;
#810 = VECTOR ( 'NONE', #1064, 1000.000000000000000 ) ;
#811 = DIRECTION ( 'NONE',  ( 0.000000000000000000, 0.000000000000000000, -1.000000000000000000 ) ) ;
#812 = ORIENTED_EDGE ( 'NONE', *, *, #277, .F. ) ;
#813 = ADVANCED_FACE ( 'NONE', ( #334 ), #1410, .T. ) ;
#814 = ORIENTED_EDGE ( 'NONE', *, *, #1065, .F. ) ;
#815 = LINE ( 'NONE', #928, #885 ) ;
#816 = AXIS2_PLACEMENT_3D ( 'NONE', #1416, #273, #141 ) ;
#817 = CIRCLE ( 'NONE', #160, 2.000000000000001776 ) ;
#818 = CIRCLE ( 'NONE', #203, 2.000000000000001776 ) ;
#819 = CARTESIAN_POINT ( 'NONE',  ( 67.84999999999999432, 1.500000000000000000, 67.84999999999999432 ) ) ;
#820 = ORIENTED_EDGE ( 'NONE', *, *, #515, .T. ) ;
#821 = LINE ( 'NONE', #1191, #569 ) ;
#822 = ORIENTED_EDGE ( 'NONE', *, *, #1138, .F. ) ;
#823 = VERTEX_POINT ( 'NONE', #796 ) ;
#824 = ADVANCED_FACE ( 'NONE', ( #345 ), #1170, .F. ) ;
#825 = CARTESIAN_POINT ( 'NONE',  ( 66.10000000000000853, 2.250000000000000444, -64.09999999999998010 ) ) ;
#826 = DIRECTION ( 'NONE',  ( 0.000000000000000000, 0.000000000000000000, -1.000000000000000000 ) ) ;
#827 = VERTEX_POINT ( 'NONE', #604 ) ;
#828 = EDGE_CURVE ( 'NONE', #1374, #1240, #686, .T. ) ;
#829 = LINE ( 'NONE', #599, #736 ) ;
#830 = ADVANCED_FACE ( 'NONE', ( #1063, #262 ), #704, .F. ) ;
#831 = ORIENTED_EDGE ( 'NONE', *, *, #1315, .F. ) ;
#832 = VERTEX_POINT ( 'NONE', #948 ) ;
#833 = CLOSED_SHELL ( 'NONE', ( #336, #591, #745, #1235, #1037, #1114, #308, #521, #1149, #132, #1329, #755, #824, #875, #1011, #813, #665, #28, #54, #1092, #363, #270, #91, #645, #1423, #719, #470, #764, #497, #552, #1178, #435, #535, #176, #153, #1479, #830, #628, #423, #1251, #243, #689, #1292, #86, #309, #1082 ) ) ;
#834 = DIRECTION ( 'NONE',  ( -1.000000000000000000, -0.000000000000000000, -0.000000000000000000 ) ) ;
#835 = DIRECTION ( 'NONE',  ( 0.000000000000000000, 0.000000000000000000, 1.000000000000000000 ) ) ;
#836 = CYLINDRICAL_SURFACE ( 'NONE', #282, 2.250000000000001776 ) ;
#837 = AXIS2_PLACEMENT_3D ( 'NONE', #1264, #120, #912 ) ;
#838 = LINE ( 'NONE', #725, #520 ) ;
#839 = ORIENTED_EDGE ( 'NONE', *, *, #985, .T. ) ;
#840 = VECTOR ( 'NONE', #1384, 1000.000000000000000 ) ;
#841 = DIRECTION ( 'NONE',  ( 0.000000000000000000, 0.000000000000000000, -1.000000000000000000 ) ) ;
#842 = VECTOR ( 'NONE', #378, 1000.000000000000000 ) ;
#843 = VECTOR ( 'NONE', #205, 1000.000000000000000 ) ;
#844 = DIRECTION ( 'NONE',  ( 0.000000000000000000, 1.000000000000000000, -0.000000000000000000 ) ) ;
#845 = CIRCLE ( 'NONE', #1186, 2.000000000000001776 ) ;
#846 =( LENGTH_UNIT ( ) NAMED_UNIT ( * ) SI_UNIT ( .MILLI., .METRE. ) );
#847 = ORIENTED_EDGE ( 'NONE', *, *, #330, .F. ) ;
#848 = CARTESIAN_POINT ( 'NONE',  ( 67.84999999999999432, 1.500000000000000000, -67.84999999999999432 ) ) ;
#849 = DIRECTION ( 'NONE',  ( 0.000000000000000000, 1.000000000000000000, 0.000000000000000000 ) ) ;
#850 = CARTESIAN_POINT ( 'NONE',  ( -63.00000000000000000, 0.000000000000000000, 53.00000000000000000 ) ) ;
#851 = CALENDAR_DATE ( 2026, 15, 9 ) ;
#852 = DIRECTION ( 'NONE',  ( 0.000000000000000000, 0.000000000000000000, 1.000000000000000000 ) ) ;
#853 = EDGE_CURVE ( 'NONE', #84, #671, #597, .T. ) ;
#854 = CYLINDRICAL_SURFACE ( 'NONE', #1462, 2.000000000000001776 ) ;
#855 = PLANE ( 'NONE',  #1452 ) ;
#856 = EDGE_CURVE ( 'NONE', #237, #800, #252, .T. ) ;
#857 = DIRECTION ( 'NONE',  ( 1.000000000000000000, 0.000000000000000000, 0.000000000000000000 ) ) ;
#858 = EDGE_CURVE ( 'NONE', #1171, #809, #27, .T. ) ;
#859 = AXIS2_PLACEMENT_3D ( 'NONE', #1055, #1269, #1173 ) ;
#860 = DIRECTION ( 'NONE',  ( 0.000000000000000000, 1.000000000000000000, -0.000000000000000000 ) ) ;
#861 = VECTOR ( 'NONE', #391, 1000.000000000000000 ) ;
#862 = VECTOR ( 'NONE', #195, 1000.000000000000000 ) ;
#863 = AXIS2_PLACEMENT_3D ( 'NONE', #963, #849, #1319 ) ;
#864 = CALENDAR_DATE ( 2026, 15, 9 ) ;
#865 = LINE ( 'NONE', #404, #202 ) ;
#866 = CARTESIAN_POINT ( 'NONE',  ( -53.00000000000000000, 2.500000000000000000, -53.00000000000001421 ) ) ;
#867 = DATE_AND_TIME ( #864, #381 ) ;
#868 = EDGE_CURVE ( 'NONE', #1175, #227, #636, .T. ) ;
#869 = EDGE_CURVE ( 'NONE', #832, #1252, #19, .T. ) ;
#870 = CARTESIAN_POINT ( 'NONE',  ( -64.09999999999998010, 3.250000000000000444, 66.10000000000000853 ) ) ;
#871 = CYLINDRICAL_SURFACE ( 'NONE', #612, 2.000000000000008882 ) ;
#872 = AXIS2_PLACEMENT_3D ( 'NONE', #544, #187, #434 ) ;
#873 = EDGE_CURVE ( 'NONE', #350, #1300, #1472, .T. ) ;
#874 = LINE ( 'NONE', #880, #325 ) ;
#875 = ADVANCED_FACE ( 'NONE', ( #4 ), #836, .T. ) ;
#876 = LINE ( 'NONE', #1302, #842 ) ;
#877 = PLANE ( 'NONE',  #1327 ) ;
#878 = CIRCLE ( 'NONE', #1306, 2.000000000000001776 ) ;
#879 = CARTESIAN_POINT ( 'NONE',  ( -67.00000000000001421, 3.250000000000000444, -64.99999999999998579 ) ) ;
#880 = CARTESIAN_POINT ( 'NONE',  ( -64.09999999999998010, 3.250000000000000444, -66.09999999999998010 ) ) ;
#881 = PLANE ( 'NONE',  #1404 ) ;
#882 = ORIENTED_EDGE ( 'NONE', *, *, #163, .T. ) ;
#883 = CARTESIAN_POINT ( 'NONE',  ( 63.00000000000000000, 2.500000000000000000, -53.00000000000002132 ) ) ;
#884 = CARTESIAN_POINT ( 'NONE',  ( 61.89999999999998437, 2.250000000000000444, 63.90000000000002700 ) ) ;
#885 = VECTOR ( 'NONE', #242, 1000.000000000000000 ) ;
#886 = DIRECTION ( 'NONE',  ( 0.000000000000000000, 0.000000000000000000, 1.000000000000000000 ) ) ;
#887 = ORIENTED_EDGE ( 'NONE', *, *, #385, .T. ) ;
#888 = CARTESIAN_POINT ( 'NONE',  ( -67.84999999999998010, 0.000000000000000000, -70.09999999999999432 ) ) ;
#889 = EDGE_LOOP ( 'NONE', ( #820, #945, #661, #1154 ) ) ;
#890 = DIRECTION ( 'NONE',  ( -0.000000000000000000, 1.000000000000000000, -0.000000000000000000 ) ) ;
#891 = FACE_OUTER_BOUND ( 'NONE', #357, .T. ) ;
#892 = EDGE_CURVE ( 'NONE', #918, #1257, #447, .T. ) ;
#893 = CIRCLE ( 'NONE', #1361, 9.999999999999994671 ) ;
#894 = CARTESIAN_POINT ( 'NONE',  ( -67.84999999999998010, 0.000000000000000000, 70.09999999999999432 ) ) ;
#895 = VERTEX_POINT ( 'NONE', #1151 ) ;
#896 = ORIENTED_EDGE ( 'NONE', *, *, #856, .T. ) ;
#897 = FACE_OUTER_BOUND ( 'NONE', #652, .T. ) ;
#898 = ORIENTED_EDGE ( 'NONE', *, *, #1495, .T. ) ;
#899 = EDGE_CURVE ( 'NONE', #700, #5, #108, .T. ) ;
#900 = DIRECTION ( 'NONE',  ( 0.000000000000000000, -0.000000000000000000, -1.000000000000000000 ) ) ;
#901 = DIRECTION ( 'NONE',  ( 0.000000000000000000, 0.000000000000000000, 1.000000000000000000 ) ) ;
#902 =( GEOMETRIC_REPRESENTATION_CONTEXT ( 3 ) GLOBAL_UNCERTAINTY_ASSIGNED_CONTEXT ( ( #997 ) ) GLOBAL_UNIT_ASSIGNED_CONTEXT ( ( #846, #1314, #1212 ) ) REPRESENTATION_CONTEXT ( 'NONE', 'WORKASPACE' ) );
#903 = CARTESIAN_POINT ( 'NONE',  ( -61.90000000000001279, 3.250000000000000444, 61.90000000000001279 ) ) ;
#904 = ORIENTED_EDGE ( 'NONE', *, *, #739, .T. ) ;
#905 = ORIENTED_EDGE ( 'NONE', *, *, #911, .T. ) ;
#906 = DIRECTION ( 'NONE',  ( -1.000000000000000000, -0.000000000000000000, -0.000000000000000000 ) ) ;
#907 = AXIS2_PLACEMENT_3D ( 'NONE', #1457, #65, #789 ) ;
#908 = ORIENTED_EDGE ( 'NONE', *, *, #1121, .F. ) ;
#909 = DIRECTION ( 'NONE',  ( -0.000000000000000000, -1.000000000000000000, -0.000000000000000000 ) ) ;
#910 = CYLINDRICAL_SURFACE ( 'NONE', #1150, 2.250000000000001776 ) ;
#911 = EDGE_CURVE ( 'NONE', #770, #440, #818, .T. ) ;
#912 = DIRECTION ( 'NONE',  ( 0.000000000000000000, 0.000000000000000000, 1.000000000000000000 ) ) ;
#913 = ORIENTED_EDGE ( 'NONE', *, *, #746, .F. ) ;
#914 = ORIENTED_EDGE ( 'NONE', *, *, #286, .T. ) ;
#915 = ORIENTED_EDGE ( 'NONE', *, *, #952, .F. ) ;
#916 = CARTESIAN_POINT ( 'NONE',  ( -67.84999999999999432, 0.000000000000000000, 67.84999999999999432 ) ) ;
#917 = ORIENTED_EDGE ( 'NONE', *, *, #369, .T. ) ;
#918 = VERTEX_POINT ( 'NONE', #278 ) ;
#919 = CARTESIAN_POINT ( 'NONE',  ( 64.99999999999998579, 3.250000000000000444, 65.00000000000000000 ) ) ;
#920 = EDGE_CURVE ( 'NONE', #1413, #1300, #170, .T. ) ;
#921 = CARTESIAN_POINT ( 'NONE',  ( -65.00000000000000000, 3.250000000000000444, -67.00000000000000000 ) ) ;
#922 = DIRECTION ( 'NONE',  ( -0.000000000000000000, -0.000000000000000000, 1.000000000000000000 ) ) ;
#923 = ORIENTED_EDGE ( 'NONE', *, *, #1213, .T. ) ;
#924 = ORIENTED_EDGE ( 'NONE', *, *, #64, .T. ) ;
#925 = LINE ( 'NONE', #115, #352 ) ;
#926 = ORIENTED_EDGE ( 'NONE', *, *, #385, .F. ) ;
#927 = ORIENTED_EDGE ( 'NONE', *, *, #788, .T. ) ;
#928 = CARTESIAN_POINT ( 'NONE',  ( -63.00000000000000000, 2.500000000000000000, 53.00000000000000000 ) ) ;
#929 = FACE_OUTER_BOUND ( 'NONE', #889, .T. ) ;
#930 = CARTESIAN_POINT ( 'NONE',  ( -70.09999999999999432, 1.500000000000000000, 67.84999999999998010 ) ) ;
#931 = ORIENTED_EDGE ( 'NONE', *, *, #255, .F. ) ;
#932 = ORGANIZATION ( '未', '未', '' ) ;
#933 = ORIENTED_EDGE ( 'NONE', *, *, #1059, .T. ) ;
#934 = DIRECTION ( 'NONE',  ( 0.000000000000000000, 0.000000000000000000, -1.000000000000000000 ) ) ;
#935 = EDGE_CURVE ( 'NONE', #582, #832, #161, .T. ) ;
#936 = ORIENTED_EDGE ( 'NONE', *, *, #1196, .F. ) ;
#937 = ORIENTED_EDGE ( 'NONE', *, *, #14, .F. ) ;
#938 = VECTOR ( 'NONE', #1118, 1000.000000000000000 ) ;
#939 = AXIS2_PLACEMENT_3D ( 'NONE', #1447, #844, #1313 ) ;
#940 = FACE_OUTER_BOUND ( 'NONE', #257, .T. ) ;
#941 = CARTESIAN_POINT ( 'NONE',  ( -67.84999999999998010, 1.500000000000000000, -70.09999999999999432 ) ) ;
#942 = EDGE_CURVE ( 'NONE', #185, #476, #1078, .T. ) ;
#943 = ORIENTED_EDGE ( 'NONE', *, *, #69, .T. ) ;
#944 = CARTESIAN_POINT ( 'NONE',  ( 64.10000000000000853, 3.250000000000000444, 64.10000000000000853 ) ) ;
#945 = ORIENTED_EDGE ( 'NONE', *, *, #1495, .F. ) ;
#946 = ORIENTED_EDGE ( 'NONE', *, *, #1285, .T. ) ;
#947 = DIRECTION ( 'NONE',  ( 0.000000000000000000, 1.000000000000000000, 0.000000000000000000 ) ) ;
#948 = CARTESIAN_POINT ( 'NONE',  ( 70.09999999999999432, 1.500000000000000000, 67.84999999999998010 ) ) ;
#949 = CARTESIAN_POINT ( 'NONE',  ( 63.00000000000000000, 2.500000000000000000, -53.00000000000002132 ) ) ;
#950 = ORIENTED_EDGE ( 'NONE', *, *, #581, .F. ) ;
#951 = AXIS2_PLACEMENT_3D ( 'NONE', #523, #767, #182 ) ;
#952 = EDGE_CURVE ( 'NONE', #136, #564, #1453, .T. ) ;
#953 = FACE_OUTER_BOUND ( 'NONE', #432, .T. ) ;
#954 = CARTESIAN_POINT ( 'NONE',  ( 70.09999999999999432, 1.500000000000000000, 67.84999999999998010 ) ) ;
#955 = AXIS2_PLACEMENT_3D ( 'NONE', #1045, #1263, #473 ) ;
#956 = ORIENTED_EDGE ( 'NONE', *, *, #1407, .T. ) ;
#957 = DIRECTION ( 'NONE',  ( -0.000000000000000000, 1.000000000000000000, -0.000000000000000000 ) ) ;
#958 = PERSON_AND_ORGANIZATION ( #761, #932 ) ;
#959 = CARTESIAN_POINT ( 'NONE',  ( 52.99999999999999289, 3.250000000000000444, 53.00000000000000000 ) ) ;
#960 = DIRECTION ( 'NONE',  ( 0.000000000000000000, 1.000000000000000000, -0.000000000000000000 ) ) ;
#961 = CC_DESIGN_PERSON_AND_ORGANIZATION_ASSIGNMENT ( #958, #37, ( #1399 ) ) ;
#962 = AXIS2_PLACEMENT_3D ( 'NONE', #1021, #1483, #539 ) ;
#963 = CARTESIAN_POINT ( 'NONE',  ( 61.89999999999998437, 2.250000000000000444, 61.90000000000001279 ) ) ;
#964 = VECTOR ( 'NONE', #145, 1000.000000000000000 ) ;
#965 = APPLICATION_PROTOCOL_DEFINITION ( 'international standard', 'config_control_design', 1994, #1401 ) ;
#966 = APPROVAL_DATE_TIME ( #1432, #212 ) ;
#967 = CARTESIAN_POINT ( 'NONE',  ( 63.00000000000000000, 0.000000000000000000, -53.00000000000002132 ) ) ;
#968 = AXIS2_PLACEMENT_3D ( 'NONE', #351, #1044, #10 ) ;
#969 = DIRECTION ( 'NONE',  ( -0.000000000000000000, -0.000000000000000000, 1.000000000000000000 ) ) ;
#970 = LINE ( 'NONE', #1442, #861 ) ;
#971 = EDGE_CURVE ( 'NONE', #124, #563, #355, .T. ) ;
#972 = CALENDAR_DATE ( 2026, 15, 9 ) ;
#973 = FACE_OUTER_BOUND ( 'NONE', #349, .T. ) ;
#974 = CARTESIAN_POINT ( 'NONE',  ( -63.00000000000000000, 1.500000000000000000, -53.00000000000001421 ) ) ;
#975 = DIRECTION ( 'NONE',  ( 0.000000000000000000, -1.000000000000000000, 0.000000000000000000 ) ) ;
#976 = DIRECTION ( 'NONE',  ( 0.000000000000000000, 0.000000000000000000, -1.000000000000000000 ) ) ;
#977 = APPROVAL_PERSON_ORGANIZATION ( #1208, #1303, #758 ) ;
#978 = DIRECTION ( 'NONE',  ( 0.000000000000000000, 1.000000000000000000, -0.000000000000000000 ) ) ;
#979 = AXIS2_PLACEMENT_3D ( 'NONE', #1205, #490, #1427 ) ;
#980 = EDGE_CURVE ( 'NONE', #827, #700, #618, .T. ) ;
#981 = EDGE_CURVE ( 'NONE', #84, #439, #1247, .T. ) ;
#982 = PERSON_AND_ORGANIZATION ( #761, #932 ) ;
#983 = CARTESIAN_POINT ( 'NONE',  ( -67.00000000000001421, 3.250000000000000444, 64.99999999999998579 ) ) ;
#984 = FACE_OUTER_BOUND ( 'NONE', #1301, .T. ) ;
#985 = EDGE_CURVE ( 'NONE', #1267, #827, #1437, .T. ) ;
#986 = CARTESIAN_POINT ( 'NONE',  ( 67.84999999999998010, 1.500000000000000000, 70.09999999999999432 ) ) ;
#987 = CARTESIAN_POINT ( 'NONE',  ( 64.99999999999997158, 1.500000000000000000, -67.00000000000000000 ) ) ;
#988 = CARTESIAN_POINT ( 'NONE',  ( -63.00000000000000000, 2.500000000000000000, 53.00000000000000000 ) ) ;
#989 = CARTESIAN_POINT ( 'NONE',  ( 63.89999999999998437, 2.250000000000000444, 61.90000000000001279 ) ) ;
#990 = AXIS2_PLACEMENT_3D ( 'NONE', #409, #317, #405 ) ;
#991 = DIRECTION ( 'NONE',  ( 0.000000000000000000, -1.000000000000000000, 0.000000000000000000 ) ) ;
#992 = CARTESIAN_POINT ( 'NONE',  ( -64.09999999999998010, 2.250000000000000444, -66.09999999999998010 ) ) ;
#993 = ORIENTED_EDGE ( 'NONE', *, *, #703, .T. ) ;
#994 = CARTESIAN_POINT ( 'NONE',  ( 53.00000000000000000, 2.500000000000000000, -63.00000000000001421 ) ) ;
#995 = LINE ( 'NONE', #1469, #437 ) ;
#996 = APPROVAL_PERSON_ORGANIZATION ( #1316, #212, #31 ) ;
#997 = UNCERTAINTY_MEASURE_WITH_UNIT (LENGTH_MEASURE( 1.000000000000000082E-05 ), #846, 'distance_accuracy_value', 'NONE');
#998 = CARTESIAN_POINT ( 'NONE',  ( 64.10000000000000853, 2.250000000000000444, 66.10000000000000853 ) ) ;
#999 = VECTOR ( 'NONE', #79, 1000.000000000000000 ) ;
#1000 = VECTOR ( 'NONE', #40, 1000.000000000000000 ) ;
#1001 = ORIENTED_EDGE ( 'NONE', *, *, #507, .T. ) ;
#1002 = PLANE ( 'NONE',  #236 ) ;
#1003 = ORIENTED_EDGE ( 'NONE', *, *, #632, .T. ) ;
#1004 = EDGE_CURVE ( 'NONE', #800, #1413, #740, .T. ) ;
#1005 = DIRECTION ( 'NONE',  ( 0.000000000000000000, 0.000000000000000000, -1.000000000000000000 ) ) ;
#1006 = DIRECTION ( 'NONE',  ( -1.000000000000000000, 0.000000000000000000, 0.000000000000000000 ) ) ;
#1007 = DIRECTION ( 'NONE',  ( 0.000000000000000000, 0.000000000000000000, -1.000000000000000000 ) ) ;
#1008 = EDGE_CURVE ( 'NONE', #594, #708, #23, .T. ) ;
#1009 = ORIENTED_EDGE ( 'NONE', *, *, #277, .T. ) ;
#1010 = ORIENTED_EDGE ( 'NONE', *, *, #1446, .F. ) ;
#1011 = ADVANCED_FACE ( 'NONE', ( #274 ), #855, .F. ) ;
#1012 = DIRECTION ( 'NONE',  ( 0.000000000000000000, 0.000000000000000000, -1.000000000000000000 ) ) ;
#1013 = ORIENTED_EDGE ( 'NONE', *, *, #1180, .F. ) ;
#1014 = FACE_OUTER_BOUND ( 'NONE', #101, .T. ) ;
#1015 = DIRECTION ( 'NONE',  ( -0.000000000000000000, 1.000000000000000000, -0.000000000000000000 ) ) ;
#1016 = AXIS2_PLACEMENT_3D ( 'NONE', #805, #1272, #186 ) ;
#1017 = LINE ( 'NONE', #773, #724 ) ;
#1018 = ORIENTED_EDGE ( 'NONE', *, *, #1451, .T. ) ;
#1019 = ORIENTED_EDGE ( 'NONE', *, *, #581, .T. ) ;
#1020 = CC_DESIGN_PERSON_AND_ORGANIZATION_ASSIGNMENT ( #375, #1073, ( #1399 ) ) ;
#1021 = CARTESIAN_POINT ( 'NONE',  ( -53.00000000000000000, 3.250000000000000444, 53.00000000000000000 ) ) ;
#1022 = ORIENTED_EDGE ( 'NONE', *, *, #712, .T. ) ;
#1023 = CARTESIAN_POINT ( 'NONE',  ( 66.10000000000000853, 3.250000000000000444, -64.09999999999998010 ) ) ;
#1024 = DIRECTION ( 'NONE',  ( -0.000000000000000000, -0.000000000000000000, 1.000000000000000000 ) ) ;
#1025 = VECTOR ( 'NONE', #372, 1000.000000000000000 ) ;
#1026 = APPROVAL_PERSON_ORGANIZATION ( #982, #379, #518 ) ;
#1027 = EDGE_CURVE ( 'NONE', #476, #1433, #269, .T. ) ;
#1028 = ORIENTED_EDGE ( 'NONE', *, *, #980, .T. ) ;
#1029 = VERTEX_POINT ( 'NONE', #1326 ) ;
#1030 = ORIENTED_EDGE ( 'NONE', *, *, #1190, .T. ) ;
#1031 = CIRCLE ( 'NONE', #816, 2.000000000000001776 ) ;
#1032 = ORIENTED_EDGE ( 'NONE', *, *, #222, .T. ) ;
#1033 = ORIENTED_EDGE ( 'NONE', *, *, #248, .F. ) ;
#1034 = AXIS2_PLACEMENT_3D ( 'NONE', #247, #229, #714 ) ;
#1035 = DIRECTION ( 'NONE',  ( 0.000000000000000000, 1.000000000000000000, -0.000000000000000000 ) ) ;
#1036 = DIRECTION ( 'NONE',  ( -0.000000000000000000, -1.000000000000000000, -0.000000000000000000 ) ) ;
#1037 = ADVANCED_FACE ( 'NONE', ( #1085 ), #53, .F. ) ;
#1038 = CARTESIAN_POINT ( 'NONE',  ( 67.84999999999999432, 1.500000000000000000, -67.84999999999999432 ) ) ;
#1039 = ORIENTED_EDGE ( 'NONE', *, *, #869, .F. ) ;
#1040 = ORIENTED_EDGE ( 'NONE', *, *, #1333, .F. ) ;
#1041 = FACE_OUTER_BOUND ( 'NONE', #1228, .T. ) ;
#1042 = EDGE_LOOP ( 'NONE', ( #218, #1390, #680, #915 ) ) ;
#1043 = ORIENTED_EDGE ( 'NONE', *, *, #1008, .F. ) ;
#1044 = DIRECTION ( 'NONE',  ( -0.000000000000000000, 1.000000000000000000, -0.000000000000000000 ) ) ;
#1045 = CARTESIAN_POINT ( 'NONE',  ( -67.00000000000001421, 3.250000000000000444, 64.99999999999998579 ) ) ;
#1046 = CARTESIAN_POINT ( 'NONE',  ( -66.09999999999998010, 2.250000000000000444, 64.10000000000000853 ) ) ;
#1047 = EDGE_LOOP ( 'NONE', ( #590, #1386, #240, #165 ) ) ;
#1048 = DIRECTION ( 'NONE',  ( 0.000000000000000000, 1.000000000000000000, 0.000000000000000000 ) ) ;
#1049 = VERTEX_POINT ( 'NONE', #166 ) ;
#1050 = VERTEX_POINT ( 'NONE', #1090 ) ;
#1051 = DIRECTION ( 'NONE',  ( -0.000000000000000000, 1.000000000000000000, -0.000000000000000000 ) ) ;
#1052 = LINE ( 'NONE', #1046, #172 ) ;
#1053 = ORIENTED_EDGE ( 'NONE', *, *, #632, .F. ) ;
#1054 = CIRCLE ( 'NONE', #616, 2.250000000000001776 ) ;
#1055 = CARTESIAN_POINT ( 'NONE',  ( 64.99999999999998579, 3.250000000000000444, -65.00000000000000000 ) ) ;
#1056 = EDGE_LOOP ( 'NONE', ( #687, #1385, #254, #540 ) ) ;
#1057 = ORIENTED_EDGE ( 'NONE', *, *, #285, .T. ) ;
#1058 = AXIS2_PLACEMENT_3D ( 'NONE', #529, #436, #1464 ) ;
#1059 = EDGE_CURVE ( 'NONE', #586, #356, #178, .T. ) ;
#1060 = AXIS2_PLACEMENT_3D ( 'NONE', #408, #426, #1359 ) ;
#1061 = VECTOR ( 'NONE', #570, 1000.000000000000000 ) ;
#1062 = LINE ( 'NONE', #1304, #111 ) ;
#1063 = FACE_BOUND ( 'NONE', #1132, .T. ) ;
#1064 = DIRECTION ( 'NONE',  ( 0.000000000000000000, 0.000000000000000000, -1.000000000000000000 ) ) ;
#1065 = EDGE_CURVE ( 'NONE', #563, #713, #970, .T. ) ;
#1066 = APPROVAL_DATE_TIME ( #1198, #1303 ) ;
#1067 = EDGE_LOOP ( 'NONE', ( #451, #658, #16, #462 ) ) ;
#1068 = PRODUCT_RELATED_PRODUCT_CATEGORY ( 'detail', '', ( #705 ) ) ;
#1069 = LINE ( 'NONE', #728, #177 ) ;
#1070 = DIRECTION ( 'NONE',  ( 1.000000000000000000, 0.000000000000000000, 0.000000000000000000 ) ) ;
#1071 = DIRECTION ( 'NONE',  ( -0.000000000000000000, -1.000000000000000000, -0.000000000000000000 ) ) ;
#1072 = DIRECTION ( 'NONE',  ( -0.000000000000000000, -1.000000000000000000, -0.000000000000000000 ) ) ;
#1073 = PERSON_AND_ORGANIZATION_ROLE ( 'design_supplier' ) ;
#1074 = ORIENTED_EDGE ( 'NONE', *, *, #448, .T. ) ;
#1075 = EDGE_CURVE ( 'NONE', #496, #827, #1371, .T. ) ;
#1076 = AXIS2_PLACEMENT_3D ( 'NONE', #1130, #901, #1107 ) ;
#1077 = DIRECTION ( 'NONE',  ( 0.000000000000000000, 0.000000000000000000, -1.000000000000000000 ) ) ;
#1078 = LINE ( 'NONE', #1211, #1124 ) ;
#1079 = AXIS2_PLACEMENT_3D ( 'NONE', #921, #1379, #119 ) ;
#1080 = ORIENTED_EDGE ( 'NONE', *, *, #1451, .F. ) ;
#1081 = DIRECTION ( 'NONE',  ( 0.000000000000000000, 0.000000000000000000, -1.000000000000000000 ) ) ;
#1082 = ADVANCED_FACE ( 'NONE', ( #58 ), #516, .F. ) ;
#1083 = FACE_OUTER_BOUND ( 'NONE', #359, .T. ) ;
#1084 = VECTOR ( 'NONE', #407, 1000.000000000000000 ) ;
#1085 = FACE_OUTER_BOUND ( 'NONE', #679, .T. ) ;
#1086 = DIRECTION ( 'NONE',  ( 0.000000000000000000, 0.000000000000000000, 1.000000000000000000 ) ) ;
#1087 = SHAPE_DEFINITION_REPRESENTATION ( #1291, #511 ) ;
#1088 = CYLINDRICAL_SURFACE ( 'NONE', #1089, 2.000000000000015543 ) ;
#1089 = AXIS2_PLACEMENT_3D ( 'NONE', #96, #682, #1262 ) ;
#1090 = CARTESIAN_POINT ( 'NONE',  ( -66.09999999999998010, 3.250000000000000444, -64.09999999999998010 ) ) ;
#1091 = AXIS2_PLACEMENT_3D ( 'NONE', #1485, #323, #566 ) ;
#1092 = ADVANCED_FACE ( 'NONE', ( #318, #421 ), #1362, .F. ) ;
#1093 = APPROVAL_STATUS ( 'not_yet_approved' ) ;
#1094 = DIRECTION ( 'NONE',  ( 0.000000000000000000, 1.000000000000000000, 0.000000000000000000 ) ) ;
#1095 = DIRECTION ( 'NONE',  ( 0.000000000000000000, 0.000000000000000000, -1.000000000000000000 ) ) ;
#1096 = EDGE_CURVE ( 'NONE', #582, #1374, #1122, .T. ) ;
#1097 = APPLICATION_PROTOCOL_DEFINITION ( 'international standard', 'config_control_design', 1994, #634 ) ;
#1098 = VECTOR ( 'NONE', #127, 1000.000000000000000 ) ;
#1099 = VECTOR ( 'NONE', #607, 1000.000000000000000 ) ;
#1100 = DIRECTION ( 'NONE',  ( -0.000000000000000000, 0.000000000000000000, 1.000000000000000000 ) ) ;
#1101 = LINE ( 'NONE', #879, #804 ) ;
#1102 = AXIS2_PLACEMENT_3D ( 'NONE', #183, #667, #524 ) ;
#1103 = AXIS2_PLACEMENT_3D ( 'NONE', #251, #947, #835 ) ;
#1104 = LINE ( 'NONE', #18, #62 ) ;
#1105 = DIRECTION ( 'NONE',  ( 0.000000000000000000, 0.000000000000000000, -1.000000000000000000 ) ) ;
#1106 = LINE ( 'NONE', #766, #620 ) ;
#1107 = DIRECTION ( 'NONE',  ( 1.000000000000000000, 0.000000000000000000, -0.000000000000000000 ) ) ;
#1108 = CARTESIAN_POINT ( 'NONE',  ( 52.99999999999999289, 1.500000000000000000, 53.00000000000000000 ) ) ;
#1109 = CARTESIAN_POINT ( 'NONE',  ( -63.90000000000002700, 2.250000000000000444, -61.89999999999998437 ) ) ;
#1110 = ORIENTED_EDGE ( 'NONE', *, *, #920, .T. ) ;
#1111 = DIRECTION ( 'NONE',  ( 0.000000000000000000, 0.000000000000000000, 1.000000000000000000 ) ) ;
#1112 = FACE_OUTER_BOUND ( 'NONE', #1467, .T. ) ;
#1113 = LINE ( 'NONE', #1131, #1244 ) ;
#1114 = ADVANCED_FACE ( 'NONE', ( #1480 ), #1372, .F. ) ;
#1115 = ORIENTED_EDGE ( 'NONE', *, *, #1008, .T. ) ;
#1116 = CARTESIAN_POINT ( 'NONE',  ( 66.99999999999998579, 3.250000000000000444, 64.99999999999998579 ) ) ;
#1117 = ORIENTED_EDGE ( 'NONE', *, *, #438, .F. ) ;
#1118 = DIRECTION ( 'NONE',  ( -0.000000000000000000, -1.000000000000000000, -0.000000000000000000 ) ) ;
#1119 = LINE ( 'NONE', #778, #1391 ) ;
#1120 = CIRCLE ( 'NONE', #1204, 2.000000000000001776 ) ;
#1121 = EDGE_CURVE ( 'NONE', #713, #25, #640, .T. ) ;
#1122 = LINE ( 'NONE', #986, #398 ) ;
#1123 = CIRCLE ( 'NONE', #663, 10.00000000000000178 ) ;
#1124 = VECTOR ( 'NONE', #288, 1000.000000000000000 ) ;
#1125 = ORIENTED_EDGE ( 'NONE', *, *, #942, .T. ) ;
#1126 = ORIENTED_EDGE ( 'NONE', *, *, #1210, .T. ) ;
#1127 = FACE_OUTER_BOUND ( 'NONE', #1067, .T. ) ;
#1128 = ORIENTED_EDGE ( 'NONE', *, *, #738, .F. ) ;
#1129 = LINE ( 'NONE', #1221, #418 ) ;
#1130 = CARTESIAN_POINT ( 'NONE',  ( -63.00000000000000000, 1.500000000000000000, -63.00000000000001421 ) ) ;
#1131 = CARTESIAN_POINT ( 'NONE',  ( -53.00000000000000000, 2.500000000000000000, -63.00000000000001421 ) ) ;
#1132 = EDGE_LOOP ( 'NONE', ( #149, #950, #1499, #1275, #1043, #466, #1258, #1358 ) ) ;
#1133 = VERTEX_POINT ( 'NONE', #406 ) ;
#1134 = DIRECTION ( 'NONE',  ( 0.000000000000000000, 0.000000000000000000, -1.000000000000000000 ) ) ;
#1135 = ORIENTED_EDGE ( 'NONE', *, *, #605, .T. ) ;
#1136 = CARTESIAN_POINT ( 'NONE',  ( -67.84999999999999432, 1.500000000000000000, 67.84999999999999432 ) ) ;
#1137 = LINE ( 'NONE', #1161, #1494 ) ;
#1138 = EDGE_CURVE ( 'NONE', #895, #1374, #82, .T. ) ;
#1139 = EDGE_CURVE ( 'NONE', #128, #648, #874, .T. ) ;
#1140 = EDGE_LOOP ( 'NONE', ( #1271, #1504, #194, #249 ) ) ;
#1141 = VECTOR ( 'NONE', #1192, 1000.000000000000000 ) ;
#1142 = DIRECTION ( 'NONE',  ( 0.000000000000000000, 0.000000000000000000, -1.000000000000000000 ) ) ;
#1143 = ORIENTED_EDGE ( 'NONE', *, *, #718, .T. ) ;
#1144 = ORIENTED_EDGE ( 'NONE', *, *, #911, .F. ) ;
#1145 = ORIENTED_EDGE ( 'NONE', *, *, #1487, .F. ) ;
#1146 = ORIENTED_EDGE ( 'NONE', *, *, #285, .F. ) ;
#1147 = CARTESIAN_POINT ( 'NONE',  ( 64.10000000000000853, 2.250000000000000444, 66.10000000000000853 ) ) ;
#1148 = DIRECTION ( 'NONE',  ( 0.000000000000000000, 1.000000000000000000, -0.000000000000000000 ) ) ;
#1149 = ADVANCED_FACE ( 'NONE', ( #1340, #1245 ), #1473, .F. ) ;
#1150 = AXIS2_PLACEMENT_3D ( 'NONE', #578, #1036, #234 ) ;
#1151 = CARTESIAN_POINT ( 'NONE',  ( -67.84999999999998010, 0.000000000000000000, 70.09999999999999432 ) ) ;
#1152 = ORIENTED_EDGE ( 'NONE', *, *, #314, .T. ) ;
#1153 = ORIENTED_EDGE ( 'NONE', *, *, #1180, .T. ) ;
#1154 = ORIENTED_EDGE ( 'NONE', *, *, #853, .T. ) ;
#1155 = CIRCLE ( 'NONE', #619, 2.250000000000001776 ) ;
#1156 = CARTESIAN_POINT ( 'NONE',  ( 63.89999999999998437, 3.250000000000000444, 61.90000000000001279 ) ) ;
#1157 = EDGE_LOOP ( 'NONE', ( #1411, #1482, #546, #1022 ) ) ;
#1158 = ORIENTED_EDGE ( 'NONE', *, *, #584, .T. ) ;
#1159 = AXIS2_PLACEMENT_3D ( 'NONE', #916, #1166, #138 ) ;
#1160 = DIRECTION ( 'NONE',  ( 0.000000000000000000, 0.000000000000000000, -1.000000000000000000 ) ) ;
#1161 = CARTESIAN_POINT ( 'NONE',  ( -64.09999999999998010, 3.250000000000000444, 66.10000000000000853 ) ) ;
#1162 = CARTESIAN_POINT ( 'NONE',  ( -53.00000000000000000, 1.500000000000000000, 63.00000000000000000 ) ) ;
#1163 = VECTOR ( 'NONE', #455, 1000.000000000000000 ) ;
#1164 = VERTEX_POINT ( 'NONE', #1355 ) ;
#1165 = ORIENTED_EDGE ( 'NONE', *, *, #1429, .T. ) ;
#1166 = DIRECTION ( 'NONE',  ( 0.000000000000000000, -1.000000000000000000, 0.000000000000000000 ) ) ;
#1167 = ORIENTED_EDGE ( 'NONE', *, *, #163, .F. ) ;
#1168 = ORIENTED_EDGE ( 'NONE', *, *, #853, .F. ) ;
#1169 = FACE_OUTER_BOUND ( 'NONE', #1047, .T. ) ;
#1170 = PLANE ( 'NONE',  #259 ) ;
#1171 = VERTEX_POINT ( 'NONE', #1225 ) ;
#1172 = EDGE_CURVE ( 'NONE', #1365, #131, #188, .T. ) ;
#1173 = DIRECTION ( 'NONE',  ( 0.000000000000000000, 0.000000000000000000, -1.000000000000000000 ) ) ;
#1174 = ORIENTED_EDGE ( 'NONE', *, *, #29, .T. ) ;
#1175 = VERTEX_POINT ( 'NONE', #759 ) ;
#1176 = CARTESIAN_POINT ( 'NONE',  ( -61.90000000000001279, 2.250000000000000444, 63.90000000000002700 ) ) ;
#1177 = CARTESIAN_POINT ( 'NONE',  ( -61.90000000000001279, 2.250000000000000444, -63.89999999999998437 ) ) ;
#1178 = ADVANCED_FACE ( 'NONE', ( #646 ), #70, .F. ) ;
#1179 = ORIENTED_EDGE ( 'NONE', *, *, #935, .T. ) ;
#1180 = EDGE_CURVE ( 'NONE', #1133, #124, #780, .T. ) ;
#1181 = VECTOR ( 'NONE', #957, 1000.000000000000000 ) ;
#1182 = CARTESIAN_POINT ( 'NONE',  ( -63.00000000000000000, 3.250000000000000444, -53.00000000000002132 ) ) ;
#1183 = EDGE_LOOP ( 'NONE', ( #697, #425, #231, #1375 ) ) ;
#1184 = VERTEX_POINT ( 'NONE', #651 ) ;
#1185 = VECTOR ( 'NONE', #90, 1000.000000000000000 ) ;
#1186 = AXIS2_PLACEMENT_3D ( 'NONE', #1489, #326, #657 ) ;
#1187 = CARTESIAN_POINT ( 'NONE',  ( 66.10000000000000853, 3.250000000000000444, 64.10000000000000853 ) ) ;
#1188 = FACE_OUTER_BOUND ( 'NONE', #331, .T. ) ;
#1189 = DIRECTION ( 'NONE',  ( 0.000000000000000000, 0.000000000000000000, -1.000000000000000000 ) ) ;
#1190 = EDGE_CURVE ( 'NONE', #1184, #185, #1113, .T. ) ;
#1191 = CARTESIAN_POINT ( 'NONE',  ( -65.00000000000000000, 1.500000000000000000, 67.00000000000000000 ) ) ;
#1192 = DIRECTION ( 'NONE',  ( -0.000000000000000000, 1.000000000000000000, -0.000000000000000000 ) ) ;
#1193 = CARTESIAN_POINT ( 'NONE',  ( -67.84999999999999432, 0.000000000000000000, 67.84999999999999432 ) ) ;
#1194 = DIRECTION ( 'NONE',  ( 0.000000000000000000, -1.000000000000000000, 0.000000000000000000 ) ) ;
#1195 = EDGE_CURVE ( 'NONE', #790, #1365, #784, .T. ) ;
#1196 = EDGE_CURVE ( 'NONE', #99, #1382, #554, .T. ) ;
#1197 = CARTESIAN_POINT ( 'NONE',  ( 61.89999999999998437, 2.250000000000000444, -63.89999999999998437 ) ) ;
#1198 = DATE_AND_TIME ( #1424, #517 ) ;
#1199 = ORIENTED_EDGE ( 'NONE', *, *, #920, .F. ) ;
#1200 = AXIS2_PLACEMENT_3D ( 'NONE', #74, #1345, #300 ) ;
#1201 = FACE_OUTER_BOUND ( 'NONE', #368, .T. ) ;
#1202 = CARTESIAN_POINT ( 'NONE',  ( -67.84999999999999432, 1.500000000000000000, 67.84999999999999432 ) ) ;
#1203 = DIRECTION ( 'NONE',  ( -0.000000000000000000, -1.000000000000000000, -0.000000000000000000 ) ) ;
#1204 = AXIS2_PLACEMENT_3D ( 'NONE', #494, #275, #284 ) ;
#1205 = CARTESIAN_POINT ( 'NONE',  ( -53.00000000000000000, 1.500000000000000000, 53.00000000000000000 ) ) ;
#1206 = VECTOR ( 'NONE', #662, 1000.000000000000000 ) ;
#1207 = AXIS2_PLACEMENT_3D ( 'NONE', #729, #624, #611 ) ;
#1208 = PERSON_AND_ORGANIZATION ( #761, #932 ) ;
#1209 = ORIENTED_EDGE ( 'NONE', *, *, #856, .F. ) ;
#1210 = EDGE_CURVE ( 'NONE', #1252, #328, #1017, .T. ) ;
#1211 = CARTESIAN_POINT ( 'NONE',  ( 53.00000000000000000, 1.500000000000000000, -63.00000000000001421 ) ) ;
#1212 =( NAMED_UNIT ( * ) SI_UNIT ( $, .STERADIAN. ) SOLID_ANGLE_UNIT ( ) );
#1213 = EDGE_CURVE ( 'NONE', #648, #1050, #845, .T. ) ;
#1214 = FACE_OUTER_BOUND ( 'NONE', #781, .T. ) ;
#1215 = AXIS2_PLACEMENT_3D ( 'NONE', #743, #1203, #976 ) ;
#1216 = DIRECTION ( 'NONE',  ( 0.000000000000000000, -0.000000000000000000, -1.000000000000000000 ) ) ;
#1217 = EDGE_CURVE ( 'NONE', #190, #790, #545, .T. ) ;
#1218 = DATE_AND_TIME ( #972, #595 ) ;
#1219 = VECTOR ( 'NONE', #1024, 1000.000000000000000 ) ;
#1220 = CARTESIAN_POINT ( 'NONE',  ( -67.00000000000001421, 1.500000000000000000, 64.99999999999998579 ) ) ;
#1221 = CARTESIAN_POINT ( 'NONE',  ( -63.90000000000002700, 2.250000000000000444, 61.90000000000001279 ) ) ;
#1222 = DIRECTION ( 'NONE',  ( -0.000000000000000000, 1.000000000000000000, -0.000000000000000000 ) ) ;
#1223 = CIRCLE ( 'NONE', #760, 2.250000000000001776 ) ;
#1224 = CIRCLE ( 'NONE', #1034, 2.000000000000001776 ) ;
#1225 = CARTESIAN_POINT ( 'NONE',  ( 62.99999999999998579, 3.250000000000000444, 53.00000000000000000 ) ) ;
#1226 = EDGE_CURVE ( 'NONE', #1300, #671, #1104, .T. ) ;
#1227 = CARTESIAN_POINT ( 'NONE',  ( 52.99999999999999289, 3.250000000000000444, -63.00000000000001421 ) ) ;
#1228 = EDGE_LOOP ( 'NONE', ( #335, #547, #322, #1153 ) ) ;
#1229 = DIRECTION ( 'NONE',  ( 0.000000000000000000, 0.000000000000000000, -1.000000000000000000 ) ) ;
#1230 = DIRECTION ( 'NONE',  ( -0.000000000000000000, -1.000000000000000000, 0.000000000000000000 ) ) ;
#1231 = CARTESIAN_POINT ( 'NONE',  ( -65.00000000000001421, 3.250000000000000444, 65.00000000000000000 ) ) ;
#1232 = FACE_OUTER_BOUND ( 'NONE', #601, .T. ) ;
#1233 = VERTEX_POINT ( 'NONE', #126 ) ;
#1234 = PLANE ( 'NONE',  #1246 ) ;
#1235 = ADVANCED_FACE ( 'NONE', ( #587 ), #596, .T. ) ;
#1236 = DIRECTION ( 'NONE',  ( 0.000000000000000000, 1.000000000000000000, -0.000000000000000000 ) ) ;
#1237 = DIRECTION ( 'NONE',  ( -1.000000000000000000, -0.000000000000000000, -0.000000000000000000 ) ) ;
#1238 = ORIENTED_EDGE ( 'NONE', *, *, #1004, .T. ) ;
#1239 = DIRECTION ( 'NONE',  ( -1.000000000000000000, 0.000000000000000000, -0.000000000000000000 ) ) ;
#1240 = VERTEX_POINT ( 'NONE', #472 ) ;
#1241 = DIRECTION ( 'NONE',  ( -1.000000000000000000, 0.000000000000000000, -0.000000000000000000 ) ) ;
#1242 = FACE_OUTER_BOUND ( 'NONE', #458, .T. ) ;
#1243 = VECTOR ( 'NONE', #975, 1000.000000000000000 ) ;
#1244 = VECTOR ( 'NONE', #75, 1000.000000000000000 ) ;
#1245 = FACE_OUTER_BOUND ( 'NONE', #1356, .T. ) ;
#1246 = AXIS2_PLACEMENT_3D ( 'NONE', #401, #73, #1229 ) ;
#1247 = CIRCLE ( 'NONE', #1405, 2.250000000000001776 ) ;
#1248 = ORIENTED_EDGE ( 'NONE', *, *, #1397, .T. ) ;
#1249 = EDGE_LOOP ( 'NONE', ( #923, #1392, #1476, #927 ) ) ;
#1250 = CYLINDRICAL_SURFACE ( 'NONE', #474, 2.000000000000001776 ) ;
#1251 = ADVANCED_FACE ( 'NONE', ( #940 ), #261, .T. ) ;
#1252 = VERTEX_POINT ( 'NONE', #1409 ) ;
#1253 = CARTESIAN_POINT ( 'NONE',  ( -64.09999999999998010, 2.250000000000000444, 64.10000000000000853 ) ) ;
#1254 = EDGE_CURVE ( 'NONE', #613, #128, #1417, .T. ) ;
#1255 = CARTESIAN_POINT ( 'NONE',  ( -61.90000000000001279, 2.250000000000000444, -61.89999999999998437 ) ) ;
#1256 = DIRECTION ( 'NONE',  ( 0.000000000000000000, 1.000000000000000000, 0.000000000000000000 ) ) ;
#1257 = VERTEX_POINT ( 'NONE', #825 ) ;
#1258 = ORIENTED_EDGE ( 'NONE', *, *, #868, .F. ) ;
#1259 = DIRECTION ( 'NONE',  ( 1.000000000000000000, 0.000000000000000000, 0.000000000000000000 ) ) ;
#1260 = EDGE_CURVE ( 'NONE', #1433, #564, #265, .T. ) ;
#1261 = ORIENTED_EDGE ( 'NONE', *, *, #55, .T. ) ;
#1262 = DIRECTION ( 'NONE',  ( 0.000000000000000000, 0.000000000000000000, 1.000000000000000000 ) ) ;
#1263 = DIRECTION ( 'NONE',  ( 1.000000000000000000, -0.000000000000000000, 0.000000000000000000 ) ) ;
#1264 = CARTESIAN_POINT ( 'NONE',  ( 67.84999999999999432, 0.000000000000000000, 67.84999999999999432 ) ) ;
#1265 = ORIENTED_EDGE ( 'NONE', *, *, #1450, .F. ) ;
#1266 = VECTOR ( 'NONE', #834, 1000.000000000000000 ) ;
#1267 = VERTEX_POINT ( 'NONE', #371 ) ;
#1268 = ORIENTED_EDGE ( 'NONE', *, *, #797, .F. ) ;
#1269 = DIRECTION ( 'NONE',  ( -0.000000000000000000, -1.000000000000000000, -0.000000000000000000 ) ) ;
#1270 = ORIENTED_EDGE ( 'NONE', *, *, #448, .F. ) ;
#1271 = ORIENTED_EDGE ( 'NONE', *, *, #1487, .T. ) ;
#1272 = DIRECTION ( 'NONE',  ( 1.000000000000000000, 0.000000000000000000, 0.000000000000000000 ) ) ;
#1273 = LINE ( 'NONE', #456, #756 ) ;
#1274 = DIRECTION ( 'NONE',  ( 0.000000000000000000, 0.000000000000000000, -1.000000000000000000 ) ) ;
#1275 = ORIENTED_EDGE ( 'NONE', *, *, #1429, .F. ) ;
#1276 = ORIENTED_EDGE ( 'NONE', *, *, #1096, .F. ) ;
#1277 = AXIS2_PLACEMENT_3D ( 'NONE', #390, #39, #1318 ) ;
#1278 = CARTESIAN_POINT ( 'NONE',  ( 64.10000000000000853, 3.250000000000000444, 66.10000000000000853 ) ) ;
#1279 = VECTOR ( 'NONE', #1477, 1000.000000000000000 ) ;
#1280 = VECTOR ( 'NONE', #1194, 1000.000000000000000 ) ;
#1281 = ORIENTED_EDGE ( 'NONE', *, *, #1407, .F. ) ;
#1282 = EDGE_LOOP ( 'NONE', ( #776, #1168, #1395, #1110 ) ) ;
#1283 = CARTESIAN_POINT ( 'NONE',  ( -53.00000000000000000, 3.250000000000000444, 63.00000000000000000 ) ) ;
#1284 = DIRECTION ( 'NONE',  ( -0.000000000000000000, 1.000000000000000000, -0.000000000000000000 ) ) ;
#1285 = EDGE_CURVE ( 'NONE', #809, #476, #1311, .T. ) ;
#1286 = EDGE_CURVE ( 'NONE', #594, #131, #1062, .T. ) ;
#1287 = EDGE_LOOP ( 'NONE', ( #913, #9, #926, #449, #669, #1364, #360, #376 ) ) ;
#1288 = CARTESIAN_POINT ( 'NONE',  ( 66.10000000000000853, 2.250000000000000444, 64.10000000000000853 ) ) ;
#1289 = ORIENTED_EDGE ( 'NONE', *, *, #204, .F. ) ;
#1290 = EDGE_LOOP ( 'NONE', ( #1261, #103, #946, #674 ) ) ;
#1291 = PRODUCT_DEFINITION_SHAPE ( 'NONE', 'NONE',  #639 ) ;
#1292 = ADVANCED_FACE ( 'NONE', ( #1188 ), #603, .T. ) ;
#1293 = EDGE_CURVE ( 'NONE', #327, #1491, #838, .T. ) ;
#1294 = DIRECTION ( 'NONE',  ( -0.000000000000000000, -0.000000000000000000, 1.000000000000000000 ) ) ;
#1295 = DIRECTION ( 'NONE',  ( 0.000000000000000000, -1.000000000000000000, 0.000000000000000000 ) ) ;
#1296 = ORIENTED_EDGE ( 'NONE', *, *, #605, .F. ) ;
#1297 = CIRCLE ( 'NONE', #491, 2.000000000000001776 ) ;
#1298 = DIRECTION ( 'NONE',  ( 0.000000000000000000, 0.000000000000000000, -1.000000000000000000 ) ) ;
#1299 = PERSON_AND_ORGANIZATION_ROLE ( 'classification_officer' ) ;
#1300 = VERTEX_POINT ( 'NONE', #339 ) ;
#1301 = EDGE_LOOP ( 'NONE', ( #1158, #1030, #1125, #1493 ) ) ;
#1302 = CARTESIAN_POINT ( 'NONE',  ( 64.99999999999997158, 3.250000000000000444, -67.00000000000000000 ) ) ;
#1303 = APPROVAL ( #1093, '未' ) ;
#1304 = CARTESIAN_POINT ( 'NONE',  ( 61.89999999999998437, 2.250000000000000444, 63.90000000000002700 ) ) ;
#1305 = CARTESIAN_POINT ( 'NONE',  ( -61.90000000000001279, 2.250000000000000444, 61.90000000000001279 ) ) ;
#1306 = AXIS2_PLACEMENT_3D ( 'NONE', #464, #1148, #221 ) ;
#1307 = DIRECTION ( 'NONE',  ( -0.000000000000000000, -1.000000000000000000, -0.000000000000000000 ) ) ;
#1308 = CARTESIAN_POINT ( 'NONE',  ( 53.00000000000000000, 2.500000000000000000, -53.00000000000002132 ) ) ;
#1309 = VECTOR ( 'NONE', #148, 1000.000000000000000 ) ;
#1310 = EDGE_CURVE ( 'NONE', #131, #1377, #1224, .T. ) ;
#1311 = CIRCLE ( 'NONE', #1435, 9.999999999999994671 ) ;
#1312 = LINE ( 'NONE', #1459, #1084 ) ;
#1313 = DIRECTION ( 'NONE',  ( 0.000000000000000000, 0.000000000000000000, -1.000000000000000000 ) ) ;
#1314 =( NAMED_UNIT ( * ) PLANE_ANGLE_UNIT ( ) SI_UNIT ( $, .RADIAN. ) );
#1315 = EDGE_CURVE ( 'NONE', #564, #207, #239, .T. ) ;
#1316 = PERSON_AND_ORGANIZATION ( #761, #932 ) ;
#1317 = FACE_OUTER_BOUND ( 'NONE', #1282, .T. ) ;
#1318 = DIRECTION ( 'NONE',  ( 0.000000000000000000, 0.000000000000000000, -1.000000000000000000 ) ) ;
#1319 = DIRECTION ( 'NONE',  ( 0.000000000000000000, 0.000000000000000000, 1.000000000000000000 ) ) ;
#1320 = CARTESIAN_POINT ( 'NONE',  ( 64.99999999999998579, 1.500000000000000000, 65.00000000000000000 ) ) ;
#1321 = CARTESIAN_POINT ( 'NONE',  ( 63.89999999999997016, 2.250000000000000444, -61.89999999999998437 ) ) ;
#1322 = DIRECTION ( 'NONE',  ( -1.000000000000000000, 0.000000000000000000, -0.000000000000000000 ) ) ;
#1323 = CARTESIAN_POINT ( 'NONE',  ( -70.09999999999999432, 1.500000000000000000, -67.84999999999998010 ) ) ;
#1324 = LINE ( 'NONE', #164, #1449 ) ;
#1325 = CARTESIAN_POINT ( 'NONE',  ( 64.99999999999998579, 3.250000000000000444, -65.00000000000000000 ) ) ;
#1326 = CARTESIAN_POINT ( 'NONE',  ( -66.09999999999998010, 2.250000000000000444, -64.09999999999998010 ) ) ;
#1327 = AXIS2_PLACEMENT_3D ( 'NONE', #315, #1241, #1100 ) ;
#1328 = VECTOR ( 'NONE', #510, 1000.000000000000000 ) ;
#1329 = ADVANCED_FACE ( 'NONE', ( #699 ), #256, .T. ) ;
#1330 = PLANE ( 'NONE',  #471 ) ;
#1331 = DIRECTION ( 'NONE',  ( -1.000000000000000000, 0.000000000000000000, -0.000000000000000000 ) ) ;
#1332 = DIRECTION ( 'NONE',  ( 0.000000000000000000, 0.000000000000000000, -1.000000000000000000 ) ) ;
#1333 = EDGE_CURVE ( 'NONE', #117, #1383, #821, .T. ) ;
#1334 = CARTESIAN_POINT ( 'NONE',  ( 67.84999999999998010, 1.500000000000000000, -70.09999999999999432 ) ) ;
#1335 = CIRCLE ( 'NONE', #631, 10.00000000000000178 ) ;
#1336 = VECTOR ( 'NONE', #66, 1000.000000000000000 ) ;
#1337 = CARTESIAN_POINT ( 'NONE',  ( 64.10000000000000853, 2.250000000000000444, -66.09999999999998010 ) ) ;
#1338 = EDGE_CURVE ( 'NONE', #613, #691, #123, .T. ) ;
#1339 = MANIFOLD_SOLID_BREP ( '͹̨-����6', #833 ) ;
#1340 = FACE_BOUND ( 'NONE', #226, .T. ) ;
#1341 = AXIS2_PLACEMENT_3D ( 'NONE', #1038, #244, #362 ) ;
#1342 = DIRECTION ( 'NONE',  ( 0.000000000000000000, 1.000000000000000000, -0.000000000000000000 ) ) ;
#1343 = ORIENTED_EDGE ( 'NONE', *, *, #446, .F. ) ;
#1344 = LINE ( 'NONE', #967, #542 ) ;
#1345 = DIRECTION ( 'NONE',  ( 0.000000000000000000, 0.000000000000000000, 1.000000000000000000 ) ) ;
#1346 = EDGE_CURVE ( 'NONE', #1382, #453, #299, .T. ) ;
#1347 = VECTOR ( 'NONE', #775, 1000.000000000000000 ) ;
#1348 = DIRECTION ( 'NONE',  ( 1.000000000000000000, 0.000000000000000000, 0.000000000000000000 ) ) ;
#1349 = LINE ( 'NONE', #321, #22 ) ;
#1350 = ORIENTED_EDGE ( 'NONE', *, *, #248, .T. ) ;
#1351 = AXIS2_PLACEMENT_3D ( 'NONE', #1136, #786, #900 ) ;
#1352 = CARTESIAN_POINT ( 'NONE',  ( -65.00000000000000000, 3.250000000000000444, 67.00000000000000000 ) ) ;
#1353 = PLANE ( 'NONE',  #1076 ) ;
#1354 = AXIS2_PLACEMENT_3D ( 'NONE', #1253, #1035, #672 ) ;
#1355 = CARTESIAN_POINT ( 'NONE',  ( -61.90000000000001279, 3.250000000000000444, -63.89999999999998437 ) ) ;
#1356 = EDGE_LOOP ( 'NONE', ( #1367, #469, #791, #72, #593, #1381, #905, #83 ) ) ;
#1357 = CARTESIAN_POINT ( 'NONE',  ( -61.90000000000001279, 2.250000000000000444, -63.89999999999998437 ) ) ;
#1358 = ORIENTED_EDGE ( 'NONE', *, *, #64, .F. ) ;
#1359 = DIRECTION ( 'NONE',  ( 0.000000000000000000, 0.000000000000000000, 1.000000000000000000 ) ) ;
#1360 = DIRECTION ( 'NONE',  ( -0.000000000000000000, -1.000000000000000000, -0.000000000000000000 ) ) ;
#1361 = AXIS2_PLACEMENT_3D ( 'NONE', #1308, #158, #384 ) ;
#1362 = PLANE ( 'NONE',  #1102 ) ;
#1363 = EDGE_CURVE ( 'NONE', #774, #1164, #1422, .T. ) ;
#1364 = ORIENTED_EDGE ( 'NONE', *, *, #609, .F. ) ;
#1365 = VERTEX_POINT ( 'NONE', #15 ) ;
#1366 = CARTESIAN_POINT ( 'NONE',  ( -67.84999999999998010, 0.000000000000000000, -70.09999999999999432 ) ) ;
#1367 = ORIENTED_EDGE ( 'NONE', *, *, #1458, .T. ) ;
#1368 = CARTESIAN_POINT ( 'NONE',  ( 61.89999999999998437, 3.250000000000000444, 63.90000000000002700 ) ) ;
#1369 = DIRECTION ( 'NONE',  ( 0.000000000000000000, 0.000000000000000000, -1.000000000000000000 ) ) ;
#1370 = CC_DESIGN_APPROVAL ( #1303, ( #1399 ) ) ;
#1371 = CIRCLE ( 'NONE', #60, 10.00000000000000178 ) ;
#1372 = CYLINDRICAL_SURFACE ( 'NONE', #722, 10.00000000000000178 ) ;
#1373 = VECTOR ( 'NONE', #310, 1000.000000000000000 ) ;
#1374 = VERTEX_POINT ( 'NONE', #467 ) ;
#1375 = ORIENTED_EDGE ( 'NONE', *, *, #589, .T. ) ;
#1376 = PLANE ( 'NONE',  #1434 ) ;
#1377 = VERTEX_POINT ( 'NONE', #1156 ) ;
#1378 = LINE ( 'NONE', #693, #302 ) ;
#1379 = DIRECTION ( 'NONE',  ( 0.000000000000000000, 0.000000000000000000, 1.000000000000000000 ) ) ;
#1380 = CARTESIAN_POINT ( 'NONE',  ( 63.89999999999997016, 3.250000000000000444, -61.89999999999998437 ) ) ;
#1381 = ORIENTED_EDGE ( 'NONE', *, *, #438, .T. ) ;
#1382 = VERTEX_POINT ( 'NONE', #1278 ) ;
#1383 = VERTEX_POINT ( 'NONE', #1412 ) ;
#1384 = DIRECTION ( 'NONE',  ( -0.000000000000000000, 1.000000000000000000, -0.000000000000000000 ) ) ;
#1385 = ORIENTED_EDGE ( 'NONE', *, *, #1419, .F. ) ;
#1386 = ORIENTED_EDGE ( 'NONE', *, *, #1293, .F. ) ;
#1387 = FACE_OUTER_BOUND ( 'NONE', #765, .T. ) ;
#1388 = CARTESIAN_POINT ( 'NONE',  ( 70.09999999999999432, 1.500000000000000000, 67.84999999999998010 ) ) ;
#1389 = CARTESIAN_POINT ( 'NONE',  ( 63.00000000000000000, 3.250000000000000444, -53.00000000000002132 ) ) ;
#1390 = ORIENTED_EDGE ( 'NONE', *, *, #584, .F. ) ;
#1391 = VECTOR ( 'NONE', #1230, 1000.000000000000000 ) ;
#1392 = ORIENTED_EDGE ( 'NONE', *, *, #201, .F. ) ;
#1393 = DIRECTION ( 'NONE',  ( -0.000000000000000000, -1.000000000000000000, -0.000000000000000000 ) ) ;
#1394 = ORIENTED_EDGE ( 'NONE', *, *, #396, .T. ) ;
#1395 = ORIENTED_EDGE ( 'NONE', *, *, #739, .F. ) ;
#1396 = CARTESIAN_POINT ( 'NONE',  ( -63.00000000000000000, 2.500000000000000000, -53.00000000000002132 ) ) ;
#1397 = EDGE_CURVE ( 'NONE', #453, #116, #829, .T. ) ;
#1398 = CARTESIAN_POINT ( 'NONE',  ( -67.84999999999999432, 0.000000000000000000, -67.84999999999999432 ) ) ;
#1399 = PRODUCT_DEFINITION_FORMATION_WITH_SPECIFIED_SOURCE ( '�', '', #705, .NOT_KNOWN. ) ;
#1400 = ORIENTED_EDGE ( 'NONE', *, *, #1075, .T. ) ;
#1401 = APPLICATION_CONTEXT ( 'configuration controlled 3d designs of mechanical parts and assemblies' ) ;
#1402 = ORIENTED_EDGE ( 'NONE', *, *, #114, .T. ) ;
#1403 = LINE ( 'NONE', #1288, #840 ) ;
#1404 = AXIS2_PLACEMENT_3D ( 'NONE', #329, #303, #77 ) ;
#1405 = AXIS2_PLACEMENT_3D ( 'NONE', #1202, #506, #394 ) ;
#1406 = ORIENTED_EDGE ( 'NONE', *, *, #873, .T. ) ;
#1407 = EDGE_CURVE ( 'NONE', #439, #582, #129, .T. ) ;
#1408 = ORIENTED_EDGE ( 'NONE', *, *, #1286, .T. ) ;
#1409 = CARTESIAN_POINT ( 'NONE',  ( 70.09999999999999432, 1.500000000000000000, -67.84999999999998010 ) ) ;
#1410 = CYLINDRICAL_SURFACE ( 'NONE', #1341, 2.250000000000001776 ) ;
#1411 = ORIENTED_EDGE ( 'NONE', *, *, #609, .T. ) ;
#1412 = CARTESIAN_POINT ( 'NONE',  ( 64.99999999999997158, 1.500000000000000000, 67.00000000000000000 ) ) ;
#1413 = VERTEX_POINT ( 'NONE', #374 ) ;
#1414 = EDGE_LOOP ( 'NONE', ( #882, #1174, #943, #1001, #1484, #1057, #1143, #1032 ) ) ;
#1415 = EDGE_CURVE ( 'NONE', #1491, #124, #925, .T. ) ;
#1416 = CARTESIAN_POINT ( 'NONE',  ( -65.00000000000001421, 1.500000000000000000, 65.00000000000000000 ) ) ;
#1417 = LINE ( 'NONE', #34, #445 ) ;
#1418 = DIRECTION ( 'NONE',  ( 0.000000000000000000, 0.000000000000000000, -1.000000000000000000 ) ) ;
#1419 = EDGE_CURVE ( 'NONE', #918, #453, #1403, .T. ) ;
#1420 = ORIENTED_EDGE ( 'NONE', *, *, #286, .F. ) ;
#1421 = CIRCLE ( 'NONE', #951, 2.000000000000001776 ) ;
#1422 = LINE ( 'NONE', #1503, #1099 ) ;
#1423 = ADVANCED_FACE ( 'NONE', ( #1041 ), #801, .T. ) ;
#1424 = CALENDAR_DATE ( 2026, 15, 9 ) ;
#1425 = ORIENTED_EDGE ( 'NONE', *, *, #393, .T. ) ;
#1426 = CYLINDRICAL_SURFACE ( 'NONE', #109, 2.000000000000001776 ) ;
#1427 = DIRECTION ( 'NONE',  ( 0.000000000000000000, 0.000000000000000000, 1.000000000000000000 ) ) ;
#1428 = VECTOR ( 'NONE', #1284, 1000.000000000000000 ) ;
#1429 = EDGE_CURVE ( 'NONE', #708, #586, #592, .T. ) ;
#1430 = EDGE_CURVE ( 'NONE', #549, #1383, #21, .T. ) ;
#1431 = ORIENTED_EDGE ( 'NONE', *, *, #1293, .T. ) ;
#1432 = DATE_AND_TIME ( #851, #279 ) ;
#1433 = VERTEX_POINT ( 'NONE', #485 ) ;
#1434 = AXIS2_PLACEMENT_3D ( 'NONE', #992, #1465, #413 ) ;
#1435 = AXIS2_PLACEMENT_3D ( 'NONE', #26, #142, #710 ) ;
#1436 = DIRECTION ( 'NONE',  ( -0.000000000000000000, 1.000000000000000000, -0.000000000000000000 ) ) ;
#1437 = LINE ( 'NONE', #387, #1280 ) ;
#1438 = VERTEX_POINT ( 'NONE', #949 ) ;
#1439 = LINE ( 'NONE', #1197, #1181 ) ;
#1440 = CARTESIAN_POINT ( 'NONE',  ( -65.00000000000000000, 3.250000000000000444, 67.00000000000000000 ) ) ;
#1441 = DIRECTION ( 'NONE',  ( 0.000000000000000000, 0.000000000000000000, 1.000000000000000000 ) ) ;
#1442 = CARTESIAN_POINT ( 'NONE',  ( -65.00000000000000000, 1.500000000000000000, -67.00000000000000000 ) ) ;
#1443 = DATE_TIME_ROLE ( 'creation_date' ) ;
#1444 = COORDINATED_UNIVERSAL_TIME_OFFSET ( 8, 0, .AHEAD. ) ;
#1445 = CARTESIAN_POINT ( 'NONE',  ( -53.00000000000000000, 3.250000000000000444, 63.00000000000000000 ) ) ;
#1446 = EDGE_CURVE ( 'NONE', #800, #350, #574, .T. ) ;
#1447 = CARTESIAN_POINT ( 'NONE',  ( 64.99999999999998579, 1.500000000000000000, -65.00000000000000000 ) ) ;
#1448 = PERSON_AND_ORGANIZATION ( #761, #932 ) ;
#1449 = VECTOR ( 'NONE', #1072, 1000.000000000000000 ) ;
#1450 = EDGE_CURVE ( 'NONE', #328, #677, #1054, .T. ) ;
#1451 = EDGE_CURVE ( 'NONE', #356, #440, #1439, .T. ) ;
#1452 = AXIS2_PLACEMENT_3D ( 'NONE', #954, #732, #283 ) ;
#1453 = LINE ( 'NONE', #974, #1000 ) ;
#1454 = CC_DESIGN_PERSON_AND_ORGANIZATION_ASSIGNMENT ( #42, #503, ( #705 ) ) ;
#1455 = DIRECTION ( 'NONE',  ( 0.000000000000000000, 0.000000000000000000, 1.000000000000000000 ) ) ;
#1456 = LINE ( 'NONE', #89, #223 ) ;
#1457 = CARTESIAN_POINT ( 'NONE',  ( -65.00000000000001421, 1.500000000000000000, -65.00000000000000000 ) ) ;
#1458 = EDGE_CURVE ( 'NONE', #1164, #190, #1120, .T. ) ;
#1459 = CARTESIAN_POINT ( 'NONE',  ( 63.89999999999997016, 3.250000000000000444, 61.90000000000001279 ) ) ;
#1460 = EDGE_CURVE ( 'NONE', #1383, #1491, #536, .T. ) ;
#1461 = FACE_OUTER_BOUND ( 'NONE', #1183, .T. ) ;
#1462 = AXIS2_PLACEMENT_3D ( 'NONE', #184, #1436, #386 ) ;
#1463 = LINE ( 'NONE', #757, #492 ) ;
#1464 = DIRECTION ( 'NONE',  ( 0.000000000000000000, 0.000000000000000000, 1.000000000000000000 ) ) ;
#1465 = DIRECTION ( 'NONE',  ( 0.000000000000000000, 0.000000000000000000, -1.000000000000000000 ) ) ;
#1466 = SECURITY_CLASSIFICATION ( '', '', #495 ) ;
#1467 = EDGE_LOOP ( 'NONE', ( #706, #1010, #1209, #1009 ) ) ;
#1468 = CARTESIAN_POINT ( 'NONE',  ( -63.90000000000002700, 3.250000000000000444, -61.89999999999997016 ) ) ;
#1469 = CARTESIAN_POINT ( 'NONE',  ( 66.10000000000000853, 2.250000000000000444, -64.09999999999998010 ) ) ;
#1470 = CIRCLE ( 'NONE', #568, 2.000000000000001776 ) ;
#1471 = VECTOR ( 'NONE', #1455, 1000.000000000000000 ) ;
#1472 = CIRCLE ( 'NONE', #621, 2.250000000000001776 ) ;
#1473 = PLANE ( 'NONE',  #200 ) ;
#1474 = EDGE_LOOP ( 'NONE', ( #364, #125, #110, #319, #1265, #847, #565, #822 ) ) ;
#1475 = CARTESIAN_POINT ( 'NONE',  ( -53.00000000000000000, 2.500000000000000000, 53.00000000000000000 ) ) ;
#1476 = ORIENTED_EDGE ( 'NONE', *, *, #606, .F. ) ;
#1477 = DIRECTION ( 'NONE',  ( -1.000000000000000000, -0.000000000000000000, -0.000000000000000000 ) ) ;
#1478 = DIRECTION ( 'NONE',  ( 0.000000000000000000, 0.000000000000000000, 1.000000000000000000 ) ) ;
#1479 = ADVANCED_FACE ( 'NONE', ( #513 ), #1330, .F. ) ;
#1480 = FACE_OUTER_BOUND ( 'NONE', #716, .T. ) ;
#1481 = ORIENTED_EDGE ( 'NONE', *, *, #102, .F. ) ;
#1482 = ORIENTED_EDGE ( 'NONE', *, *, #1254, .F. ) ;
#1483 = DIRECTION ( 'NONE',  ( 0.000000000000000000, 1.000000000000000000, 0.000000000000000000 ) ) ;
#1484 = ORIENTED_EDGE ( 'NONE', *, *, #49, .T. ) ;
#1485 = CARTESIAN_POINT ( 'NONE',  ( -65.00000000000001421, 3.250000000000000444, 65.00000000000000000 ) ) ;
#1486 = CARTESIAN_POINT ( 'NONE',  ( -64.09999999999998010, 2.250000000000000444, -66.09999999999998010 ) ) ;
#1487 = EDGE_CURVE ( 'NONE', #207, #241, #747, .T. ) ;
#1488 = AXIS2_PLACEMENT_3D ( 'NONE', #608, #146, #852 ) ;
#1489 = CARTESIAN_POINT ( 'NONE',  ( -64.09999999999998010, 3.250000000000000444, -64.09999999999998010 ) ) ;
#1490 = ORIENTED_EDGE ( 'NONE', *, *, #169, .T. ) ;
#1491 = VERTEX_POINT ( 'NONE', #733 ) ;
#1492 = CARTESIAN_POINT ( 'NONE',  ( 70.09999999999999432, 0.000000000000000000, -67.84999999999998010 ) ) ;
#1493 = ORIENTED_EDGE ( 'NONE', *, *, #1027, .T. ) ;
#1494 = VECTOR ( 'NONE', #2, 1000.000000000000000 ) ;
#1495 = EDGE_CURVE ( 'NONE', #439, #895, #1324, .T. ) ;
#1496 = CARTESIAN_POINT ( 'NONE',  ( -67.00000000000001421, 3.250000000000000444, -64.99999999999998579 ) ) ;
#1497 = DIRECTION ( 'NONE',  ( 1.000000000000000000, -0.000000000000000000, 0.000000000000000000 ) ) ;
#1498 = VECTOR ( 'NONE', #1348, 1000.000000000000000 ) ;
#1499 = ORIENTED_EDGE ( 'NONE', *, *, #1059, .F. ) ;
#1500 = AXIS2_PLACEMENT_3D ( 'NONE', #489, #1051, #482 ) ;
#1501 = ORIENTED_EDGE ( 'NONE', *, *, #171, .T. ) ;
#1502 = VERTEX_POINT ( 'NONE', #397 ) ;
#1503 = CARTESIAN_POINT ( 'NONE',  ( -61.90000000000001279, 2.250000000000000444, -63.89999999999998437 ) ) ;
#1504 = ORIENTED_EDGE ( 'NONE', *, *, #157, .T. ) ;
#1505 = ORIENTED_EDGE ( 'NONE', *, *, #179, .T. ) ;
ENDSEC;
END-ISO-10303-21;
