ISO-10303-21;
HEADER;
FILE_DESCRIPTION (( 'STEP AP203' ),
    '1' );
FILE_NAME ('Horseman_Lensboard_blank.STEP',
    '2026-09-14T14:22:40',
    ( '' ),
    ( '' ),
    'SwSTEP 2.0',
    'SolidWorks 2023',
    '' );
FILE_SCHEMA (( 'CONFIG_CONTROL_DESIGN' ));
ENDSEC;

DATA;
#1 = CARTESIAN_POINT ( 'NONE',  ( -32.33564266211786986, 13.03764946192202245, -9.835379527661313404 ) ) ;
#2 = DIRECTION ( 'NONE',  ( -1.000000000000000000, 0.000000000000000000, 2.820688578824078424E-16 ) ) ;
#3 = VECTOR ( 'NONE', #3440, 1000.000000000000000 ) ;
#4 = ORIENTED_EDGE ( 'NONE', *, *, #2375, .F. ) ;
#5 = DIRECTION ( 'NONE',  ( -0.000000000000000000, 1.000000000000000000, -0.000000000000000000 ) ) ;
#6 = CARTESIAN_POINT ( 'NONE',  ( -33.58555426230893914, 16.50000000000000000, -9.999999999999991118 ) ) ;
#7 = AXIS2_PLACEMENT_3D ( 'NONE', #280, #43, #362 ) ;
#8 = CYLINDRICAL_SURFACE ( 'NONE', #148, 3.250000000000002665 ) ;
#9 = CARTESIAN_POINT ( 'NONE',  ( 0.000000000000000000, 0.000000000000000000, 0.000000000000000000 ) ) ;
#10 = AXIS2_PLACEMENT_3D ( 'NONE', #2305, #2325, #3552 ) ;
#11 = ORIENTED_EDGE ( 'NONE', *, *, #558, .F. ) ;
#12 = DIRECTION ( 'NONE',  ( 0.000000000000000000, -0.000000000000000000, -1.000000000000000000 ) ) ;
#13 = CIRCLE ( 'NONE', #3793, 2.299999999999999822 ) ;
#14 = CARTESIAN_POINT ( 'NONE',  ( -30.17538978509252345, 13.35613856087142715, -7.704520393029855363 ) ) ;
#15 = EDGE_CURVE ( 'NONE', #1022, #2922, #3686, .T. ) ;
#16 = ORIENTED_EDGE ( 'NONE', *, *, #2076, .T. ) ;
#17 = CIRCLE ( 'NONE', #3477, 32.45000000000000284 ) ;
#18 = ORIENTED_EDGE ( 'NONE', *, *, #1003, .F. ) ;
#19 =( BOUNDED_SURFACE ( )  B_SPLINE_SURFACE ( 3, 2, ( 
 ( #3179, #994, #2206 ),
 ( #1276, #3141, #398 ),
 ( #1051, #3725, #3103 ),
 ( #3505, #3448, #1636 ) ),
 .UNSPECIFIED., .F., .F., .F. ) 
 B_SPLINE_SURFACE_WITH_KNOTS ( ( 4, 4 ),
 ( 3, 3 ),
 ( 0.007921028212782670053, 0.008522821337370905387 ),
 ( 0.000000000000000000, 1.000000000000000000 ),
 .UNSPECIFIED. ) 
 GEOMETRIC_REPRESENTATION_ITEM ( )  RATIONAL_B_SPLINE_SURFACE ( (
 ( 1.000000000000000000, 0.9908247785324452162, 1.000000000000000000),
 ( 1.000000000000000000, 0.9969828727535702262, 1.000000000000000000),
 ( 1.000000000000000000, 1.000012619746659670, 1.000000000000000000),
 ( 1.000000000000000000, 1.000000000000000000, 1.000000000000000000) ) ) 
 REPRESENTATION_ITEM ( '' )  SURFACE ( )  );
#20 = DIRECTION ( 'NONE',  ( -0.000000000000000000, -1.000000000000000000, -0.000000000000000000 ) ) ;
#21 = DIRECTION ( 'NONE',  ( -0.000000000000000000, 1.000000000000000000, -0.000000000000000000 ) ) ;
#22 = EDGE_CURVE ( 'NONE', #51, #2950, #84, .T. ) ;
#23 = ADVANCED_FACE ( 'NONE', ( #3621 ), #3704, .T. ) ;
#24 = AXIS2_PLACEMENT_3D ( 'NONE', #3525, #2601, #3032 ) ;
#25 = DIRECTION ( 'NONE',  ( -1.000000000000000000, -0.000000000000000000, -0.000000000000000000 ) ) ;
#26 = ORIENTED_EDGE ( 'NONE', *, *, #3204, .F. ) ;
#27 = CIRCLE ( 'NONE', #2583, 0.8000000000000020428 ) ;
#28 = CARTESIAN_POINT ( 'NONE',  ( -9.499999999999998224, -1.800000000000000044, 32.07261292754301962 ) ) ;
#29 = DIRECTION ( 'NONE',  ( 0.000000000000000000, 0.000000000000000000, -1.000000000000000000 ) ) ;
#30 = ORIENTED_EDGE ( 'NONE', *, *, #577, .T. ) ;
#31 = CYLINDRICAL_SURFACE ( 'NONE', #2512, 0.9999999999999991118 ) ;
#32 = PLANE ( 'NONE',  #1996 ) ;
#33 = CARTESIAN_POINT ( 'NONE',  ( -28.70000000000000639, 14.59999999999999964, -2.199999999999991740 ) ) ;
#34 = LINE ( 'NONE', #2995, #607 ) ;
#35 = ORIENTED_EDGE ( 'NONE', *, *, #3668, .T. ) ;
#36 = VECTOR ( 'NONE', #689, 1000.000000000000000 ) ;
#37 = EDGE_LOOP ( 'NONE', ( #2041, #2600, #758, #2033, #2380, #1175, #3643, #1844, #1720, #1428 ) ) ;
#38 = DIRECTION ( 'NONE',  ( 1.000000000000000000, 0.000000000000000000, 0.000000000000000000 ) ) ;
#39 = PERSON_AND_ORGANIZATION ( #1039, #3751 ) ;
#40 = DIRECTION ( 'NONE',  ( -0.000000000000000000, -1.000000000000000000, 0.000000000000000000 ) ) ;
#41 = ORIENTED_EDGE ( 'NONE', *, *, #3129, .T. ) ;
#42 = DIRECTION ( 'NONE',  ( 0.000000000000000000, 0.000000000000000000, 1.000000000000000000 ) ) ;
#43 = DIRECTION ( 'NONE',  ( -0.000000000000000000, 0.000000000000000000, 1.000000000000000000 ) ) ;
#44 = AXIS2_PLACEMENT_3D ( 'NONE', #2461, #1550, #1464 ) ;
#45 = ORIENTED_EDGE ( 'NONE', *, *, #2907, .T. ) ;
#46 = CARTESIAN_POINT ( 'NONE',  ( 32.44999999999999574, -1.799999999999999600, 9.500000000000000000 ) ) ;
#47 = ORIENTED_EDGE ( 'NONE', *, *, #3255, .F. ) ;
#48 = EDGE_CURVE ( 'NONE', #310, #3524, #936, .T. ) ;
#49 = DIRECTION ( 'NONE',  ( -0.000000000000000000, 1.000000000000000000, 0.000000000000000000 ) ) ;
#50 = DIRECTION ( 'NONE',  ( -1.000000000000000000, 0.000000000000000000, 0.000000000000000000 ) ) ;
#51 = VERTEX_POINT ( 'NONE', #2115 ) ;
#52 = CARTESIAN_POINT ( 'NONE',  ( -34.00000000000001421, 1.699999999999999956, -4.999999999999992006 ) ) ;
#53 = DIRECTION ( 'NONE',  ( 0.000000000000000000, -0.000000000000000000, -1.000000000000000000 ) ) ;
#54 = DIRECTION ( 'NONE',  ( -0.000000000000000000, -1.000000000000000000, -0.000000000000000000 ) ) ;
#55 = VERTEX_POINT ( 'NONE', #2715 ) ;
#56 = CARTESIAN_POINT ( 'NONE',  ( -33.35000000000000853, 9.950000000000001066, -5.899999999999992362 ) ) ;
#57 = CARTESIAN_POINT ( 'NONE',  ( 36.09999999999995879, 1.699999999999999956, -39.89999999999999147 ) ) ;
#58 = VERTEX_POINT ( 'NONE', #2482 ) ;
#59 = CARTESIAN_POINT ( 'NONE',  ( -27.94680183598614676, -5.200000000000000178, -16.49177877428997618 ) ) ;
#60 = DIRECTION ( 'NONE',  ( 0.000000000000000000, 1.000000000000000000, 0.000000000000000000 ) ) ;
#61 = CARTESIAN_POINT ( 'NONE',  ( -31.14999999999998082, -1.800000000000000044, 35.14999999999999147 ) ) ;
#62 = DIRECTION ( 'NONE',  ( -0.000000000000000000, 1.000000000000000000, -0.000000000000000000 ) ) ;
#63 = DIRECTION ( 'NONE',  ( -0.000000000000000000, 1.000000000000000000, -0.000000000000000000 ) ) ;
#64 = EDGE_CURVE ( 'NONE', #1981, #3890, #406, .T. ) ;
#65 = EDGE_LOOP ( 'NONE', ( #1413, #355, #2144, #2322 ) ) ;
#66 = DIRECTION ( 'NONE',  ( 0.000000000000000000, -0.000000000000000000, -1.000000000000000000 ) ) ;
#67 = DIRECTION ( 'NONE',  ( 0.000000000000000000, 0.000000000000000000, -1.000000000000000000 ) ) ;
#68 = CARTESIAN_POINT ( 'NONE',  ( -34.00000000000001421, -1.500000000000004885, -12.49999999999999289 ) ) ;
#69 = EDGE_CURVE ( 'NONE', #720, #2105, #1552, .T. ) ;
#70 = EDGE_CURVE ( 'NONE', #2179, #155, #3055, .T. ) ;
#71 = ORIENTED_EDGE ( 'NONE', *, *, #3134, .T. ) ;
#72 = DIRECTION ( 'NONE',  ( -0.000000000000000000, 1.000000000000000000, -0.000000000000000000 ) ) ;
#73 = CIRCLE ( 'NONE', #3722, 1.000000000000000888 ) ;
#74 = CARTESIAN_POINT ( 'NONE',  ( 35.14999999999999147, -1.800000000000000044, -31.14999999999998082 ) ) ;
#75 = CIRCLE ( 'NONE', #1611, 20.00000000000000000 ) ;
#76 = ORIENTED_EDGE ( 'NONE', *, *, #2297, .T. ) ;
#77 = VECTOR ( 'NONE', #2660, 1000.000000000000000 ) ;
#78 = LINE ( 'NONE', #3752, #1752 ) ;
#79 = DIRECTION ( 'NONE',  ( 0.000000000000000000, 1.000000000000000000, -0.000000000000000000 ) ) ;
#80 = ORIENTED_EDGE ( 'NONE', *, *, #610, .T. ) ;
#81 = CARTESIAN_POINT ( 'NONE',  ( -33.58555426230893914, 14.59402995140084158, -14.09999999999999254 ) ) ;
#82 = EDGE_LOOP ( 'NONE', ( #2279, #3860 ) ) ;
#83 = AXIS2_PLACEMENT_3D ( 'NONE', #1040, #2533, #446 ) ;
#84 = CIRCLE ( 'NONE', #3738, 1.000000000000000888 ) ;
#85 = CYLINDRICAL_SURFACE ( 'NONE', #83, 1.549999999999995826 ) ;
#86 = VECTOR ( 'NONE', #20, 1000.000000000000000 ) ;
#87 = PLANE ( 'NONE',  #3466 ) ;
#88 = CIRCLE ( 'NONE', #1945, 1.000000000000000888 ) ;
#89 = EDGE_LOOP ( 'NONE', ( #923, #1511 ) ) ;
#90 = CARTESIAN_POINT ( 'NONE',  ( 36.05000000000000426, -6.684062043356602700, -37.59999999999985221 ) ) ;
#91 = ADVANCED_FACE ( 'NONE', ( #1231 ), #3948, .T. ) ;
#92 = PLANE ( 'NONE',  #2334 ) ;
#93 = DIRECTION ( 'NONE',  ( 1.290735142246298519E-16, 0.000000000000000000, -1.000000000000000000 ) ) ;
#94 = VERTEX_POINT ( 'NONE', #873 ) ;
#95 = CARTESIAN_POINT ( 'NONE',  ( 39.89999999999998437, 0.000000000000000000, -36.09999999999996589 ) ) ;
#96 = ADVANCED_FACE ( 'NONE', ( #3035 ), #332, .T. ) ;
#97 = CC_DESIGN_PERSON_AND_ORGANIZATION_ASSIGNMENT ( #3773, #1016, ( #2200 ) ) ;
#98 = CARTESIAN_POINT ( 'NONE',  ( -33.24151087525780213, 14.60000000000000142, -5.913015412767145484 ) ) ;
#99 = ORIENTED_EDGE ( 'NONE', *, *, #2959, .T. ) ;
#100 = LOCAL_TIME ( 22, 22, 40.00000000000000000, #3140 ) ;
#101 = ADVANCED_FACE ( 'NONE', ( #3319, #271, #294, #2735, #618, #311 ), #1529, .T. ) ;
#102 = FACE_OUTER_BOUND ( 'NONE', #137, .T. ) ;
#103 = DIRECTION ( 'NONE',  ( -0.000000000000000000, -1.000000000000000000, -0.000000000000000000 ) ) ;
#104 = VERTEX_POINT ( 'NONE', #2463 ) ;
#105 =( LENGTH_UNIT ( ) NAMED_UNIT ( * ) SI_UNIT ( .MILLI., .METRE. ) );
#106 = CARTESIAN_POINT ( 'NONE',  ( -34.00000000000001421, 5.200000000000000178, -4.299999999999990941 ) ) ;
#107 = CARTESIAN_POINT ( 'NONE',  ( -33.35000000000000853, 9.950000000000001066, -14.49999999999999289 ) ) ;
#108 = VERTEX_POINT ( 'NONE', #95 ) ;
#109 = CARTESIAN_POINT ( 'NONE',  ( -28.80802839487632028, -1.799999999999999600, -16.00000000000000000 ) ) ;
#110 = DIRECTION ( 'NONE',  ( 0.000000000000000000, 0.000000000000000000, 1.000000000000000000 ) ) ;
#111 = ORIENTED_EDGE ( 'NONE', *, *, #1353, .T. ) ;
#112 = DIRECTION ( 'NONE',  ( 0.000000000000000000, -1.000000000000000000, 0.000000000000000000 ) ) ;
#113 = EDGE_CURVE ( 'NONE', #3059, #3177, #1808, .T. ) ;
#114 = VERTEX_POINT ( 'NONE', #1049 ) ;
#115 = CARTESIAN_POINT ( 'NONE',  ( -27.94680183598614676, -1.799999999999999600, -16.49177877428997618 ) ) ;
#116 = CARTESIAN_POINT ( 'NONE',  ( 39.89999999999998437, 0.000000000000000000, 36.09999999999998010 ) ) ;
#117 = VERTEX_POINT ( 'NONE', #1651 ) ;
#118 = DIRECTION ( 'NONE',  ( 0.000000000000000000, 0.000000000000000000, -1.000000000000000000 ) ) ;
#119 = EDGE_CURVE ( 'NONE', #861, #1848, #1596, .T. ) ;
#120 = ADVANCED_FACE ( 'NONE', ( #3101 ), #3721, .F. ) ;
#121 = DIRECTION ( 'NONE',  ( 0.000000000000000000, 1.000000000000000000, 0.000000000000000000 ) ) ;
#122 = DIRECTION ( 'NONE',  ( 1.000000000000000000, -7.461176240760458925E-16, 0.000000000000000000 ) ) ;
#123 = DIRECTION ( 'NONE',  ( 0.000000000000000000, -0.000000000000000000, -1.000000000000000000 ) ) ;
#124 = CARTESIAN_POINT ( 'NONE',  ( 36.09999999999995879, 1.699999999999999956, 39.90000000000000568 ) ) ;
#125 = VERTEX_POINT ( 'NONE', #1954 ) ;
#126 = CARTESIAN_POINT ( 'NONE',  ( -28.85449643848419043, 11.34887190184161376, -13.54984690333066055 ) ) ;
#127 = FACE_OUTER_BOUND ( 'NONE', #1194, .T. ) ;
#128 = EDGE_LOOP ( 'NONE', ( #3586, #76, #2262, #423 ) ) ;
#129 = AXIS2_PLACEMENT_3D ( 'NONE', #1461, #3254, #508 ) ;
#130 = ORIENTED_EDGE ( 'NONE', *, *, #782, .F. ) ;
#131 = CARTESIAN_POINT ( 'NONE',  ( 33.44999999999999574, -1.800000000000000044, -31.14999999999999147 ) ) ;
#132 = EDGE_CURVE ( 'NONE', #305, #191, #2817, .T. ) ;
#133 = AXIS2_PLACEMENT_3D ( 'NONE', #459, #745, #1923 ) ;
#134 = DIRECTION ( 'NONE',  ( 0.000000000000000000, 1.000000000000000000, -0.000000000000000000 ) ) ;
#135 = ORIENTED_EDGE ( 'NONE', *, *, #2636, .F. ) ;
#136 = DIRECTION ( 'NONE',  ( -0.000000000000000000, -1.000000000000000000, -0.000000000000000000 ) ) ;
#137 = EDGE_LOOP ( 'NONE', ( #2874, #3703, #1637, #1860 ) ) ;
#138 = CIRCLE ( 'NONE', #2382, 3.249999999999999556 ) ;
#139 = CYLINDRICAL_SURFACE ( 'NONE', #2201, 1.000000000000000888 ) ;
#140 = EDGE_CURVE ( 'NONE', #997, #238, #2702, .T. ) ;
#141 = EDGE_CURVE ( 'NONE', #3383, #2376, #3106, .T. ) ;
#142 = CARTESIAN_POINT ( 'NONE',  ( 24.84999999999998366, 0.000000000000000000, 24.60000000000000853 ) ) ;
#143 = CIRCLE ( 'NONE', #269, 1.550000000000002709 ) ;
#144 = AXIS2_PLACEMENT_3D ( 'NONE', #2185, #623, #1842 ) ;
#145 = FACE_OUTER_BOUND ( 'NONE', #3315, .T. ) ;
#146 = EDGE_CURVE ( 'NONE', #1350, #492, #2872, .T. ) ;
#147 = LINE ( 'NONE', #753, #3423 ) ;
#148 = AXIS2_PLACEMENT_3D ( 'NONE', #308, #1916, #2776 ) ;
#149 = ORIENTED_EDGE ( 'NONE', *, *, #2808, .T. ) ;
#150 = DIRECTION ( 'NONE',  ( -0.000000000000000000, 1.000000000000000000, -0.000000000000000000 ) ) ;
#151 = DIRECTION ( 'NONE',  ( 0.000000000000000000, 0.000000000000000000, 1.000000000000000000 ) ) ;
#152 = VERTEX_POINT ( 'NONE', #2260 ) ;
#153 = DIRECTION ( 'NONE',  ( 0.000000000000000000, 0.000000000000000000, 1.000000000000000000 ) ) ;
#154 = VERTEX_POINT ( 'NONE', #2856 ) ;
#155 = VERTEX_POINT ( 'NONE', #3780 ) ;
#156 = CARTESIAN_POINT ( 'NONE',  ( 33.44999999999999574, 0.000000000000000000, -9.500000000000001776 ) ) ;
#157 = LINE ( 'NONE', #3433, #1219 ) ;
#158 = EDGE_LOOP ( 'NONE', ( #2484, #1581, #2427, #2398 ) ) ;
#159 = ORIENTED_EDGE ( 'NONE', *, *, #1207, .F. ) ;
#160 =( GEOMETRIC_REPRESENTATION_CONTEXT ( 3 ) GLOBAL_UNCERTAINTY_ASSIGNED_CONTEXT ( ( #1140 ) ) GLOBAL_UNIT_ASSIGNED_CONTEXT ( ( #105, #444, #3788 ) ) REPRESENTATION_CONTEXT ( 'NONE', 'WORKASPACE' ) );
#161 = CARTESIAN_POINT ( 'NONE',  ( -32.43868279583489311, 14.51326145663022871, -13.94052802560931781 ) ) ;
#162 = CYLINDRICAL_SURFACE ( 'NONE', #3651, 3.249999999999999556 ) ;
#163 = CARTESIAN_POINT ( 'NONE',  ( -33.75339966963822036, 13.17925526389807089, -8.749999999999996447 ) ) ;
#164 = ADVANCED_FACE ( 'NONE', ( #3426 ), #3464, .T. ) ;
#165 = CARTESIAN_POINT ( 'NONE',  ( 8.500000000000000000, -1.799999999999999600, 9.403927464937319686E-16 ) ) ;
#166 = FACE_OUTER_BOUND ( 'NONE', #1137, .T. ) ;
#167 = EDGE_CURVE ( 'NONE', #2916, #3143, #716, .T. ) ;
#168 = EDGE_CURVE ( 'NONE', #1784, #1841, #3802, .T. ) ;
#169 = EDGE_LOOP ( 'NONE', ( #918, #2148 ) ) ;
#170 = CARTESIAN_POINT ( 'NONE',  ( -32.45000000000000995, -1.799999999999999600, 8.500000000000000000 ) ) ;
#171 = CYLINDRICAL_SURFACE ( 'NONE', #2847, 4.650000000000001243 ) ;
#172 = ORIENTED_EDGE ( 'NONE', *, *, #3074, .F. ) ;
#173 = DIRECTION ( 'NONE',  ( 0.000000000000000000, -1.000000000000000000, 0.000000000000000000 ) ) ;
#174 = ORIENTED_EDGE ( 'NONE', *, *, #2788, .T. ) ;
#175 = VERTEX_POINT ( 'NONE', #1937 ) ;
#176 = CARTESIAN_POINT ( 'NONE',  ( -31.73940020383105676, 10.30842474325932479, -14.49999999999998934 ) ) ;
#177 = CARTESIAN_POINT ( 'NONE',  ( -33.45000000000000995, -1.800000000000000044, 9.499999999999998224 ) ) ;
#178 = EDGE_LOOP ( 'NONE', ( #649, #1196, #3008, #876 ) ) ;
#179 = ORIENTED_EDGE ( 'NONE', *, *, #2080, .F. ) ;
#180 = ORIENTED_EDGE ( 'NONE', *, *, #877, .T. ) ;
#181 = CARTESIAN_POINT ( 'NONE',  ( -31.92908281051044028, 14.38080504819991567, -13.75466419950340580 ) ) ;
#182 = CARTESIAN_POINT ( 'NONE',  ( -28.77828965686989093, 10.30842474325933367, -14.01851861025021151 ) ) ;
#183 = DIRECTION ( 'NONE',  ( 0.000000000000000000, 0.000000000000000000, -1.000000000000000000 ) ) ;
#184 = CARTESIAN_POINT ( 'NONE',  ( -37.53982210008308584, 11.97170257114242631, -8.882538163321122227 ) ) ;
#185 = CARTESIAN_POINT ( 'NONE',  ( -38.00000000000001421, 14.59999999999999964, -14.49999999999999289 ) ) ;
#186 = ORIENTED_EDGE ( 'NONE', *, *, #3529, .F. ) ;
#187 = CARTESIAN_POINT ( 'NONE',  ( -29.47841807519739632, 13.01769717627696465, -9.712728837532862869 ) ) ;
#188 = ADVANCED_FACE ( 'NONE', ( #1023 ), #3836, .T. ) ;
#189 = EDGE_CURVE ( 'NONE', #1727, #369, #3903, .T. ) ;
#190 = DIRECTION ( 'NONE',  ( -0.000000000000000000, -1.000000000000000000, -0.000000000000000000 ) ) ;
#191 = VERTEX_POINT ( 'NONE', #3502 ) ;
#192 = CARTESIAN_POINT ( 'NONE',  ( 0.000000000000000000, -1.799999999999999600, 0.000000000000000000 ) ) ;
#193 = VERTEX_POINT ( 'NONE', #170 ) ;
#194 = CARTESIAN_POINT ( 'NONE',  ( 0.000000000000000000, 0.000000000000000000, 0.000000000000000000 ) ) ;
#195 = DIRECTION ( 'NONE',  ( 0.000000000000000000, 0.000000000000000000, -1.000000000000000000 ) ) ;
#196 = VECTOR ( 'NONE', #1282, 1000.000000000000000 ) ;
#197 = ORIENTED_EDGE ( 'NONE', *, *, #2026, .T. ) ;
#198 = ORIENTED_EDGE ( 'NONE', *, *, #2815, .F. ) ;
#199 = VECTOR ( 'NONE', #1678, 1000.000000000000000 ) ;
#200 = DIRECTION ( 'NONE',  ( -0.000000000000000000, 1.000000000000000000, -0.000000000000000000 ) ) ;
#201 = CARTESIAN_POINT ( 'NONE',  ( 2.584004746200915413E-15, 2.399999999999999911, 21.10000000000000142 ) ) ;
#202 = DIRECTION ( 'NONE',  ( 0.000000000000000000, 0.000000000000000000, 1.000000000000000000 ) ) ;
#203 = VECTOR ( 'NONE', #757, 1000.000000000000000 ) ;
#204 = CARTESIAN_POINT ( 'NONE',  ( -37.64751285734035946, 11.72638695411488641, -9.424213897332093026 ) ) ;
#205 = CIRCLE ( 'NONE', #1345, 32.45000000000000284 ) ;
#206 = LINE ( 'NONE', #1447, #3403 ) ;
#207 = VECTOR ( 'NONE', #1081, 1000.000000000000000 ) ;
#208 = ORIENTED_EDGE ( 'NONE', *, *, #2759, .F. ) ;
#209 = VECTOR ( 'NONE', #533, 1000.000000000000000 ) ;
#210 = LINE ( 'NONE', #773, #209 ) ;
#211 = EDGE_CURVE ( 'NONE', #2855, #3784, #755, .T. ) ;
#212 = AXIS2_PLACEMENT_3D ( 'NONE', #942, #2425, #2741 ) ;
#213 = CARTESIAN_POINT ( 'NONE',  ( 36.05000000000000426, -6.684062043356602700, -36.04999999999984794 ) ) ;
#214 = AXIS2_PLACEMENT_3D ( 'NONE', #630, #3049, #3356 ) ;
#215 = DIRECTION ( 'NONE',  ( 0.000000000000000000, -0.000000000000000000, -1.000000000000000000 ) ) ;
#216 = ORIENTED_EDGE ( 'NONE', *, *, #1509, .F. ) ;
#217 = EDGE_CURVE ( 'NONE', #2331, #155, #596, .T. ) ;
#218 = CONICAL_SURFACE ( 'NONE', #2205, 1.099999999999989875, 0.7853981633974281840 ) ;
#219 = FACE_OUTER_BOUND ( 'NONE', #665, .T. ) ;
#220 = VERTEX_POINT ( 'NONE', #1990 ) ;
#221 = ORIENTED_EDGE ( 'NONE', *, *, #1098, .F. ) ;
#222 = EDGE_CURVE ( 'NONE', #1015, #1533, #912, .T. ) ;
#223 = DIRECTION ( 'NONE',  ( 0.000000000000000000, 0.000000000000000000, 1.000000000000000000 ) ) ;
#224 = FACE_OUTER_BOUND ( 'NONE', #3605, .T. ) ;
#225 = DIRECTION ( 'NONE',  ( 0.000000000000000000, 0.000000000000000000, -1.000000000000000000 ) ) ;
#226 = CONICAL_SURFACE ( 'NONE', #2222, 1.099999999999989875, 0.7853981633974281840 ) ;
#227 = CIRCLE ( 'NONE', #2786, 1.000000000000000888 ) ;
#228 = CARTESIAN_POINT ( 'NONE',  ( -37.67624235531064159, 11.65529014424396692, -10.31243990918592779 ) ) ;
#229 = DIRECTION ( 'NONE',  ( 0.000000000000000000, -1.000000000000000000, 0.000000000000000000 ) ) ;
#230 = ORIENTED_EDGE ( 'NONE', *, *, #3820, .T. ) ;
#231 = DIRECTION ( 'NONE',  ( -0.000000000000000000, -0.000000000000000000, 1.000000000000000000 ) ) ;
#232 = CONICAL_SURFACE ( 'NONE', #3500, 1.099999999999989875, 0.7853981633974359555 ) ;
#233 = DIRECTION ( 'NONE',  ( 0.000000000000000000, 1.000000000000000000, 0.000000000000000000 ) ) ;
#234 = DIRECTION ( 'NONE',  ( -0.000000000000000000, 0.000000000000000000, -1.000000000000000000 ) ) ;
#235 = ORIENTED_EDGE ( 'NONE', *, *, #735, .F. ) ;
#236 = CARTESIAN_POINT ( 'NONE',  ( 9.215994020926752128, 0.000000000000000000, 31.11379041849839311 ) ) ;
#237 = ORIENTED_EDGE ( 'NONE', *, *, #1003, .T. ) ;
#238 = VERTEX_POINT ( 'NONE', #2892 ) ;
#239 = CARTESIAN_POINT ( 'NONE',  ( -30.13699413964464213, 13.31920002443431095, -12.24216989993321292 ) ) ;
#240 = CARTESIAN_POINT ( 'NONE',  ( -33.45000000000000995, -1.800000000000000044, -31.14999999999998082 ) ) ;
#241 = ADVANCED_FACE ( 'NONE', ( #1383, #2340 ), #3885, .T. ) ;
#242 = ADVANCED_FACE ( 'NONE', ( #796 ), #3564, .T. ) ;
#243 = CARTESIAN_POINT ( 'NONE',  ( 33.44999999999998863, 0.000000000000000000, -31.14999999999999858 ) ) ;
#244 = CARTESIAN_POINT ( 'NONE',  ( -37.25881056675262215, 12.47597530742661398, -11.83814719664321835 ) ) ;
#245 = FACE_OUTER_BOUND ( 'NONE', #2522, .T. ) ;
#246 = VERTEX_POINT ( 'NONE', #1754 ) ;
#247 = CARTESIAN_POINT ( 'NONE',  ( -32.92107563897666722, 14.58515137038145681, -5.530834899471537724 ) ) ;
#248 = FACE_OUTER_BOUND ( 'NONE', #1959, .T. ) ;
#249 = VERTEX_POINT ( 'NONE', #1131 ) ;
#250 = CARTESIAN_POINT ( 'NONE',  ( 9.499999999999992895, 0.000000000000000000, 32.07261292754301962 ) ) ;
#251 = CARTESIAN_POINT ( 'NONE',  ( -33.58555426230893914, -5.201000000000000512, -14.09999999999999076 ) ) ;
#252 = VERTEX_POINT ( 'NONE', #3519 ) ;
#253 = ORIENTED_EDGE ( 'NONE', *, *, #3557, .F. ) ;
#254 = EDGE_CURVE ( 'NONE', #3305, #1969, #210, .T. ) ;
#255 = DIRECTION ( 'NONE',  ( 0.000000000000000000, 0.000000000000000000, -1.000000000000000000 ) ) ;
#256 = PLANE ( 'NONE',  #1216 ) ;
#257 = CARTESIAN_POINT ( 'NONE',  ( -35.15000000000000568, -1.800000000000000044, 31.14999999999996660 ) ) ;
#258 = AXIS2_PLACEMENT_3D ( 'NONE', #1201, #304, #2771 ) ;
#259 = ADVANCED_FACE ( 'NONE', ( #475 ), #2360, .T. ) ;
#260 = CARTESIAN_POINT ( 'NONE',  ( -37.67804599173727098, 11.65064260300698606, -9.712687089855016609 ) ) ;
#261 = CYLINDRICAL_SURFACE ( 'NONE', #129, 20.00000000000000000 ) ;
#262 = AXIS2_PLACEMENT_3D ( 'NONE', #1418, #2388, #2353 ) ;
#263 = ORIENTED_EDGE ( 'NONE', *, *, #2319, .F. ) ;
#264 = DIRECTION ( 'NONE',  ( 0.000000000000000000, 0.000000000000000000, -1.000000000000000000 ) ) ;
#265 = ADVANCED_FACE ( 'NONE', ( #2034 ), #2610, .F. ) ;
#266 = AXIS2_PLACEMENT_3D ( 'NONE', #3488, #1903, #699 ) ;
#267 = CARTESIAN_POINT ( 'NONE',  ( -33.35000000000000853, 9.950000000000001066, -2.199999999999993516 ) ) ;
#268 = CARTESIAN_POINT ( 'NONE',  ( -33.58555426230893914, 16.50000000000000000, -9.999999999999991118 ) ) ;
#269 = AXIS2_PLACEMENT_3D ( 'NONE', #2625, #565, #2337 ) ;
#270 = EDGE_LOOP ( 'NONE', ( #1316, #2213, #3308, #1176, #2619, #2143, #1733, #570 ) ) ;
#271 = FACE_BOUND ( 'NONE', #89, .T. ) ;
#272 = VECTOR ( 'NONE', #121, 1000.000000000000000 ) ;
#273 = AXIS2_PLACEMENT_3D ( 'NONE', #3073, #2437, #1255 ) ;
#274 =( BOUNDED_SURFACE ( )  B_SPLINE_SURFACE ( 3, 2, ( 
 ( #1379, #3234, #1324 ),
 ( #2608, #2257, #491 ),
 ( #2277, #3480, #1950 ),
 ( #3498, #1708, #3175 ) ),
 .UNSPECIFIED., .F., .F., .F. ) 
 B_SPLINE_SURFACE_WITH_KNOTS ( ( 4, 4 ),
 ( 3, 3 ),
 ( 0.4154616040541840305, 0.5000000000000013323 ),
 ( 0.000000000000000000, 1.000000000000000000 ),
 .UNSPECIFIED. ) 
 GEOMETRIC_REPRESENTATION_ITEM ( )  RATIONAL_B_SPLINE_SURFACE ( (
 ( 1.000000000000000000, 0.6187492890059801409, 1.000000000000000000),
 ( 1.000000000000000000, 0.6494052799776330875, 1.000000000000000000),
 ( 1.000000000000000000, 0.6790970389340140745, 1.000000000000000000),
 ( 1.000000000000000000, 0.7071067811865491270, 1.000000000000000000) ) ) 
 REPRESENTATION_ITEM ( '' )  SURFACE ( )  );
#275 = CARTESIAN_POINT ( 'NONE',  ( -36.09999999999998721, 1.699999999999999956, 39.90000000000000568 ) ) ;
#276 = CIRCLE ( 'NONE', #1302, 3.250000000000002665 ) ;
#277 = ORIENTED_EDGE ( 'NONE', *, *, #995, .F. ) ;
#278 = ORIENTED_EDGE ( 'NONE', *, *, #2122, .T. ) ;
#279 = DIRECTION ( 'NONE',  ( -1.000000000000000000, 0.000000000000000000, 0.000000000000000000 ) ) ;
#280 = CARTESIAN_POINT ( 'NONE',  ( 0.000000000000000000, -26.84966131682163137, -8.500000000000000000 ) ) ;
#281 = CARTESIAN_POINT ( 'NONE',  ( -33.91679092998629130, 13.15387417875441756, -11.21618012943323528 ) ) ;
#282 = CARTESIAN_POINT ( 'NONE',  ( -32.36884880644380047, 13.04904644481822018, -9.670403546938471706 ) ) ;
#283 = CARTESIAN_POINT ( 'NONE',  ( -38.00000000000001421, 14.59999999999999964, -14.49999999999999289 ) ) ;
#284 = EDGE_CURVE ( 'NONE', #1230, #3304, #2014, .T. ) ;
#285 = VERTEX_POINT ( 'NONE', #1712 ) ;
#286 = CIRCLE ( 'NONE', #612, 1.550000000000002709 ) ;
#287 = CARTESIAN_POINT ( 'NONE',  ( -33.35000000000000853, 14.59999999999999964, -14.49999999999999289 ) ) ;
#288 = LINE ( 'NONE', #3681, #1595 ) ;
#289 = CARTESIAN_POINT ( 'NONE',  ( 9.499999999999991118, -1.800000000000000044, 32.44999999999999574 ) ) ;
#290 = DIRECTION ( 'NONE',  ( 0.000000000000000000, 0.000000000000000000, 1.000000000000000000 ) ) ;
#291 = EDGE_CURVE ( 'NONE', #3522, #411, #3092, .T. ) ;
#292 = EDGE_CURVE ( 'NONE', #2739, #252, #2051, .T. ) ;
#293 = EDGE_LOOP ( 'NONE', ( #3079, #2422, #3138, #2560 ) ) ;
#294 = FACE_BOUND ( 'NONE', #1259, .T. ) ;
#295 = AXIS2_PLACEMENT_3D ( 'NONE', #3317, #853, #1253 ) ;
#296 = DIRECTION ( 'NONE',  ( 0.000000000000000000, 1.000000000000000000, -0.000000000000000000 ) ) ;
#297 = VERTEX_POINT ( 'NONE', #3333 ) ;
#298 = ORIENTED_EDGE ( 'NONE', *, *, #3191, .F. ) ;
#299 = LINE ( 'NONE', #1862, #3544 ) ;
#300 = DIRECTION ( 'NONE',  ( 0.000000000000000000, -0.000000000000000000, -1.000000000000000000 ) ) ;
#301 = EDGE_LOOP ( 'NONE', ( #3965, #2871, #3659, #2743 ) ) ;
#302 = CARTESIAN_POINT ( 'NONE',  ( -34.00000000000001421, 1.699999999999999956, -11.69999999999999041 ) ) ;
#303 = CARTESIAN_POINT ( 'NONE',  ( -34.44740057443294745, 14.46865156647801953, -2.199999999999990852 ) ) ;
#304 = DIRECTION ( 'NONE',  ( -0.000000000000000000, 0.000000000000000000, 1.000000000000000000 ) ) ;
#305 = VERTEX_POINT ( 'NONE', #3068 ) ;
#306 = DIRECTION ( 'NONE',  ( 0.000000000000000000, 0.000000000000000000, -1.000000000000000000 ) ) ;
#307 = DIRECTION ( 'NONE',  ( 1.000000000000000000, 0.000000000000000000, 0.000000000000000000 ) ) ;
#308 = CARTESIAN_POINT ( 'NONE',  ( -33.35000000000000853, 9.950000000000001066, -5.899999999999992362 ) ) ;
#309 = CARTESIAN_POINT ( 'NONE',  ( 36.04999999999984084, -0.2999999999999999334, 34.50000000000001421 ) ) ;
#310 = VERTEX_POINT ( 'NONE', #1809 ) ;
#311 = FACE_BOUND ( 'NONE', #270, .T. ) ;
#312 = PERSON_AND_ORGANIZATION ( #1039, #3751 ) ;
#313 = ADVANCED_FACE ( 'NONE', ( #3680 ), #3377, .T. ) ;
#314 = EDGE_CURVE ( 'NONE', #363, #1828, #1804, .T. ) ;
#315 = FACE_OUTER_BOUND ( 'NONE', #2414, .T. ) ;
#316 = ORIENTED_EDGE ( 'NONE', *, *, #812, .F. ) ;
#317 = ORIENTED_EDGE ( 'NONE', *, *, #2357, .T. ) ;
#318 = CARTESIAN_POINT ( 'NONE',  ( 32.07261292754301962, -1.800000000000000044, 9.499999999999996447 ) ) ;
#319 = DIRECTION ( 'NONE',  ( 0.000000000000000000, 0.000000000000000000, 1.000000000000000000 ) ) ;
#320 = LINE ( 'NONE', #3732, #2150 ) ;
#321 = LINE ( 'NONE', #1891, #3414 ) ;
#322 = DIRECTION ( 'NONE',  ( -0.000000000000000000, -1.000000000000000000, 0.000000000000000000 ) ) ;
#323 = CIRCLE ( 'NONE', #896, 0.8000000000000020428 ) ;
#324 = ORIENTED_EDGE ( 'NONE', *, *, #2076, .F. ) ;
#325 = CARTESIAN_POINT ( 'NONE',  ( -31.15000000000000924, -1.800000000000000044, -31.15000000000000924 ) ) ;
#326 = DIRECTION ( 'NONE',  ( 0.000000000000000000, 0.000000000000000000, -1.000000000000000000 ) ) ;
#327 = AXIS2_PLACEMENT_3D ( 'NONE', #3974, #3710, #3021 ) ;
#328 = DIRECTION ( 'NONE',  ( 1.000000000000000000, 0.000000000000000000, 0.000000000000000000 ) ) ;
#329 = LINE ( 'NONE', #2077, #1184 ) ;
#330 = VECTOR ( 'NONE', #543, 1000.000000000000000 ) ;
#331 = EDGE_LOOP ( 'NONE', ( #822, #1523 ) ) ;
#332 = CYLINDRICAL_SURFACE ( 'NONE', #3219, 4.100000000000000533 ) ;
#333 = DATE_AND_TIME ( #3385, #2015 ) ;
#334 = VECTOR ( 'NONE', #431, 1000.000000000000000 ) ;
#335 = CARTESIAN_POINT ( 'NONE',  ( -29.75410744718293898, 12.90474961718522096, -8.509238224311950205 ) ) ;
#336 = EDGE_CURVE ( 'NONE', #1121, #1519, #3159, .T. ) ;
#337 = ORIENTED_EDGE ( 'NONE', *, *, #488, .T. ) ;
#338 = PRODUCT_DEFINITION_SHAPE ( 'NONE', 'NONE',  #2328 ) ;
#339 = AXIS2_PLACEMENT_3D ( 'NONE', #2787, #3954, #3346 ) ;
#340 = DIRECTION ( 'NONE',  ( 0.000000000000000000, 0.000000000000000000, -1.000000000000000000 ) ) ;
#341 = DIRECTION ( 'NONE',  ( -1.000000000000000000, -0.000000000000000000, -0.000000000000000000 ) ) ;
#342 = CIRCLE ( 'NONE', #3288, 0.8000000000000020428 ) ;
#343 = FACE_OUTER_BOUND ( 'NONE', #2599, .T. ) ;
#344 = CIRCLE ( 'NONE', #1423, 4.000000000000000000 ) ;
#345 = EDGE_CURVE ( 'NONE', #2228, #3344, #2455, .T. ) ;
#346 = VECTOR ( 'NONE', #2911, 1000.000000000000000 ) ;
#347 = FACE_BOUND ( 'NONE', #3013, .T. ) ;
#348 = CARTESIAN_POINT ( 'NONE',  ( -33.54624607068781472, 14.59602373959275923, -14.09999999999999076 ) ) ;
#349 = VERTEX_POINT ( 'NONE', #2774 ) ;
#350 = DIRECTION ( 'NONE',  ( 0.9870368489870533502, 0.000000000000000000, 0.1604937965832608227 ) ) ;
#351 = DIRECTION ( 'NONE',  ( 8.659560562354757830E-17, -0.7071067811865617836, 0.7071067811865332509 ) ) ;
#352 = DIRECTION ( 'NONE',  ( 0.000000000000000000, -1.000000000000000000, 0.000000000000000000 ) ) ;
#353 = CYLINDRICAL_SURFACE ( 'NONE', #1638, 1.000000000000000888 ) ;
#354 = CIRCLE ( 'NONE', #3172, 1.549999999999995826 ) ;
#355 = ORIENTED_EDGE ( 'NONE', *, *, #3351, .F. ) ;
#356 = DIRECTION ( 'NONE',  ( -0.000000000000000000, 1.000000000000000000, -0.000000000000000000 ) ) ;
#357 = APPROVAL_ROLE ( '' ) ;
#358 = DIRECTION ( 'NONE',  ( -0.000000000000000000, -0.000000000000000000, -1.000000000000000000 ) ) ;
#359 = ORIENTED_EDGE ( 'NONE', *, *, #2210, .F. ) ;
#360 = ORIENTED_EDGE ( 'NONE', *, *, #466, .F. ) ;
#361 = DIRECTION ( 'NONE',  ( -0.000000000000000000, -1.000000000000000000, -0.000000000000000000 ) ) ;
#362 = DIRECTION ( 'NONE',  ( 1.000000000000000000, 0.000000000000000000, 0.000000000000000000 ) ) ;
#363 = VERTEX_POINT ( 'NONE', #930 ) ;
#364 = DIRECTION ( 'NONE',  ( -0.000000000000000000, 1.000000000000000000, -0.000000000000000000 ) ) ;
#365 = CARTESIAN_POINT ( 'NONE',  ( -28.70000000000000995, 14.59999999999999964, -14.49999999999999289 ) ) ;
#366 = EDGE_CURVE ( 'NONE', #1711, #1191, #344, .T. ) ;
#367 = EDGE_CURVE ( 'NONE', #3199, #3094, #2135, .T. ) ;
#368 = DIRECTION ( 'NONE',  ( 0.000000000000000000, 1.000000000000000000, -0.000000000000000000 ) ) ;
#369 = VERTEX_POINT ( 'NONE', #1524 ) ;
#370 = DIRECTION ( 'NONE',  ( 1.000000000000000000, -0.000000000000000000, -1.398970545142585555E-16 ) ) ;
#371 = FACE_OUTER_BOUND ( 'NONE', #1690, .T. ) ;
#372 = CARTESIAN_POINT ( 'NONE',  ( 0.000000000000000000, 0.5999999999999963141, 0.000000000000000000 ) ) ;
#373 = AXIS2_PLACEMENT_3D ( 'NONE', #52, #2136, #326 ) ;
#374 = ORIENTED_EDGE ( 'NONE', *, *, #657, .T. ) ;
#375 = CARTESIAN_POINT ( 'NONE',  ( -28.78096561344704085, 10.99580386450821834, -14.00206147729644890 ) ) ;
#376 = PERSON_AND_ORGANIZATION_ROLE ( 'creator' ) ;
#377 = CARTESIAN_POINT ( 'NONE',  ( -32.35000000000000853, 9.950000000000001066, 39.90000000000000568 ) ) ;
#378 = EDGE_LOOP ( 'NONE', ( #2579, #850, #3549, #571 ) ) ;
#379 = EDGE_CURVE ( 'NONE', #2968, #2331, #2687, .T. ) ;
#380 = LINE ( 'NONE', #1600, #2264 ) ;
#381 = CARTESIAN_POINT ( 'NONE',  ( -34.00000000000001421, 5.200000000000000178, -12.49999999999999289 ) ) ;
#382 = VERTEX_POINT ( 'NONE', #3599 ) ;
#383 = DIRECTION ( 'NONE',  ( -0.000000000000000000, -1.000000000000000000, -0.000000000000000000 ) ) ;
#384 = EDGE_CURVE ( 'NONE', #3318, #305, #2070, .T. ) ;
#385 = FACE_OUTER_BOUND ( 'NONE', #3838, .T. ) ;
#386 = DIRECTION ( 'NONE',  ( 0.000000000000000000, -1.000000000000000000, 0.000000000000000000 ) ) ;
#387 = EDGE_CURVE ( 'NONE', #238, #2462, #3316, .T. ) ;
#388 = EDGE_CURVE ( 'NONE', #2436, #2339, #886, .T. ) ;
#389 = ORIENTED_EDGE ( 'NONE', *, *, #1951, .T. ) ;
#390 = LINE ( 'NONE', #3190, #1478 ) ;
#391 = DIRECTION ( 'NONE',  ( -1.106344407639684604E-16, 0.000000000000000000, 1.000000000000000000 ) ) ;
#392 = DIRECTION ( 'NONE',  ( -0.000000000000000000, -1.000000000000000000, -0.000000000000000000 ) ) ;
#393 = ADVANCED_FACE ( 'NONE', ( #3920 ), #2396, .F. ) ;
#394 = EDGE_LOOP ( 'NONE', ( #1545, #1980 ) ) ;
#395 = CARTESIAN_POINT ( 'NONE',  ( -30.03225846827353607, 13.24992282768668694, -11.83497946715500859 ) ) ;
#396 = AXIS2_PLACEMENT_3D ( 'NONE', #3959, #368, #987 ) ;
#397 = COORDINATED_UNIVERSAL_TIME_OFFSET ( 8, 0, .AHEAD. ) ;
#398 = CARTESIAN_POINT ( 'NONE',  ( -28.73698202540701985, 10.62733658170808937, -14.49999999999999289 ) ) ;
#399 = CIRCLE ( 'NONE', #3211, 32.45000000000000284 ) ;
#400 = VERTEX_POINT ( 'NONE', #287 ) ;
#401 = VECTOR ( 'NONE', #2364, 1000.000000000000000 ) ;
#402 = CARTESIAN_POINT ( 'NONE',  ( 8.500000000000003553, 0.000000000000000000, -32.07261292754301962 ) ) ;
#403 = LINE ( 'NONE', #2563, #1157 ) ;
#404 = ORIENTED_EDGE ( 'NONE', *, *, #3668, .F. ) ;
#405 = CIRCLE ( 'NONE', #1031, 4.000000000000000000 ) ;
#406 = CIRCLE ( 'NONE', #3478, 0.8000000000000020428 ) ;
#407 = DIRECTION ( 'NONE',  ( 1.106344407639684480E-16, 0.000000000000000000, -1.000000000000000000 ) ) ;
#408 = VECTOR ( 'NONE', #998, 1000.000000000000000 ) ;
#409 = CARTESIAN_POINT ( 'NONE',  ( 24.84999999999998366, 0.000000000000000000, 27.85000000000000497 ) ) ;
#410 = CIRCLE ( 'NONE', #1355, 0.8000000000000020428 ) ;
#411 = VERTEX_POINT ( 'NONE', #1849 ) ;
#412 = DIRECTION ( 'NONE',  ( -0.000000000000000000, 1.000000000000000000, -0.000000000000000000 ) ) ;
#413 = DIRECTION ( 'NONE',  ( 0.000000000000000000, 0.000000000000000000, -1.000000000000000000 ) ) ;
#414 = ADVANCED_FACE ( 'NONE', ( #2432 ), #1505, .F. ) ;
#415 = B_SPLINE_CURVE_WITH_KNOTS ( 'NONE', 3,
 ( #1707, #1459, #2947, #3297, #3856, #2684, #2071, #1446, #1425, #1725, #549, #3271, #828, #507, #2650, #2973, #184, #1767, #204, #260, #2090, #2704, #228, #3899, #3580, #2991, #1128, #3914, #3936, #244, #2670, #1146, #1397, #2311, #2011, #3882, #3536, #792, #1107, #2372, #811, #3232, #2047, #3313 ),
 .UNSPECIFIED., .F., .F.,
 ( 4, 2, 2, 2, 2, 2, 2, 2, 2, 2, 2, 2, 2, 2, 2, 2, 2, 2, 2, 2, 2, 4 ),
 ( 0.000000000000000000, 0.0008956783851724647904, 0.001343517577758706130, 0.001791356770344947578, 0.002687035155517428307, 0.003582713540689908601, 0.004478391925862389329, 0.005374070311034871358, 0.006269748696207354255, 0.006717587888793593101, 0.007165427081379832815, 0.007613266273966072528, 0.008061105466552309640, 0.008508944659138548486, 0.008956783851724789067, 0.009852462236897263290, 0.01074814062206973925, 0.01164381900724221520, 0.01253949739241469116, 0.01298733658500093348, 0.01343517577758717232, 0.01433085416275965349 ),
 .UNSPECIFIED. ) ;
#416 = ORIENTED_EDGE ( 'NONE', *, *, #2834, .T. ) ;
#417 = CARTESIAN_POINT ( 'NONE',  ( -30.84957916549358714, 13.90535019819947493, -10.05137478434279785 ) ) ;
#418 = EDGE_CURVE ( 'NONE', #117, #1848, #3482, .T. ) ;
#419 = ADVANCED_FACE ( 'NONE', ( #2377 ), #3653, .F. ) ;
#421 = DIRECTION ( 'NONE',  ( -0.000000000000000000, 1.000000000000000000, -0.000000000000000000 ) ) ;
#420 = AXIS2_PLACEMENT_3D ( 'NONE', #3719, #1705, #654 ) ;
#422 = VERTEX_POINT ( 'NONE', #2075 ) ;
#423 = ORIENTED_EDGE ( 'NONE', *, *, #3575, .F. ) ;
#424 = DIRECTION ( 'NONE',  ( -0.000000000000000000, 1.000000000000000000, -0.000000000000000000 ) ) ;
#425 = DIRECTION ( 'NONE',  ( -0.000000000000000000, -1.000000000000000000, 0.000000000000000000 ) ) ;
#426 = ORIENTED_EDGE ( 'NONE', *, *, #1192, .F. ) ;
#427 = CYLINDRICAL_SURFACE ( 'NONE', #3108, 3.799999999999998046 ) ;
#428 = AXIS2_PLACEMENT_3D ( 'NONE', #3923, #3683, #1169 ) ;
#429 = FACE_OUTER_BOUND ( 'NONE', #1791, .T. ) ;
#430 = CARTESIAN_POINT ( 'NONE',  ( -33.35000000000000142, 9.950000000000001066, 9.406996410378298909E-15 ) ) ;
#431 = DIRECTION ( 'NONE',  ( 0.000000000000000000, 0.000000000000000000, -1.000000000000000000 ) ) ;
#432 = DIRECTION ( 'NONE',  ( 0.000000000000000000, 0.000000000000000000, 1.000000000000000000 ) ) ;
#433 = VERTEX_POINT ( 'NONE', #3095 ) ;
#434 = CARTESIAN_POINT ( 'NONE',  ( -28.92478286395806464, 11.47122919229651572, -14.25177703590896527 ) ) ;
#435 = ADVANCED_FACE ( 'NONE', ( #1871 ), #3396, .T. ) ;
#436 = DIRECTION ( 'NONE',  ( 1.000000000000000000, 0.000000000000000000, 0.000000000000000000 ) ) ;
#437 = VERTEX_POINT ( 'NONE', #948 ) ;
#438 = ORIENTED_EDGE ( 'NONE', *, *, #1779, .F. ) ;
#439 = ADVANCED_FACE ( 'NONE', ( #3699 ), #31, .F. ) ;
#440 = CC_DESIGN_PERSON_AND_ORGANIZATION_ASSIGNMENT ( #3447, #1210, ( #1181 ) ) ;
#441 = DIRECTION ( 'NONE',  ( 0.000000000000000000, 0.000000000000000000, -1.000000000000000000 ) ) ;
#442 = CARTESIAN_POINT ( 'NONE',  ( -34.35000000000001563, 9.950000000000001066, -5.899999999999988809 ) ) ;
#443 = EDGE_LOOP ( 'NONE', ( #3441, #316, #3894, #3756 ) ) ;
#444 =( NAMED_UNIT ( * ) PLANE_ANGLE_UNIT ( ) SI_UNIT ( $, .RADIAN. ) );
#445 = ORIENTED_EDGE ( 'NONE', *, *, #254, .F. ) ;
#446 = DIRECTION ( 'NONE',  ( 0.000000000000000000, 0.000000000000000000, 1.000000000000000000 ) ) ;
#447 = LINE ( 'NONE', #1664, #2438 ) ;
#448 = DIRECTION ( 'NONE',  ( 0.000000000000000000, 0.000000000000000000, -1.000000000000000000 ) ) ;
#449 = DIRECTION ( 'NONE',  ( -1.000000000000000000, 0.000000000000000000, 0.000000000000000000 ) ) ;
#450 = EDGE_LOOP ( 'NONE', ( #198, #1654, #1301, #1254 ) ) ;
#451 = CARTESIAN_POINT ( 'NONE',  ( -32.30245007694269077, 14.51065112666669421, -6.880835521139090361 ) ) ;
#452 = CARTESIAN_POINT ( 'NONE',  ( -32.45000000000000995, -0.000000000000000000, 8.500000000000000000 ) ) ;
#453 = VECTOR ( 'NONE', #2685, 1000.000000000000000 ) ;
#454 = DIRECTION ( 'NONE',  ( 0.000000000000000000, -1.000000000000000000, 0.000000000000000000 ) ) ;
#455 = EDGE_LOOP ( 'NONE', ( #2184, #1341, #1053, #3167 ) ) ;
#456 = ORIENTED_EDGE ( 'NONE', *, *, #735, .T. ) ;
#457 = CARTESIAN_POINT ( 'NONE',  ( -34.00000000000001421, -1.800000000000000044, -12.49999999999999289 ) ) ;
#458 = CIRCLE ( 'NONE', #262, 1.549999999999995826 ) ;
#459 = CARTESIAN_POINT ( 'NONE',  ( 36.09999999999998721, 1.699999999999999956, -36.09999999999999432 ) ) ;
#460 = EDGE_LOOP ( 'NONE', ( #3362, #1185 ) ) ;
#461 = ADVANCED_FACE ( 'NONE', ( #3826 ), #1974, .T. ) ;
#462 = ORIENTED_EDGE ( 'NONE', *, *, #70, .F. ) ;
#463 = VECTOR ( 'NONE', #3526, 1000.000000000000000 ) ;
#464 = DIRECTION ( 'NONE',  ( 0.000000000000000000, 0.000000000000000000, 1.000000000000000000 ) ) ;
#465 = FACE_OUTER_BOUND ( 'NONE', #1368, .T. ) ;
#466 = EDGE_CURVE ( 'NONE', #1310, #501, #2362, .T. ) ;
#467 = AXIS2_PLACEMENT_3D ( 'NONE', #3188, #1910, #464 ) ;
#468 = CARTESIAN_POINT ( 'NONE',  ( 3.973978863233160764E-15, -5.200000000000000178, -32.45000000000000284 ) ) ;
#469 = VECTOR ( 'NONE', #1886, 1000.000000000000000 ) ;
#470 = AXIS2_PLACEMENT_3D ( 'NONE', #2162, #3339, #1816 ) ;
#471 = DIRECTION ( 'NONE',  ( -0.000000000000000000, 1.000000000000000000, -0.000000000000000000 ) ) ;
#472 = LINE ( 'NONE', #2239, #2073 ) ;
#473 = VECTOR ( 'NONE', #391, 1000.000000000000000 ) ;
#474 = ORIENTED_EDGE ( 'NONE', *, *, #1092, .T. ) ;
#475 = FACE_OUTER_BOUND ( 'NONE', #988, .T. ) ;
#476 = FACE_OUTER_BOUND ( 'NONE', #3831, .T. ) ;
#477 = CARTESIAN_POINT ( 'NONE',  ( -33.50693113941336776, 14.59751706558253836, -5.900565776906540272 ) ) ;
#478 = ORIENTED_EDGE ( 'NONE', *, *, #1502, .F. ) ;
#479 = CARTESIAN_POINT ( 'NONE',  ( -33.45000000000000995, 0.000000000000000000, 31.14999999999998082 ) ) ;
#480 = CARTESIAN_POINT ( 'NONE',  ( -8.500000000000001776, -1.800000000000000044, 32.07261292754301962 ) ) ;
#481 = EDGE_LOOP ( 'NONE', ( #1989, #1599 ) ) ;
#482 = VECTOR ( 'NONE', #118, 1000.000000000000000 ) ;
#483 = VERTEX_POINT ( 'NONE', #514 ) ;
#484 = ADVANCED_FACE ( 'NONE', ( #3842, #2633, #2896, #2321, #1732 ), #3867, .F. ) ;
#485 = PLANE ( 'NONE',  #3606 ) ;
#486 = LINE ( 'NONE', #3878, #1088 ) ;
#487 = DIRECTION ( 'NONE',  ( 0.000000000000000000, 1.000000000000000000, 0.000000000000000000 ) ) ;
#488 = EDGE_CURVE ( 'NONE', #400, #3541, #3506, .T. ) ;
#489 = EDGE_CURVE ( 'NONE', #1884, #958, #1291, .T. ) ;
#490 = DIRECTION ( 'NONE',  ( 0.000000000000000000, 0.000000000000000000, -1.000000000000000000 ) ) ;
#491 = CARTESIAN_POINT ( 'NONE',  ( -34.09640494318121284, 14.55442569096188521, -2.965963046722900120 ) ) ;
#492 = VERTEX_POINT ( 'NONE', #1673 ) ;
#493 = CARTESIAN_POINT ( 'NONE',  ( -31.15000000000000924, -1.800000000000000044, -31.15000000000000924 ) ) ;
#494 = LINE ( 'NONE', #1365, #2194 ) ;
#495 = ORIENTED_EDGE ( 'NONE', *, *, #1509, .T. ) ;
#496 = DIRECTION ( 'NONE',  ( -0.000000000000000000, 1.000000000000000000, -0.000000000000000000 ) ) ;
#497 = EDGE_LOOP ( 'NONE', ( #3571, #1620, #1462, #324 ) ) ;
#498 = ORIENTED_EDGE ( 'NONE', *, *, #254, .T. ) ;
#499 = DIRECTION ( 'NONE',  ( -0.000000000000000000, -1.000000000000000000, -0.000000000000000000 ) ) ;
#500 = CARTESIAN_POINT ( 'NONE',  ( -33.45000000000000995, -1.800000000000000044, -17.00000000000000000 ) ) ;
#501 = VERTEX_POINT ( 'NONE', #759 ) ;
#502 = ORIENTED_EDGE ( 'NONE', *, *, #3504, .T. ) ;
#503 = CARTESIAN_POINT ( 'NONE',  ( 36.09999999999998721, 0.000000000000000000, 36.10000000000000853 ) ) ;
#504 = DIRECTION ( 'NONE',  ( 0.000000000000000000, 0.000000000000000000, 1.000000000000000000 ) ) ;
#505 = CARTESIAN_POINT ( 'NONE',  ( -33.58555426230893914, 13.19145248145150262, -11.24999999999998934 ) ) ;
#506 = ADVANCED_FACE ( 'NONE', ( #1386 ), #2917, .F. ) ;
#507 = CARTESIAN_POINT ( 'NONE',  ( -37.15088142715694630, 12.63763902829837349, -7.960754063847384820 ) ) ;
#508 = DIRECTION ( 'NONE',  ( 0.000000000000000000, 0.000000000000000000, -1.000000000000000000 ) ) ;
#509 = EDGE_CURVE ( 'NONE', #2218, #3085, #1756, .T. ) ;
#510 = ORIENTED_EDGE ( 'NONE', *, *, #534, .F. ) ;
#511 = CARTESIAN_POINT ( 'NONE',  ( -34.00000000000001421, 5.200000000000000178, -13.19999999999999218 ) ) ;
#512 = CARTESIAN_POINT ( 'NONE',  ( 0.000000000000000000, 2.399999999999999911, 0.000000000000000000 ) ) ;
#513 = EDGE_CURVE ( 'NONE', #3892, #3617, #3922, .T. ) ;
#514 = CARTESIAN_POINT ( 'NONE',  ( 0.000000000000000000, 1.699999999999999956, -21.10000000000000142 ) ) ;
#515 = ORIENTED_EDGE ( 'NONE', *, *, #1268, .T. ) ;
#516 = CARTESIAN_POINT ( 'NONE',  ( -34.00000000000001421, 1.699999999999999956, -12.49999999999999289 ) ) ;
#517 = CARTESIAN_POINT ( 'NONE',  ( 35.14999999999999147, -1.800000000000000044, -31.14999999999998082 ) ) ;
#518 = CIRCLE ( 'NONE', #3593, 3.250000000000002665 ) ;
#519 = VERTEX_POINT ( 'NONE', #2979 ) ;
#520 = ORIENTED_EDGE ( 'NONE', *, *, #2931, .F. ) ;
#521 = ORIENTED_EDGE ( 'NONE', *, *, #2054, .T. ) ;
#522 = AXIS2_PLACEMENT_3D ( 'NONE', #381, #3730, #2212 ) ;
#523 = CARTESIAN_POINT ( 'NONE',  ( -33.35000000000000853, 14.59999999999999964, -14.09322784480757029 ) ) ;
#524 = DIRECTION ( 'NONE',  ( 0.000000000000000000, 0.000000000000000000, -1.000000000000000000 ) ) ;
#525 = CARTESIAN_POINT ( 'NONE',  ( -33.45000000000000995, 0.000000000000000000, -31.14999999999998437 ) ) ;
#526 = AXIS2_PLACEMENT_3D ( 'NONE', #3748, #421, #1957 ) ;
#527 = DIRECTION ( 'NONE',  ( 0.000000000000000000, 0.000000000000000000, 1.000000000000000000 ) ) ;
#528 = AXIS2_PLACEMENT_3D ( 'NONE', #3373, #1200, #902 ) ;
#529 = CARTESIAN_POINT ( 'NONE',  ( 0.000000000000000000, 0.000000000000000000, 31.15000000000000213 ) ) ;
#530 = AXIS2_PLACEMENT_3D ( 'NONE', #1537, #921, #895 ) ;
#531 = ORIENTED_EDGE ( 'NONE', *, *, #132, .F. ) ;
#532 = VECTOR ( 'NONE', #1901, 1000.000000000000000 ) ;
#533 = DIRECTION ( 'NONE',  ( 1.000000000000000000, 0.000000000000000000, 0.000000000000000000 ) ) ;
#534 = EDGE_CURVE ( 'NONE', #220, #114, #799, .T. ) ;
#535 = VECTOR ( 'NONE', #424, 1000.000000000000000 ) ;
#536 = DIRECTION ( 'NONE',  ( 0.000000000000000000, 0.000000000000000000, 1.000000000000000000 ) ) ;
#537 = VECTOR ( 'NONE', #351, 1000.000000000000000 ) ;
#538 = PLANE ( 'NONE',  #3483 ) ;
#539 = ORIENTED_EDGE ( 'NONE', *, *, #2254, .T. ) ;
#540 = AXIS2_PLACEMENT_3D ( 'NONE', #2571, #3314, #1803 ) ;
#541 = EDGE_CURVE ( 'NONE', #3787, #1433, #3629, .T. ) ;
#542 = EDGE_CURVE ( 'NONE', #2658, #3843, #1101, .T. ) ;
#543 = DIRECTION ( 'NONE',  ( -1.000000000000000000, -0.000000000000000000, -0.000000000000000000 ) ) ;
#544 = ORIENTED_EDGE ( 'NONE', *, *, #2667, .T. ) ;
#545 = FACE_BOUND ( 'NONE', #862, .T. ) ;
#546 = DIRECTION ( 'NONE',  ( -0.000000000000000000, -1.000000000000000000, -0.000000000000000000 ) ) ;
#547 = LINE ( 'NONE', #1765, #1309 ) ;
#548 = VECTOR ( 'NONE', #2766, 1000.000000000000000 ) ;
#549 = CARTESIAN_POINT ( 'NONE',  ( -36.38252368550548255, 13.48314363472215760, -6.991731394959256995 ) ) ;
#550 = CARTESIAN_POINT ( 'NONE',  ( -33.35000000000000853, 9.950000000000001066, -14.49999999999999289 ) ) ;
#551 = VERTEX_POINT ( 'NONE', #835 ) ;
#552 = DIRECTION ( 'NONE',  ( 0.000000000000000000, -1.000000000000000000, 0.000000000000000000 ) ) ;
#553 = DIRECTION ( 'NONE',  ( -0.000000000000000000, -0.000000000000000000, -1.000000000000000000 ) ) ;
#554 = ADVANCED_FACE ( 'NONE', ( #2018 ), #2657, .T. ) ;
#555 = ORIENTED_EDGE ( 'NONE', *, *, #3642, .F. ) ;
#556 = CARTESIAN_POINT ( 'NONE',  ( -33.35000000000000853, 9.950000000000001066, -2.199999999999990852 ) ) ;
#557 = CARTESIAN_POINT ( 'NONE',  ( 36.09999999999995879, 1.699999999999999956, -39.89999999999999147 ) ) ;
#558 = EDGE_CURVE ( 'NONE', #3059, #3953, #3241, .T. ) ;
#559 = EDGE_CURVE ( 'NONE', #3731, #2621, #915, .T. ) ;
#560 = ORIENTED_EDGE ( 'NONE', *, *, #513, .T. ) ;
#561 = CARTESIAN_POINT ( 'NONE',  ( 0.000000000000000000, -5.200000000000000178, 0.000000000000000000 ) ) ;
#562 = DIRECTION ( 'NONE',  ( -0.000000000000000000, 1.000000000000000000, 0.000000000000000000 ) ) ;
#563 = CARTESIAN_POINT ( 'NONE',  ( -33.58555426230893914, -5.201000000000000512, -9.999999999999991118 ) ) ;
#564 = ADVANCED_FACE ( 'NONE', ( #3260 ), #538, .F. ) ;
#565 = DIRECTION ( 'NONE',  ( 0.000000000000000000, -1.000000000000000000, 0.000000000000000000 ) ) ;
#566 = DIRECTION ( 'NONE',  ( 0.000000000000000000, 0.000000000000000000, 1.000000000000000000 ) ) ;
#567 = ORIENTED_EDGE ( 'NONE', *, *, #2129, .F. ) ;
#568 = CARTESIAN_POINT ( 'NONE',  ( -31.14999999999998082, 0.000000000000000000, -33.45000000000000995 ) ) ;
#569 = CARTESIAN_POINT ( 'NONE',  ( -34.00000000000001421, -1.800000000000000044, -12.49999999999999289 ) ) ;
#570 = ORIENTED_EDGE ( 'NONE', *, *, #366, .F. ) ;
#571 = ORIENTED_EDGE ( 'NONE', *, *, #466, .T. ) ;
#572 = CARTESIAN_POINT ( 'NONE',  ( -30.75094089416615972, 13.81581975128555406, -7.021649678642423176 ) ) ;
#573 = VERTEX_POINT ( 'NONE', #1811 ) ;
#574 = EDGE_LOOP ( 'NONE', ( #2528, #765 ) ) ;
#575 = ORIENTED_EDGE ( 'NONE', *, *, #113, .F. ) ;
#576 = LINE ( 'NONE', #1795, #2576 ) ;
#577 = EDGE_CURVE ( 'NONE', #2024, #2078, #907, .T. ) ;
#578 = CARTESIAN_POINT ( 'NONE',  ( -32.45000000000000995, -1.799999999999999600, -16.00000000000000000 ) ) ;
#579 = EDGE_LOOP ( 'NONE', ( #1655, #3376 ) ) ;
#580 = CARTESIAN_POINT ( 'NONE',  ( 31.14999999999996660, -1.800000000000000044, -35.15000000000000568 ) ) ;
#581 = AXIS2_PLACEMENT_3D ( 'NONE', #3678, #1847, #3115 ) ;
#582 = CARTESIAN_POINT ( 'NONE',  ( -32.33551033384984663, 13.03760598513317426, -10.08130131594148793 ) ) ;
#583 = ADVANCED_FACE ( 'NONE', ( #590 ), #1226, .F. ) ;
#584 = EDGE_CURVE ( 'NONE', #411, #2436, #3397, .T. ) ;
#585 = CARTESIAN_POINT ( 'NONE',  ( -30.70000000000001350, 14.59999999999999964, -2.199999999999989964 ) ) ;
#586 = AXIS2_PLACEMENT_3D ( 'NONE', #999, #134, #686 ) ;
#587 = ORIENTED_EDGE ( 'NONE', *, *, #1559, .F. ) ;
#588 = DIRECTION ( 'NONE',  ( -0.000000000000000000, -1.000000000000000000, -0.000000000000000000 ) ) ;
#589 = VECTOR ( 'NONE', #1514, 1000.000000000000000 ) ;
#590 = FACE_OUTER_BOUND ( 'NONE', #65, .T. ) ;
#591 = DIRECTION ( 'NONE',  ( 0.000000000000000000, 0.000000000000000000, -1.000000000000000000 ) ) ;
#592 = LINE ( 'NONE', #1814, #810 ) ;
#593 = VECTOR ( 'NONE', #407, 1000.000000000000000 ) ;
#594 = ORIENTED_EDGE ( 'NONE', *, *, #2679, .T. ) ;
#595 = EDGE_LOOP ( 'NONE', ( #1057, #2800, #2098, #2734 ) ) ;
#596 = CIRCLE ( 'NONE', #3865, 1.000000000000000888 ) ;
#597 = ADVANCED_FACE ( 'NONE', ( #3716 ), #2175, .F. ) ;
#598 = LINE ( 'NONE', #251, #844 ) ;
#599 = CIRCLE ( 'NONE', #852, 1.549999999999995826 ) ;
#600 = EDGE_LOOP ( 'NONE', ( #3789, #1742 ) ) ;
#601 = ORIENTED_EDGE ( 'NONE', *, *, #1268, .F. ) ;
#602 = DIRECTION ( 'NONE',  ( -0.000000000000000000, 1.000000000000000000, -0.000000000000000000 ) ) ;
#603 = CARTESIAN_POINT ( 'NONE',  ( -36.10000000000001563, -0.3000000000000001554, 36.10000000000000853 ) ) ;
#604 = EDGE_LOOP ( 'NONE', ( #197, #1702, #2692, #1366, #2079, #3638 ) ) ;
#605 = CARTESIAN_POINT ( 'NONE',  ( -33.35000000000000853, 14.59999999999999964, -4.594811253560945552 ) ) ;
#606 = LINE ( 'NONE', #365, #2637 ) ;
#607 = VECTOR ( 'NONE', #3636, 1000.000000000000000 ) ;
#608 = DIRECTION ( 'NONE',  ( 0.000000000000000000, 1.000000000000000000, 0.000000000000000000 ) ) ;
#609 = EDGE_CURVE ( 'NONE', #125, #573, #1241, .T. ) ;
#610 = EDGE_CURVE ( 'NONE', #746, #3407, #3358, .T. ) ;
#611 = EDGE_LOOP ( 'NONE', ( #1284, #3366 ) ) ;
#612 = AXIS2_PLACEMENT_3D ( 'NONE', #3435, #2170, #1865 ) ;
#613 = CARTESIAN_POINT ( 'NONE',  ( 9.500000000000000000, -5.200000000000000178, -32.07261292754301962 ) ) ;
#614 = LINE ( 'NONE', #3700, #725 ) ;
#615 = DIRECTION ( 'NONE',  ( -1.000000000000000000, 0.000000000000000000, 0.000000000000000000 ) ) ;
#616 = CYLINDRICAL_SURFACE ( 'NONE', #2539, 0.8000000000000020428 ) ;
#617 = ORIENTED_EDGE ( 'NONE', *, *, #3382, .F. ) ;
#618 = FACE_OUTER_BOUND ( 'NONE', #1694, .T. ) ;
#619 = DIRECTION ( 'NONE',  ( 0.000000000000000000, 0.000000000000000000, -1.000000000000000000 ) ) ;
#620 = EDGE_LOOP ( 'NONE', ( #3395, #3679, #2301, #1369 ) ) ;
#621 = EDGE_LOOP ( 'NONE', ( #208, #1122, #905, #2901 ) ) ;
#622 = VERTEX_POINT ( 'NONE', #1873 ) ;
#623 = DIRECTION ( 'NONE',  ( 0.000000000000000000, -1.000000000000000000, 0.000000000000000000 ) ) ;
#624 = CARTESIAN_POINT ( 'NONE',  ( -9.500000000000001776, 0.000000000000000000, 32.44999999999999574 ) ) ;
#625 = ORIENTED_EDGE ( 'NONE', *, *, #1482, .T. ) ;
#626 = DIRECTION ( 'NONE',  ( 0.000000000000000000, 0.000000000000000000, -1.000000000000000000 ) ) ;
#627 = CARTESIAN_POINT ( 'NONE',  ( -35.15000000000000568, -1.800000000000000044, -31.14999999999998082 ) ) ;
#628 = CARTESIAN_POINT ( 'NONE',  ( 0.000000000000000000, 2.399999999999999911, 0.000000000000000000 ) ) ;
#629 = EDGE_LOOP ( 'NONE', ( #1489, #2676, #2891, #2110 ) ) ;
#630 = CARTESIAN_POINT ( 'NONE',  ( 9.500000000000000000, 0.000000000000000000, -32.07261292754301962 ) ) ;
#631 = CARTESIAN_POINT ( 'NONE',  ( -36.10000000000001563, 0.000000000000000000, 36.10000000000000853 ) ) ;
#632 = DIRECTION ( 'NONE',  ( -0.000000000000000000, 1.000000000000000000, -0.000000000000000000 ) ) ;
#633 = EDGE_CURVE ( 'NONE', #285, #3530, #288, .T. ) ;
#634 = CARTESIAN_POINT ( 'NONE',  ( -36.04999999999984794, -6.684062043356602700, -34.50000000000000000 ) ) ;
#635 = EDGE_LOOP ( 'NONE', ( #11, #2616, #3180, #2471 ) ) ;
#636 = ORIENTED_EDGE ( 'NONE', *, *, #2401, .F. ) ;
#637 = EDGE_CURVE ( 'NONE', #3034, #3664, #405, .T. ) ;
#638 = CARTESIAN_POINT ( 'NONE',  ( -32.07575393229357275, 14.42486532527395937, -6.184557794040004275 ) ) ;
#639 = ORIENTED_EDGE ( 'NONE', *, *, #559, .T. ) ;
#640 = ORIENTED_EDGE ( 'NONE', *, *, #1630, .F. ) ;
#641 = DIRECTION ( 'NONE',  ( 0.000000000000000000, 1.000000000000000000, -0.000000000000000000 ) ) ;
#642 = EDGE_CURVE ( 'NONE', #369, #437, #3118, .T. ) ;
#643 = DIRECTION ( 'NONE',  ( 0.000000000000000000, 0.000000000000000000, 1.000000000000000000 ) ) ;
#644 = ORIENTED_EDGE ( 'NONE', *, *, #2649, .T. ) ;
#645 = LINE ( 'NONE', #1218, #2082 ) ;
#646 = CARTESIAN_POINT ( 'NONE',  ( -32.87069921438632747, 14.44421666016900474, -2.199999999999990852 ) ) ;
#647 = CARTESIAN_POINT ( 'NONE',  ( -33.58555426230893914, 14.59402995140084158, -14.09999999999999254 ) ) ;
#648 = ADVANCED_FACE ( 'NONE', ( #2797 ), #989, .T. ) ;
#649 = ORIENTED_EDGE ( 'NONE', *, *, #387, .F. ) ;
#650 = CARTESIAN_POINT ( 'NONE',  ( -32.07261292754301962, -5.200000000000000178, 9.499999999999996447 ) ) ;
#651 = DIRECTION ( 'NONE',  ( -0.000000000000000000, -1.000000000000000000, 0.000000000000000000 ) ) ;
#652 = VECTOR ( 'NONE', #2971, 1000.000000000000000 ) ;
#653 = DIRECTION ( 'NONE',  ( 0.000000000000000000, -1.000000000000000000, 0.000000000000000000 ) ) ;
#654 = DIRECTION ( 'NONE',  ( 1.000000000000000000, 0.000000000000000000, 0.000000000000000000 ) ) ;
#655 = ORIENTED_EDGE ( 'NONE', *, *, #633, .T. ) ;
#656 = CARTESIAN_POINT ( 'NONE',  ( -28.75249917401325916, 10.19253389807304799, -14.17713007981851447 ) ) ;
#657 = EDGE_CURVE ( 'NONE', #1519, #55, #614, .T. ) ;
#658 = AXIS2_PLACEMENT_3D ( 'NONE', #627, #3065, #3415 ) ;
#659 = CARTESIAN_POINT ( 'NONE',  ( -32.38649002443369085, 14.50189754359527683, -6.075800563556434497 ) ) ;
#660 = VECTOR ( 'NONE', #675, 1000.000000000000000 ) ;
#661 = EDGE_LOOP ( 'NONE', ( #1661, #1512, #2441, #179 ) ) ;
#662 = EDGE_CURVE ( 'NONE', #349, #1536, #1204, .T. ) ;
#663 = ADVANCED_FACE ( 'NONE', ( #2516 ), #949, .T. ) ;
#664 = CIRCLE ( 'NONE', #1551, 1.000000000000000888 ) ;
#665 = EDGE_LOOP ( 'NONE', ( #3947, #1441, #2993, #2615 ) ) ;
#666 = CARTESIAN_POINT ( 'NONE',  ( -36.10000000000001563, 1.699999999999999956, -36.09999999999999432 ) ) ;
#667 = CARTESIAN_POINT ( 'NONE',  ( 0.000000000000000000, 2.399999999999999911, 0.000000000000000000 ) ) ;
#668 = ORIENTED_EDGE ( 'NONE', *, *, #1092, .F. ) ;
#669 = AXIS2_PLACEMENT_3D ( 'NONE', #2962, #3635, #819 ) ;
#670 = DIRECTION ( 'NONE',  ( -1.000000000000000000, 0.000000000000000000, 2.820688578824078424E-16 ) ) ;
#671 = VECTOR ( 'NONE', #3538, 1000.000000000000000 ) ;
#672 = CARTESIAN_POINT ( 'NONE',  ( -32.58642959971901831, 13.11120300473667655, -9.231452688157281372 ) ) ;
#673 = CARTESIAN_POINT ( 'NONE',  ( -33.42820221333019504, 14.59950836819071185, -14.09716783643848714 ) ) ;
#674 = ORIENTED_EDGE ( 'NONE', *, *, #1614, .F. ) ;
#675 = DIRECTION ( 'NONE',  ( -1.290735142246298519E-16, 0.000000000000000000, 1.000000000000000000 ) ) ;
#676 = DIRECTION ( 'NONE',  ( 0.000000000000000000, 0.000000000000000000, -1.000000000000000000 ) ) ;
#677 = FACE_OUTER_BOUND ( 'NONE', #1036, .T. ) ;
#678 = AXIS2_PLACEMENT_3D ( 'NONE', #2336, #3898, #2389 ) ;
#679 = ORIENTED_EDGE ( 'NONE', *, *, #2097, .T. ) ;
#680 = DIRECTION ( 'NONE',  ( 0.000000000000000000, -1.000000000000000000, 0.000000000000000000 ) ) ;
#681 = DATE_TIME_ROLE ( 'creation_date' ) ;
#682 = DIRECTION ( 'NONE',  ( 0.000000000000000000, 1.000000000000000000, -0.000000000000000000 ) ) ;
#683 = EDGE_CURVE ( 'NONE', #3524, #3727, #13, .T. ) ;
#684 = EDGE_LOOP ( 'NONE', ( #3485, #668, #445, #2404 ) ) ;
#685 = DIRECTION ( 'NONE',  ( 0.000000000000000000, 0.000000000000000000, 1.000000000000000000 ) ) ;
#686 = DIRECTION ( 'NONE',  ( 0.000000000000000000, 0.000000000000000000, -1.000000000000000000 ) ) ;
#687 = ORIENTED_EDGE ( 'NONE', *, *, #1187, .F. ) ;
#688 = ADVANCED_FACE ( 'NONE', ( #1506, #2433 ), #32, .T. ) ;
#689 = DIRECTION ( 'NONE',  ( -1.000000000000000000, -0.000000000000000000, 0.000000000000000000 ) ) ;
#690 = DIRECTION ( 'NONE',  ( 0.000000000000000000, 1.000000000000000000, 0.000000000000000000 ) ) ;
#691 = DIRECTION ( 'NONE',  ( 0.000000000000000000, 0.000000000000000000, 1.000000000000000000 ) ) ;
#692 = ADVANCED_FACE ( 'NONE', ( #2158 ), #3378, .T. ) ;
#693 = VERTEX_POINT ( 'NONE', #2887 ) ;
#694 = LINE ( 'NONE', #1915, #976 ) ;
#695 = CARTESIAN_POINT ( 'NONE',  ( -31.14999999999998082, -1.800000000000000044, -33.45000000000000995 ) ) ;
#696 = PLANE ( 'NONE',  #1115 ) ;
#697 = ORIENTED_EDGE ( 'NONE', *, *, #3840, .F. ) ;
#698 = CARTESIAN_POINT ( 'NONE',  ( -29.67958392905314113, 12.85257565011861303, -12.60460632451359508 ) ) ;
#699 = DIRECTION ( 'NONE',  ( -1.000000000000000000, 0.000000000000000000, 0.000000000000000000 ) ) ;
#700 = ORIENTED_EDGE ( 'NONE', *, *, #1436, .T. ) ;
#701 = CARTESIAN_POINT ( 'NONE',  ( -33.58555426230893914, 13.19145248145150262, -11.24999999999998934 ) ) ;
#702 = LINE ( 'NONE', #1300, #2758 ) ;
#703 = EDGE_LOOP ( 'NONE', ( #2816, #1214, #2307, #781 ) ) ;
#704 = ORIENTED_EDGE ( 'NONE', *, *, #2424, .F. ) ;
#705 = EDGE_CURVE ( 'NONE', #3720, #3617, #1648, .T. ) ;
#706 = LINE ( 'NONE', #3149, #1104 ) ;
#707 = CARTESIAN_POINT ( 'NONE',  ( -8.500000000000001776, -0.000000000000000000, 32.07261292754301962 ) ) ;
#708 = ORIENTED_EDGE ( 'NONE', *, *, #3404, .F. ) ;
#709 = EDGE_CURVE ( 'NONE', #2366, #1138, #390, .T. ) ;
#710 = EDGE_CURVE ( 'NONE', #1921, #1784, #3734, .T. ) ;
#711 = CARTESIAN_POINT ( 'NONE',  ( -36.04999999999984794, -6.684062043356602700, -36.05000000000000426 ) ) ;
#712 = CARTESIAN_POINT ( 'NONE',  ( 0.000000000000000000, 2.399999999999999911, 0.000000000000000000 ) ) ;
#713 = ADVANCED_BREP_SHAPE_REPRESENTATION ( 'Horseman_Lensboard_blank', ( #3811, #3803, #2716 ), #160 ) ;
#714 = VECTOR ( 'NONE', #2666, 1000.000000000000000 ) ;
#715 = ORIENTED_EDGE ( 'NONE', *, *, #3206, .T. ) ;
#716 = LINE ( 'NONE', #1292, #2961 ) ;
#717 = AXIS2_PLACEMENT_3D ( 'NONE', #667, #881, #3326 ) ;
#718 = PLANE ( 'NONE',  #2511 ) ;
#719 = CIRCLE ( 'NONE', #2828, 20.00000000000000000 ) ;
#720 = VERTEX_POINT ( 'NONE', #2569 ) ;
#721 = AXIS2_PLACEMENT_3D ( 'NONE', #2848, #690, #1927 ) ;
#722 = CARTESIAN_POINT ( 'NONE',  ( -34.00000000000001421, -5.200000000000000178, -4.999999999999992006 ) ) ;
#723 = DIRECTION ( 'NONE',  ( -0.000000000000000000, -1.000000000000000000, -0.000000000000000000 ) ) ;
#724 = VERTEX_POINT ( 'NONE', #3154 ) ;
#725 = VECTOR ( 'NONE', #3962, 1000.000000000000000 ) ;
#726 = PLANE ( 'NONE',  #3924 ) ;
#727 = CIRCLE ( 'NONE', #2960, 3.799999999999998046 ) ;
#728 = DIRECTION ( 'NONE',  ( 0.000000000000000000, 0.000000000000000000, 1.000000000000000000 ) ) ;
#729 = VECTOR ( 'NONE', #1203, 1000.000000000000000 ) ;
#730 = VECTOR ( 'NONE', #496, 1000.000000000000000 ) ;
#731 = EDGE_CURVE ( 'NONE', #2513, #1274, #1339, .T. ) ;
#732 = CIRCLE ( 'NONE', #24, 1.000000000000000888 ) ;
#733 = CARTESIAN_POINT ( 'NONE',  ( 36.04999999999984084, -6.684062043356602700, 37.60000000000000853 ) ) ;
#734 = DIRECTION ( 'NONE',  ( 0.000000000000000000, 1.000000000000000000, -0.000000000000000000 ) ) ;
#735 = EDGE_CURVE ( 'NONE', #175, #2594, #1687, .T. ) ;
#736 = EDGE_CURVE ( 'NONE', #305, #1807, #1046, .T. ) ;
#737 = ORIENTED_EDGE ( 'NONE', *, *, #1635, .F. ) ;
#738 = CARTESIAN_POINT ( 'NONE',  ( 0.000000000000000000, -5.200000000000000178, 0.000000000000000000 ) ) ;
#740 = CARTESIAN_POINT ( 'NONE',  ( -34.35000000000001563, 9.950000000000001066, 39.90000000000000568 ) ) ;
#739 = VECTOR ( 'NONE', #1670, 1000.000000000000000 ) ;
#741 = ORIENTED_EDGE ( 'NONE', *, *, #1294, .F. ) ;
#742 = ORIENTED_EDGE ( 'NONE', *, *, #3718, .F. ) ;
#743 = CC_DESIGN_APPROVAL ( #1858, ( #2328 ) ) ;
#744 = CARTESIAN_POINT ( 'NONE',  ( -30.70000000000001350, 11.57040434076483848, -2.199999999999989964 ) ) ;
#745 = DIRECTION ( 'NONE',  ( 0.000000000000000000, 1.000000000000000000, -0.000000000000000000 ) ) ;
#746 = VERTEX_POINT ( 'NONE', #1307 ) ;
#747 = CYLINDRICAL_SURFACE ( 'NONE', #1823, 3.799999999999998046 ) ;
#748 = VERTEX_POINT ( 'NONE', #3497 ) ;
#749 = AXIS2_PLACEMENT_3D ( 'NONE', #2977, #233, #1450 ) ;
#750 = CARTESIAN_POINT ( 'NONE',  ( -31.14999999999998082, -1.800000000000000044, -35.15000000000000568 ) ) ;
#751 = PLANE ( 'NONE',  #2249 ) ;
#752 = FACE_OUTER_BOUND ( 'NONE', #1130, .T. ) ;
#753 = CARTESIAN_POINT ( 'NONE',  ( -34.00000000000001421, 5.200000000000000178, -11.79999999999999183 ) ) ;
#754 = VERTEX_POINT ( 'NONE', #3174 ) ;
#755 = LINE ( 'NONE', #511, #2330 ) ;
#756 = ADVANCED_FACE ( 'NONE', ( #752 ), #1665, .T. ) ;
#757 = DIRECTION ( 'NONE',  ( -0.000000000000000000, -0.000000000000000000, -1.000000000000000000 ) ) ;
#758 = ORIENTED_EDGE ( 'NONE', *, *, #830, .F. ) ;
#759 = CARTESIAN_POINT ( 'NONE',  ( -36.09999999999998721, 0.000000000000000000, -39.89999999999999147 ) ) ;
#760 = ORIENTED_EDGE ( 'NONE', *, *, #3817, .F. ) ;
#761 = EDGE_CURVE ( 'NONE', #2223, #3530, #3153, .T. ) ;
#762 = ORIENTED_EDGE ( 'NONE', *, *, #64, .F. ) ;
#763 = DIRECTION ( 'NONE',  ( 0.000000000000000000, 0.000000000000000000, -1.000000000000000000 ) ) ;
#764 = DIRECTION ( 'NONE',  ( -0.000000000000000000, -1.000000000000000000, 0.000000000000000000 ) ) ;
#765 = ORIENTED_EDGE ( 'NONE', *, *, #2815, .T. ) ;
#766 = VERTEX_POINT ( 'NONE', #2238 ) ;
#767 = FACE_OUTER_BOUND ( 'NONE', #574, .T. ) ;
#768 = CARTESIAN_POINT ( 'NONE',  ( -36.09999999999998721, 1.699999999999999956, -39.89999999999999147 ) ) ;
#769 = CARTESIAN_POINT ( 'NONE',  ( -32.45000000000000995, -1.800000000000000044, 9.499999999999998224 ) ) ;
#770 = DIRECTION ( 'NONE',  ( -0.000000000000000000, 1.000000000000000000, -0.000000000000000000 ) ) ;
#771 = DIRECTION ( 'NONE',  ( 0.000000000000000000, 0.000000000000000000, -1.000000000000000000 ) ) ;
#772 = ORIENTED_EDGE ( 'NONE', *, *, #418, .T. ) ;
#773 = CARTESIAN_POINT ( 'NONE',  ( -36.09999999999998721, 1.699999999999999956, 39.90000000000000568 ) ) ;
#774 = DIRECTION ( 'NONE',  ( 0.000000000000000000, -1.000000000000000000, 0.000000000000000000 ) ) ;
#775 = VECTOR ( 'NONE', #3066, 1000.000000000000000 ) ;
#776 = DIRECTION ( 'NONE',  ( 0.000000000000000000, 0.000000000000000000, 1.000000000000000000 ) ) ;
#777 = EDGE_LOOP ( 'NONE', ( #587, #26 ) ) ;
#778 = DIRECTION ( 'NONE',  ( 0.000000000000000000, 0.000000000000000000, 1.000000000000000000 ) ) ;
#779 = CIRCLE ( 'NONE', #2440, 1.000000000000000888 ) ;
#780 = ADVANCED_FACE ( 'NONE', ( #145 ), #1019, .T. ) ;
#781 = ORIENTED_EDGE ( 'NONE', *, *, #3950, .F. ) ;
#782 = EDGE_CURVE ( 'NONE', #2912, #382, #3516, .T. ) ;
#783 = ORIENTED_EDGE ( 'NONE', *, *, #3543, .F. ) ;
#784 = CIRCLE ( 'NONE', #2058, 2.299999999999999822 ) ;
#785 = ORIENTED_EDGE ( 'NONE', *, *, #2054, .F. ) ;
#786 = DIRECTION ( 'NONE',  ( 0.000000000000000000, 0.000000000000000000, -1.000000000000000000 ) ) ;
#787 = CARTESIAN_POINT ( 'NONE',  ( -9.500000000000001776, -26.84966131682163137, 32.44999999999999574 ) ) ;
#788 = VECTOR ( 'NONE', #370, 1000.000000000000000 ) ;
#789 = CARTESIAN_POINT ( 'NONE',  ( -34.35459629232168766, 13.04321141983864329, -9.001563054717960810 ) ) ;
#790 = AXIS2_PLACEMENT_3D ( 'NONE', #2604, #1078, #3852 ) ;
#791 = VECTOR ( 'NONE', #2140, 1000.000000000000000 ) ;
#792 = CARTESIAN_POINT ( 'NONE',  ( -35.14646817548184998, 14.24118264052964733, -13.79375226883978911 ) ) ;
#793 = CARTESIAN_POINT ( 'NONE',  ( -8.499999999999994671, -1.799999999999999600, -32.45000000000000995 ) ) ;
#794 = CIRCLE ( 'NONE', #3026, 1.550000000000002709 ) ;
#795 = ORIENTED_EDGE ( 'NONE', *, *, #3104, .F. ) ;
#796 = FACE_OUTER_BOUND ( 'NONE', #3408, .T. ) ;
#797 = CARTESIAN_POINT ( 'NONE',  ( 24.84999999999998366, 0.000000000000000000, 27.85000000000000497 ) ) ;
#798 = ORIENTED_EDGE ( 'NONE', *, *, #222, .T. ) ;
#799 = LINE ( 'NONE', #817, #2632 ) ;
#800 = ORIENTED_EDGE ( 'NONE', *, *, #1900, .T. ) ;
#801 = CARTESIAN_POINT ( 'NONE',  ( 0.000000000000000000, 58.96854249492380262, 0.000000000000000000 ) ) ;
#802 = EDGE_CURVE ( 'NONE', #2513, #2761, #2832, .T. ) ;
#803 = CARTESIAN_POINT ( 'NONE',  ( 31.14999999999999503, -1.800000000000000044, 31.14999999999999503 ) ) ;
#804 = ORIENTED_EDGE ( 'NONE', *, *, #3695, .T. ) ;
#805 = VERTEX_POINT ( 'NONE', #109 ) ;
#806 = CARTESIAN_POINT ( 'NONE',  ( -32.07261292754301962, -1.800000000000000044, 9.499999999999996447 ) ) ;
#807 = EDGE_CURVE ( 'NONE', #1388, #1841, #3479, .T. ) ;
#808 = DIRECTION ( 'NONE',  ( 0.000000000000000000, -0.000000000000000000, -1.000000000000000000 ) ) ;
#809 = CARTESIAN_POINT ( 'NONE',  ( -34.21623371591842755, 13.08619209568071362, -11.09135478376057371 ) ) ;
#810 = VECTOR ( 'NONE', #3033, 1000.000000000000000 ) ;
#811 = CARTESIAN_POINT ( 'NONE',  ( -34.60446208739917040, 14.42996741495717572, -13.97402236157530631 ) ) ;
#812 = EDGE_CURVE ( 'NONE', #2881, #191, #2293, .T. ) ;
#813 = FACE_OUTER_BOUND ( 'NONE', #604, .T. ) ;
#814 = ORIENTED_EDGE ( 'NONE', *, *, #584, .T. ) ;
#815 = CARTESIAN_POINT ( 'NONE',  ( -30.38888945303884626, 11.60000000000000142, -4.113329863811155285 ) ) ;
#816 = FACE_OUTER_BOUND ( 'NONE', #1152, .T. ) ;
#817 = CARTESIAN_POINT ( 'NONE',  ( -31.14999999999998082, -1.800000000000000044, 33.44999999999999574 ) ) ;
#818 = ORIENTED_EDGE ( 'NONE', *, *, #217, .T. ) ;
#819 = DIRECTION ( 'NONE',  ( 0.000000000000000000, 0.000000000000000000, 1.000000000000000000 ) ) ;
#820 = CARTESIAN_POINT ( 'NONE',  ( -36.05000000000001137, -6.684062043356602700, 37.59999999999984510 ) ) ;
#821 = ADVANCED_FACE ( 'NONE', ( #1323 ), #2555, .T. ) ;
#822 = ORIENTED_EDGE ( 'NONE', *, *, #1144, .F. ) ;
#823 = ORIENTED_EDGE ( 'NONE', *, *, #1187, .T. ) ;
#824 = CARTESIAN_POINT ( 'NONE',  ( -29.97928151451194267, 13.15324162241767958, -11.95058885173084384 ) ) ;
#825 = CYLINDRICAL_SURFACE ( 'NONE', #2949, 0.7000000000000009548 ) ;
#826 = DIRECTION ( 'NONE',  ( -0.000000000000000000, 1.000000000000000000, -0.000000000000000000 ) ) ;
#827 = EDGE_CURVE ( 'NONE', #2179, #3727, #3442, .T. ) ;
#828 = CARTESIAN_POINT ( 'NONE',  ( -36.88252441526825010, 12.98172796030134535, -7.550496052051848928 ) ) ;
#829 = CARTESIAN_POINT ( 'NONE',  ( -28.80802839487632028, -1.800000000000000044, -16.00000000000000000 ) ) ;
#830 = EDGE_CURVE ( 'NONE', #1878, #1739, #694, .T. ) ;
#831 = EDGE_CURVE ( 'NONE', #1433, #3952, #415, .T. ) ;
#832 = ORIENTED_EDGE ( 'NONE', *, *, #2232, .F. ) ;
#833 = DIRECTION ( 'NONE',  ( 0.000000000000000000, 0.000000000000000000, 1.000000000000000000 ) ) ;
#834 = DIRECTION ( 'NONE',  ( -0.000000000000000000, -1.000000000000000000, -0.000000000000000000 ) ) ;
#835 = CARTESIAN_POINT ( 'NONE',  ( -32.35000000000000853, 9.950000000000001066, -5.899999999999988809 ) ) ;
#836 = ORIENTED_EDGE ( 'NONE', *, *, #509, .T. ) ;
#837 = LINE ( 'NONE', #3908, #77 ) ;
#838 = VECTOR ( 'NONE', #1443, 1000.000000000000000 ) ;
#839 = ORIENTED_EDGE ( 'NONE', *, *, #1267, .T. ) ;
#840 = ORIENTED_EDGE ( 'NONE', *, *, #2759, .T. ) ;
#841 = CARTESIAN_POINT ( 'NONE',  ( -32.98046940023412787, 14.58887401611410617, -14.05929319047650239 ) ) ;
#842 = DIRECTION ( 'NONE',  ( 0.000000000000000000, -1.000000000000000000, 0.000000000000000000 ) ) ;
#843 = CARTESIAN_POINT ( 'NONE',  ( -35.15000000000000568, -1.800000000000000044, 31.14999999999996660 ) ) ;
#844 = VECTOR ( 'NONE', #3405, 1000.000000000000000 ) ;
#845 = DIRECTION ( 'NONE',  ( 0.000000000000000000, -1.000000000000000000, 0.000000000000000000 ) ) ;
#846 = AXIS2_PLACEMENT_3D ( 'NONE', #1986, #2255, #1949 ) ;
#847 = CARTESIAN_POINT ( 'NONE',  ( 31.11379041849839311, -5.200000000000000178, -9.215994020926755681 ) ) ;
#848 = ADVANCED_FACE ( 'NONE', ( #2356 ), #3615, .F. ) ;
#849 = AXIS2_PLACEMENT_3D ( 'NONE', #1215, #641, #340 ) ;
#850 = ORIENTED_EDGE ( 'NONE', *, *, #2794, .F. ) ;
#851 = DIRECTION ( 'NONE',  ( -0.000000000000000000, 1.000000000000000000, -0.000000000000000000 ) ) ;
#852 = AXIS2_PLACEMENT_3D ( 'NONE', #2345, #3569, #2038 ) ;
#853 = DIRECTION ( 'NONE',  ( 0.000000000000000000, -1.000000000000000000, 0.000000000000000000 ) ) ;
#854 = VECTOR ( 'NONE', #2708, 1000.000000000000000 ) ;
#855 = ORIENTED_EDGE ( 'NONE', *, *, #3896, .T. ) ;
#856 = ORIENTED_EDGE ( 'NONE', *, *, #3970, .F. ) ;
#857 = AXIS2_PLACEMENT_3D ( 'NONE', #712, #2312, #2889 ) ;
#858 = VECTOR ( 'NONE', #38, 1000.000000000000000 ) ;
#859 = EDGE_CURVE ( 'NONE', #152, #693, #143, .T. ) ;
#860 = CARTESIAN_POINT ( 'NONE',  ( 0.000000000000000000, 0.000000000000000000, -20.00000000000000000 ) ) ;
#861 = VERTEX_POINT ( 'NONE', #3594 ) ;
#862 = EDGE_LOOP ( 'NONE', ( #2720, #3547 ) ) ;
#863 = CARTESIAN_POINT ( 'NONE',  ( 2.449293598294706513E-15, 0.5999999999999963141, 20.00000000000000000 ) ) ;
#864 = CARTESIAN_POINT ( 'NONE',  ( 31.14999999999996660, -1.800000000000000044, -33.45000000000000995 ) ) ;
#865 = CARTESIAN_POINT ( 'NONE',  ( -32.45000000000000995, -1.800000000000000044, 9.499999999999998224 ) ) ;
#866 = AXIS2_PLACEMENT_3D ( 'NONE', #46, #364, #1001 ) ;
#867 = CARTESIAN_POINT ( 'NONE',  ( -34.00000000000001421, 1.699999999999999956, -4.999999999999992006 ) ) ;
#868 = DIRECTION ( 'NONE',  ( 0.000000000000000000, 0.000000000000000000, 1.000000000000000000 ) ) ;
#869 = ORIENTED_EDGE ( 'NONE', *, *, #3794, .T. ) ;
#870 = CARTESIAN_POINT ( 'NONE',  ( -33.35000000000000853, 14.59999999999999964, -4.594811253560945552 ) ) ;
#871 = DIRECTION ( 'NONE',  ( -0.000000000000000000, 1.000000000000000000, -0.000000000000000000 ) ) ;
#872 = ORIENTED_EDGE ( 'NONE', *, *, #3229, .T. ) ;
#873 = CARTESIAN_POINT ( 'NONE',  ( -32.35000000000000853, 9.950000000000001066, -2.199999999999993516 ) ) ;
#874 = EDGE_CURVE ( 'NONE', #573, #125, #2450, .T. ) ;
#875 = CARTESIAN_POINT ( 'NONE',  ( -30.54236068527978532, 13.66444361794436091, -7.236411528390476633 ) ) ;
#876 = ORIENTED_EDGE ( 'NONE', *, *, #1139, .T. ) ;
#877 = EDGE_CURVE ( 'NONE', #1515, #3731, #3561, .T. ) ;
#878 = EDGE_CURVE ( 'NONE', #1674, #720, #3807, .T. ) ;
#879 = ORIENTED_EDGE ( 'NONE', *, *, #189, .T. ) ;
#880 = CARTESIAN_POINT ( 'NONE',  ( 0.000000000000000000, 2.399999999999999911, -21.10000000000000142 ) ) ;
#881 = DIRECTION ( 'NONE',  ( 0.000000000000000000, 1.000000000000000000, 0.000000000000000000 ) ) ;
#882 = CARTESIAN_POINT ( 'NONE',  ( -34.35341878626985590, 13.04361322364417397, -10.99943139965541583 ) ) ;
#883 = CARTESIAN_POINT ( 'NONE',  ( -33.58555426230893914, 13.19145248145150262, -11.24999999999998934 ) ) ;
#884 = CARTESIAN_POINT ( 'NONE',  ( 32.07261292754301962, -1.800000000000000044, -9.499999999999996447 ) ) ;
#885 = ORIENTED_EDGE ( 'NONE', *, *, #3398, .T. ) ;
#886 = LINE ( 'NONE', #568, #1232 ) ;
#887 = DIRECTION ( 'NONE',  ( 0.000000000000000000, 0.000000000000000000, 1.000000000000000000 ) ) ;
#888 = DIRECTION ( 'NONE',  ( -0.000000000000000000, -1.000000000000000000, -0.000000000000000000 ) ) ;
#889 = ORIENTED_EDGE ( 'NONE', *, *, #1360, .F. ) ;
#890 = DIRECTION ( 'NONE',  ( 1.000000000000000000, 0.000000000000000000, 0.000000000000000000 ) ) ;
#891 = CARTESIAN_POINT ( 'NONE',  ( 3.814774779344004756E-15, -5.200000000000000178, -31.15000000000000213 ) ) ;
#892 = EDGE_CURVE ( 'NONE', #3383, #754, #606, .T. ) ;
#893 = ORIENTED_EDGE ( 'NONE', *, *, #558, .T. ) ;
#894 = ORIENTED_EDGE ( 'NONE', *, *, #2688, .T. ) ;
#895 = DIRECTION ( 'NONE',  ( 0.000000000000000000, 0.000000000000000000, -1.000000000000000000 ) ) ;
#896 = AXIS2_PLACEMENT_3D ( 'NONE', #2474, #964, #2827 ) ;
#897 = CARTESIAN_POINT ( 'NONE',  ( 0.000000000000000000, -1.799999999999999600, 0.000000000000000000 ) ) ;
#898 = EDGE_LOOP ( 'NONE', ( #2804, #2780 ) ) ;
#899 = CC_DESIGN_DATE_AND_TIME_ASSIGNMENT ( #2464, #1555, ( #1181 ) ) ;
#900 = FACE_OUTER_BOUND ( 'NONE', #1667, .T. ) ;
#901 = AXIS2_PLACEMENT_3D ( 'NONE', #550, #1129, #1108 ) ;
#902 = DIRECTION ( 'NONE',  ( 0.000000000000000000, 0.000000000000000000, 1.000000000000000000 ) ) ;
#903 = CARTESIAN_POINT ( 'NONE',  ( -33.38904315255722111, 14.60000000000001030, -14.09547467331249493 ) ) ;
#904 = VECTOR ( 'NONE', #341, 1000.000000000000000 ) ;
#905 = ORIENTED_EDGE ( 'NONE', *, *, #3025, .T. ) ;
#906 = DIRECTION ( 'NONE',  ( -0.000000000000000000, -1.000000000000000000, 0.000000000000000000 ) ) ;
#907 = LINE ( 'NONE', #2750, #537 ) ;
#908 = DIRECTION ( 'NONE',  ( 0.000000000000000000, 0.000000000000000000, 1.000000000000000000 ) ) ;
#909 = DIRECTION ( 'NONE',  ( 0.000000000000000000, 1.000000000000000000, 0.000000000000000000 ) ) ;
#910 = AXIS2_PLACEMENT_3D ( 'NONE', #2866, #62, #3791 ) ;
#911 = ORIENTED_EDGE ( 'NONE', *, *, #2635, .T. ) ;
#912 = LINE ( 'NONE', #3542, #1421 ) ;
#913 = PERSON_AND_ORGANIZATION ( #1039, #3751 ) ;
#914 = AXIS2_PLACEMENT_3D ( 'NONE', #325, #1829, #1186 ) ;
#915 = CIRCLE ( 'NONE', #1424, 1.249999999999997558 ) ;
#916 = FACE_OUTER_BOUND ( 'NONE', #1607, .T. ) ;
#917 = AXIS2_PLACEMENT_3D ( 'NONE', #2112, #2920, #3508 ) ;
#918 = ORIENTED_EDGE ( 'NONE', *, *, #995, .T. ) ;
#919 = ORIENTED_EDGE ( 'NONE', *, *, #3866, .F. ) ;
#920 = EDGE_CURVE ( 'NONE', #1515, #2868, #1025, .T. ) ;
#921 = DIRECTION ( 'NONE',  ( 0.000000000000000000, 1.000000000000000000, -0.000000000000000000 ) ) ;
#922 = CARTESIAN_POINT ( 'NONE',  ( -33.45000000000000995, 0.000000000000000000, -31.14999999999998082 ) ) ;
#923 = ORIENTED_EDGE ( 'NONE', *, *, #2643, .F. ) ;
#924 = DIRECTION ( 'NONE',  ( -2.820688578824076945E-16, 0.000000000000000000, -1.000000000000000000 ) ) ;
#925 = ADVANCED_FACE ( 'NONE', ( #1586 ), #1220, .F. ) ;
#926 = PLANE ( 'NONE',  #658 ) ;
#927 = DIRECTION ( 'NONE',  ( -0.000000000000000000, 1.000000000000000000, -0.000000000000000000 ) ) ;
#928 = ORIENTED_EDGE ( 'NONE', *, *, #2207, .F. ) ;
#929 = AXIS2_PLACEMENT_3D ( 'NONE', #2214, #2744, #1822 ) ;
#930 = CARTESIAN_POINT ( 'NONE',  ( -33.35000000000000853, 14.59999999999999964, -4.594811253560945552 ) ) ;
#931 = ADVANCED_FACE ( 'NONE', ( #2489 ), #926, .F. ) ;
#932 = DIRECTION ( 'NONE',  ( 0.000000000000000000, -0.000000000000000000, 1.000000000000000000 ) ) ;
#933 = CARTESIAN_POINT ( 'NONE',  ( 9.500000000000000000, -1.800000000000000044, -32.07261292754301962 ) ) ;
#934 = CARTESIAN_POINT ( 'NONE',  ( -31.14999999999998082, -1.800000000000000044, -33.45000000000000995 ) ) ;
#935 = EDGE_LOOP ( 'NONE', ( #3257, #1594 ) ) ;
#936 = LINE ( 'NONE', #3639, #3286 ) ;
#937 = DATE_AND_TIME ( #2818, #2084 ) ;
#938 = CARTESIAN_POINT ( 'NONE',  ( -31.14999999999998082, 0.000000000000000000, 33.44999999999999574 ) ) ;
#939 = ORIENTED_EDGE ( 'NONE', *, *, #3006, .T. ) ;
#940 = ORIENTED_EDGE ( 'NONE', *, *, #1480, .T. ) ;
#941 = ORIENTED_EDGE ( 'NONE', *, *, #2706, .F. ) ;
#942 = CARTESIAN_POINT ( 'NONE',  ( -31.14999999999998082, -1.800000000000000044, 35.14999999999999147 ) ) ;
#943 = PLANE ( 'NONE',  #969 ) ;
#944 = DIRECTION ( 'NONE',  ( 0.000000000000000000, 1.000000000000000000, -0.000000000000000000 ) ) ;
#945 = FACE_BOUND ( 'NONE', #169, .T. ) ;
#946 = CARTESIAN_POINT ( 'NONE',  ( 0.000000000000000000, -0.000000000000000000, 8.500000000000000000 ) ) ;
#947 = ORIENTED_EDGE ( 'NONE', *, *, #3676, .T. ) ;
#948 = CARTESIAN_POINT ( 'NONE',  ( -30.70000000000001350, 1.699999999999999956, -2.199999999999989964 ) ) ;
#949 = PLANE ( 'NONE',  #1547 ) ;
#950 = CARTESIAN_POINT ( 'NONE',  ( -31.14999999999998082, 0.000000000000000000, -35.15000000000000568 ) ) ;
#951 = FACE_OUTER_BOUND ( 'NONE', #455, .T. ) ;
#952 = EDGE_CURVE ( 'NONE', #3344, #193, #321, .T. ) ;
#953 = EDGE_CURVE ( 'NONE', #746, #2271, #2955, .T. ) ;
#954 = VERTEX_POINT ( 'NONE', #2192 ) ;
#955 = ORIENTED_EDGE ( 'NONE', *, *, #3437, .F. ) ;
#956 = DIRECTION ( 'NONE',  ( -1.000000000000000000, 0.000000000000000000, -0.000000000000000000 ) ) ;
#957 = VERTEX_POINT ( 'NONE', #1867 ) ;
#958 = VERTEX_POINT ( 'NONE', #3696 ) ;
#959 = LINE ( 'NONE', #2764, #3863 ) ;
#960 = CARTESIAN_POINT ( 'NONE',  ( -38.00000000000001421, 1.699999999999999956, -14.49999999999999289 ) ) ;
#961 = ORIENTED_EDGE ( 'NONE', *, *, #366, .T. ) ;
#962 = CARTESIAN_POINT ( 'NONE',  ( 9.215994020926759234, -1.799999999999999600, -31.11379041849838956 ) ) ;
#963 = CARTESIAN_POINT ( 'NONE',  ( -33.99586203397642947, 14.55168693020182147, -2.199999999999991296 ) ) ;
#964 = DIRECTION ( 'NONE',  ( 0.000000000000000000, 1.000000000000000000, 0.000000000000000000 ) ) ;
#965 = AXIS2_PLACEMENT_3D ( 'NONE', #2430, #608, #2795 ) ;
#966 = EDGE_LOOP ( 'NONE', ( #2348, #893, #1571, #3387 ) ) ;
#967 = CARTESIAN_POINT ( 'NONE',  ( -31.15000000000000924, -1.800000000000000044, 31.14999999999999503 ) ) ;
#968 = ADVANCED_FACE ( 'NONE', ( #945, #2171, #3089, #347 ), #1567, .F. ) ;
#969 = AXIS2_PLACEMENT_3D ( 'NONE', #1887, #1582, #2765 ) ;
#970 = CARTESIAN_POINT ( 'NONE',  ( -33.35000000000000853, 9.950000000000001066, -5.899999999999988809 ) ) ;
#971 = LINE ( 'NONE', #3424, #1948 ) ;
#972 = CIRCLE ( 'NONE', #1414, 0.9999999999999991118 ) ;
#973 = ORIENTED_EDGE ( 'NONE', *, *, #3457, .T. ) ;
#974 = CARTESIAN_POINT ( 'NONE',  ( -28.70093542703924427, 9.954400310553978670, -14.49424712370870694 ) ) ;
#975 = ADVANCED_FACE ( 'NONE', ( #3713 ), #1354, .F. ) ;
#976 = VECTOR ( 'NONE', #3135, 1000.000000000000000 ) ;
#977 = LINE ( 'NONE', #74, #3473 ) ;
#978 = ORIENTED_EDGE ( 'NONE', *, *, #2713, .T. ) ;
#979 = AXIS2_PLACEMENT_3D ( 'NONE', #1278, #2530, #1317 ) ;
#980 = ADVANCED_FACE ( 'NONE', ( #2552 ), #2509, .F. ) ;
#981 = PLANE ( 'NONE',  #1106 ) ;
#982 = CARTESIAN_POINT ( 'NONE',  ( -34.00000000000001421, -1.800000000000000044, -11.40000000000000213 ) ) ;
#983 = ORIENTED_EDGE ( 'NONE', *, *, #2840, .F. ) ;
#984 = AXIS2_PLACEMENT_3D ( 'NONE', #457, #3223, #778 ) ;
#985 = LINE ( 'NONE', #3957, #36 ) ;
#986 = DIRECTION ( 'NONE',  ( -0.000000000000000000, 1.000000000000000000, -0.000000000000000000 ) ) ;
#987 = DIRECTION ( 'NONE',  ( 0.000000000000000000, 0.000000000000000000, -1.000000000000000000 ) ) ;
#988 = EDGE_LOOP ( 'NONE', ( #1797, #3554, #1156, #2675 ) ) ;
#989 = PLANE ( 'NONE',  #3282 ) ;
#990 = CARTESIAN_POINT ( 'NONE',  ( 8.500000000000000000, -1.799999999999999600, 9.403927464937319686E-16 ) ) ;
#991 = DIRECTION ( 'NONE',  ( 0.000000000000000000, -1.000000000000000000, 0.000000000000000000 ) ) ;
#992 = ORIENTED_EDGE ( 'NONE', *, *, #731, .F. ) ;
#993 = CARTESIAN_POINT ( 'NONE',  ( 8.499999999999996447, -1.800000000000000044, 32.44999999999999574 ) ) ;
#994 = CARTESIAN_POINT ( 'NONE',  ( -28.73987316190810049, 10.64032805048338481, -14.25478005426527162 ) ) ;
#995 = EDGE_CURVE ( 'NONE', #1533, #2686, #2890, .T. ) ;
#996 = CIRCLE ( 'NONE', #428, 32.45000000000000284 ) ;
#997 = VERTEX_POINT ( 'NONE', #2290 ) ;
#998 = DIRECTION ( 'NONE',  ( -0.000000000000000000, 1.000000000000000000, -0.000000000000000000 ) ) ;
#999 = CARTESIAN_POINT ( 'NONE',  ( -36.10000000000001563, 0.000000000000000000, 36.10000000000000853 ) ) ;
#1000 = ORIENTED_EDGE ( 'NONE', *, *, #3597, .F. ) ;
#1001 = DIRECTION ( 'NONE',  ( 0.000000000000000000, 0.000000000000000000, 1.000000000000000000 ) ) ;
#1002 = ADVANCED_FACE ( 'NONE', ( #767 ), #3814, .F. ) ;
#1003 = EDGE_CURVE ( 'NONE', #1208, #3892, #2216, .T. ) ;
#1004 = DIRECTION ( 'NONE',  ( 0.000000000000000000, -1.000000000000000000, 0.000000000000000000 ) ) ;
#1005 = DIRECTION ( 'NONE',  ( 0.000000000000000000, 0.000000000000000000, -1.000000000000000000 ) ) ;
#1006 = ORIENTED_EDGE ( 'NONE', *, *, #920, .T. ) ;
#1007 = DIRECTION ( 'NONE',  ( 0.000000000000000000, 0.000000000000000000, -1.000000000000000000 ) ) ;
#1008 = CARTESIAN_POINT ( 'NONE',  ( -36.09999999999998721, 0.000000000000000000, -39.89999999999999147 ) ) ;
#1009 = EDGE_LOOP ( 'NONE', ( #3147, #644, #2476, #3164, #700, #3185, #1290, #3246, #2609, #2246, #3401, #2997 ) ) ;
#1010 = CARTESIAN_POINT ( 'NONE',  ( -28.70000000000000995, 9.950000000000002842, -14.49999999999999289 ) ) ;
#1011 = DIRECTION ( 'NONE',  ( -0.000000000000000000, -0.000000000000000000, -1.000000000000000000 ) ) ;
#1012 = ORIENTED_EDGE ( 'NONE', *, *, #1982, .F. ) ;
#1013 = LINE ( 'NONE', #3769, #469 ) ;
#1014 = FACE_OUTER_BOUND ( 'NONE', #3039, .T. ) ;
#1015 = VERTEX_POINT ( 'NONE', #3171 ) ;
#1016 = PERSON_AND_ORGANIZATION_ROLE ( 'design_owner' ) ;
#1017 = CARTESIAN_POINT ( 'NONE',  ( 33.44999999999999574, -1.800000000000000044, -9.500000000000001776 ) ) ;
#1018 = FACE_OUTER_BOUND ( 'NONE', #3063, .T. ) ;
#1019 = CYLINDRICAL_SURFACE ( 'NONE', #3343, 1.550000000000002709 ) ;
#1020 = CARTESIAN_POINT ( 'NONE',  ( -34.00000000000001421, -1.500000000000004885, -12.49999999999999289 ) ) ;
#1021 = VECTOR ( 'NONE', #229, 1000.000000000000000 ) ;
#1022 = VERTEX_POINT ( 'NONE', #750 ) ;
#1023 = FACE_OUTER_BOUND ( 'NONE', #1962, .T. ) ;
#1024 = AXIS2_PLACEMENT_3D ( 'NONE', #624, #3412, #1539 ) ;
#1025 = B_SPLINE_CURVE_WITH_KNOTS ( 'NONE', 3,
 ( #883, #2746, #2409, #3631, #3958, #1542, #3649, #2108, #2429, #3330, #582, #1, #282, #2128, #672, #2449, #1500, #2809, #1182, #2726 ),
 .UNSPECIFIED., .F., .F.,
 ( 4, 2, 2, 2, 2, 2, 2, 2, 2, 4 ),
 ( 0.003978000289675382405, 0.004468440347649245067, 0.004958880405623106863, 0.005449320463596969526, 0.005694540492583903026, 0.005939760521570837393, 0.006430200579544704392, 0.006920640637518571392, 0.007411080695492439259, 0.007901520753466307126 ),
 .UNSPECIFIED. ) ;
#1026 = LINE ( 'NONE', #2261, #3082 ) ;
#1027 = VECTOR ( 'NONE', #296, 1000.000000000000000 ) ;
#1028 = AXIS2_PLACEMENT_3D ( 'NONE', #3548, #2956, #215 ) ;
#1029 = ORIENTED_EDGE ( 'NONE', *, *, #217, .F. ) ;
#1030 = ORIENTED_EDGE ( 'NONE', *, *, #168, .F. ) ;
#1031 = AXIS2_PLACEMENT_3D ( 'NONE', #967, #1896, #3069 ) ;
#1032 = CARTESIAN_POINT ( 'NONE',  ( -30.38888945303884626, 11.60000000000000142, -4.113329863811162390 ) ) ;
#1033 = CARTESIAN_POINT ( 'NONE',  ( -31.14999999999998082, -1.800000000000000044, 35.14999999999999147 ) ) ;
#1034 = ORIENTED_EDGE ( 'NONE', *, *, #2524, .F. ) ;
#1035 = FACE_OUTER_BOUND ( 'NONE', #3054, .T. ) ;
#1036 = EDGE_LOOP ( 'NONE', ( #3707, #1953 ) ) ;
#1037 = AXIS2_PLACEMENT_3D ( 'NONE', #806, #2308, #3228 ) ;
#1038 = AXIS2_PLACEMENT_3D ( 'NONE', #3583, #3839, #1691 ) ;
#1039 = PERSON ( 'ๆช', 'ๆช', 'ๆช', ('ๆช'), ('ๆช'), ('ๆช') ) ;
#1040 = CARTESIAN_POINT ( 'NONE',  ( 36.04999999999984084, -6.684062043356602700, 36.05000000000001137 ) ) ;
#1041 = CIRCLE ( 'NONE', #984, 1.099999999999989875 ) ;
#1042 = CARTESIAN_POINT ( 'NONE',  ( -9.215994020926757457, -1.799999999999999600, 31.11379041849838956 ) ) ;
#1043 = AXIS2_PLACEMENT_3D ( 'NONE', #2174, #350, #1572 ) ;
#1044 = EDGE_CURVE ( 'NONE', #622, #2086, #2196, .T. ) ;
#1045 = CIRCLE ( 'NONE', #3804, 1.550000000000002709 ) ;
#1046 = LINE ( 'NONE', #2276, #2573 ) ;
#1047 = EDGE_CURVE ( 'NONE', #2218, #220, #3774, .T. ) ;
#1048 = EDGE_LOOP ( 'NONE', ( #389, #2467 ) ) ;
#1049 = CARTESIAN_POINT ( 'NONE',  ( -31.14999999999998082, -1.800000000000000044, 33.44999999999999574 ) ) ;
#1051 = CARTESIAN_POINT ( 'NONE',  ( -28.72583529059090424, 10.07149161816282401, -14.34111296286598858 ) ) ;
#1050 = AXIS2_PLACEMENT_3D ( 'NONE', #2149, #1540, #1584 ) ;
#1052 = CARTESIAN_POINT ( 'NONE',  ( -33.38918909920137423, 14.59999999999999964, -5.904516927850341546 ) ) ;
#1053 = ORIENTED_EDGE ( 'NONE', *, *, #345, .F. ) ;
#1054 = DIRECTION ( 'NONE',  ( 0.000000000000000000, -1.000000000000000000, 0.000000000000000000 ) ) ;
#1055 = LINE ( 'NONE', #517, #463 ) ;
#1056 = ORIENTED_EDGE ( 'NONE', *, *, #15, .T. ) ;
#1057 = ORIENTED_EDGE ( 'NONE', *, *, #1955, .T. ) ;
#1058 = CARTESIAN_POINT ( 'NONE',  ( 36.05000000000000426, -6.684062043356602700, -34.49999999999984368 ) ) ;
#1059 = FACE_OUTER_BOUND ( 'NONE', #1583, .T. ) ;
#1060 = DIRECTION ( 'NONE',  ( 0.000000000000000000, 1.000000000000000000, 0.000000000000000000 ) ) ;
#1061 = DIRECTION ( 'NONE',  ( -0.000000000000000000, -0.000000000000000000, 1.000000000000000000 ) ) ;
#1062 = DIRECTION ( 'NONE',  ( 0.000000000000000000, 0.000000000000000000, 1.000000000000000000 ) ) ;
#1063 = ADVANCED_FACE ( 'NONE', ( #429 ), #2272, .F. ) ;
#1064 = ORIENTED_EDGE ( 'NONE', *, *, #3081, .F. ) ;
#1065 = DIRECTION ( 'NONE',  ( 1.000000000000000000, 0.000000000000000000, 1.106344407639684604E-16 ) ) ;
#1066 = ADVANCED_FACE ( 'NONE', ( #385 ), #726, .T. ) ;
#1067 = ADVANCED_FACE ( 'NONE', ( #2826 ), #85, .T. ) ;
#1068 = DIRECTION ( 'NONE',  ( 0.000000000000000000, 0.000000000000000000, -1.000000000000000000 ) ) ;
#1069 = VERTEX_POINT ( 'NONE', #1681 ) ;
#1070 = CARTESIAN_POINT ( 'NONE',  ( -36.09999999999998721, 1.699999999999999956, -39.89999999999999147 ) ) ;
#1071 = VERTEX_POINT ( 'NONE', #1983 ) ;
#1072 = B_SPLINE_CURVE_WITH_KNOTS ( 'NONE', 3,
 ( #647, #348, #3737, #673, #903, #2193 ),
 .UNSPECIFIED., .F., .F.,
 ( 4, 2, 4 ),
 ( 0.01433085416275965349, 0.01444747664950248554, 0.01456409913624531760 ),
 .UNSPECIFIED. ) ;
#1073 = ORIENTED_EDGE ( 'NONE', *, *, #610, .F. ) ;
#1074 = DIRECTION ( 'NONE',  ( 0.000000000000000000, 1.000000000000000000, 0.000000000000000000 ) ) ;
#1075 = LINE ( 'NONE', #500, #3857 ) ;
#1076 = ORIENTED_EDGE ( 'NONE', *, *, #3256, .F. ) ;
#1077 = ORIENTED_EDGE ( 'NONE', *, *, #1606, .F. ) ;
#1078 = DIRECTION ( 'NONE',  ( 0.000000000000000000, -1.000000000000000000, 0.000000000000000000 ) ) ;
#1079 = CARTESIAN_POINT ( 'NONE',  ( -31.15000000000000924, -1.800000000000000044, 31.14999999999999503 ) ) ;
#1080 = CARTESIAN_POINT ( 'NONE',  ( -9.499999999999994671, 0.000000000000000000, -32.45000000000000995 ) ) ;
#1081 = DIRECTION ( 'NONE',  ( -0.000000000000000000, -1.000000000000000000, -0.000000000000000000 ) ) ;
#1082 = LINE ( 'NONE', #1008, #346 ) ;
#1083 = ORIENTED_EDGE ( 'NONE', *, *, #3134, .F. ) ;
#1084 = CARTESIAN_POINT ( 'NONE',  ( -33.35000000000000853, 9.950000000000001066, -5.899999999999992362 ) ) ;
#1085 = EDGE_CURVE ( 'NONE', #1784, #51, #3758, .T. ) ;
#1086 = DIRECTION ( 'NONE',  ( 0.000000000000000000, 0.000000000000000000, 1.000000000000000000 ) ) ;
#1087 = VERTEX_POINT ( 'NONE', #3474 ) ;
#1088 = VECTOR ( 'NONE', #504, 1000.000000000000000 ) ;
#1089 = DIRECTION ( 'NONE',  ( 1.000000000000000000, 0.000000000000000000, -0.000000000000000000 ) ) ;
#1090 = ORIENTED_EDGE ( 'NONE', *, *, #3543, .T. ) ;
#1091 = EDGE_CURVE ( 'NONE', #1818, #422, #2696, .T. ) ;
#1092 = EDGE_CURVE ( 'NONE', #1969, #2259, #706, .T. ) ;
#1093 = FACE_OUTER_BOUND ( 'NONE', #450, .T. ) ;
#1094 = AXIS2_PLACEMENT_3D ( 'NONE', #1864, #2168, #643 ) ;
#1095 = DIRECTION ( 'NONE',  ( -0.000000000000000000, -1.000000000000000000, -0.000000000000000000 ) ) ;
#1096 = EDGE_LOOP ( 'NONE', ( #3105, #840, #2923, #1964 ) ) ;
#1097 = EDGE_LOOP ( 'NONE', ( #2195, #2902, #3489, #2634 ) ) ;
#1098 = EDGE_CURVE ( 'NONE', #155, #1602, #1625, .T. ) ;
#1099 = AXIS2_PLACEMENT_3D ( 'NONE', #3163, #3428, #2802 ) ;
#1100 = ORIENTED_EDGE ( 'NONE', *, *, #3306, .F. ) ;
#1101 = CIRCLE ( 'NONE', #2060, 32.45000000000000284 ) ;
#1102 = CYLINDRICAL_SURFACE ( 'NONE', #3416, 2.299999999999999822 ) ;
#1103 = FACE_OUTER_BOUND ( 'NONE', #481, .T. ) ;
#1104 = VECTOR ( 'NONE', #1646, 1000.000000000000000 ) ;
#1105 = CARTESIAN_POINT ( 'NONE',  ( -29.97928151451194267, 13.15324162241767958, -11.95058885173084384 ) ) ;
#1106 = AXIS2_PLACEMENT_3D ( 'NONE', #131, #2211, #685 ) ;
#1107 = CARTESIAN_POINT ( 'NONE',  ( -35.01611180171670412, 14.29363856583977999, -13.84498805408633970 ) ) ;
#1108 = DIRECTION ( 'NONE',  ( 1.000000000000000000, 0.000000000000000000, 0.000000000000000000 ) ) ;
#1109 = VECTOR ( 'NONE', #3183, 1000.000000000000000 ) ;
#1110 = ORIENTED_EDGE ( 'NONE', *, *, #1207, .T. ) ;
#1111 = DIRECTION ( 'NONE',  ( 0.000000000000000000, -0.7071067811865562325, -0.7071067811865388020 ) ) ;
#1112 = DIRECTION ( 'NONE',  ( 0.000000000000000000, 0.000000000000000000, -1.000000000000000000 ) ) ;
#1113 = DIRECTION ( 'NONE',  ( -1.000000000000000000, -0.000000000000000000, -0.000000000000000000 ) ) ;
#1114 = VERTEX_POINT ( 'NONE', #106 ) ;
#1115 = AXIS2_PLACEMENT_3D ( 'NONE', #2814, #3743, #1917 ) ;
#1116 = CARTESIAN_POINT ( 'NONE',  ( -36.04999999999984794, 0.000000000000000000, -36.05000000000000426 ) ) ;
#1117 = CARTESIAN_POINT ( 'NONE',  ( -33.45000000000000995, -1.800000000000000044, -31.14999999999998082 ) ) ;
#1118 = ADVANCED_FACE ( 'NONE', ( #1336 ), #139, .F. ) ;
#1119 = EDGE_LOOP ( 'NONE', ( #674, #762 ) ) ;
#1120 = LOCAL_TIME ( 22, 22, 40.00000000000000000, #1256 ) ;
#1121 = VERTEX_POINT ( 'NONE', #2645 ) ;
#1122 = ORIENTED_EDGE ( 'NONE', *, *, #3943, .F. ) ;
#1123 = LINE ( 'NONE', #2351, #1298 ) ;
#1124 = CARTESIAN_POINT ( 'NONE',  ( -34.00000000000001421, 5.200000000000000178, -12.49999999999999289 ) ) ;
#1125 = ADVANCED_FACE ( 'NONE', ( #545, #1374 ), #485, .T. ) ;
#1126 = EDGE_CURVE ( 'NONE', #3541, #104, #2411, .T. ) ;
#1127 = CARTESIAN_POINT ( 'NONE',  ( -9.499999999999998224, 0.000000000000000000, 32.07261292754301962 ) ) ;
#1128 = CARTESIAN_POINT ( 'NONE',  ( -37.52811264136095559, 11.99288334880819384, -11.13263226703411490 ) ) ;
#1129 = DIRECTION ( 'NONE',  ( -0.000000000000000000, -0.000000000000000000, -1.000000000000000000 ) ) ;
#1130 = EDGE_LOOP ( 'NONE', ( #2644, #1406, #1263, #947 ) ) ;
#1131 = CARTESIAN_POINT ( 'NONE',  ( -34.00000000000001421, 5.200000000000000178, -5.699999999999993072 ) ) ;
#1132 = CARTESIAN_POINT ( 'NONE',  ( -33.35000000000000853, 9.950000000000001066, 0.000000000000000000 ) ) ;
#1133 = DIRECTION ( 'NONE',  ( -0.000000000000000000, 1.000000000000000000, -0.000000000000000000 ) ) ;
#1134 = EDGE_LOOP ( 'NONE', ( #3827, #1839, #2554, #3384 ) ) ;
#1135 = DIRECTION ( 'NONE',  ( -0.000000000000000000, 1.000000000000000000, -0.000000000000000000 ) ) ;
#1136 = VERTEX_POINT ( 'NONE', #3532 ) ;
#1137 = EDGE_LOOP ( 'NONE', ( #2003, #3391, #679, #697 ) ) ;
#1138 = VERTEX_POINT ( 'NONE', #3267 ) ;
#1139 = EDGE_CURVE ( 'NONE', #3850, #2462, #2001, .T. ) ;
#1140 = UNCERTAINTY_MEASURE_WITH_UNIT (LENGTH_MEASURE( 1.000000000000000082E-05 ), #105, 'distance_accuracy_value', 'NONE');
#1141 = DIRECTION ( 'NONE',  ( -1.000000000000000000, 0.000000000000000000, 0.000000000000000000 ) ) ;
#1142 = LINE ( 'NONE', #201, #3148 ) ;
#1143 = CARTESIAN_POINT ( 'NONE',  ( -34.83538679427798712, 12.84069647430694339, -9.832770338640193231 ) ) ;
#1144 = EDGE_CURVE ( 'NONE', #3784, #3215, #3736, .T. ) ;
#1145 = CC_DESIGN_DATE_AND_TIME_ASSIGNMENT ( #3427, #681, ( #2328 ) ) ;
#1146 = CARTESIAN_POINT ( 'NONE',  ( -36.87281830913698144, 12.99306356401330120, -12.46256324120999182 ) ) ;
#1147 = CARTESIAN_POINT ( 'NONE',  ( 36.04999999999984084, -6.684062043356602700, 36.05000000000001137 ) ) ;
#1148 = EDGE_LOOP ( 'NONE', ( #3152, #3768, #1372, #1576 ) ) ;
#1149 = DIRECTION ( 'NONE',  ( 0.000000000000000000, 0.000000000000000000, 1.000000000000000000 ) ) ;
#1150 = CARTESIAN_POINT ( 'NONE',  ( -34.00000000000001421, -1.500000000000000000, -4.999999999999992006 ) ) ;
#1151 = ORIENTED_EDGE ( 'NONE', *, *, #1126, .T. ) ;
#1152 = EDGE_LOOP ( 'NONE', ( #2096, #3779, #237, #560 ) ) ;
#1153 = DIRECTION ( 'NONE',  ( -0.000000000000000000, -1.000000000000000000, -0.000000000000000000 ) ) ;
#1154 = VECTOR ( 'NONE', #3591, 1000.000000000000000 ) ;
#1155 = ORIENTED_EDGE ( 'NONE', *, *, #222, .F. ) ;
#1156 = ORIENTED_EDGE ( 'NONE', *, *, #388, .F. ) ;
#1157 = VECTOR ( 'NONE', #3202, 1000.000000000000000 ) ;
#1158 = CARTESIAN_POINT ( 'NONE',  ( -31.61130985325703691, 14.26601617329681559, -13.59774372836410983 ) ) ;
#1159 = DIRECTION ( 'NONE',  ( 1.000000000000000000, -1.865294060190114731E-15, 0.000000000000000000 ) ) ;
#1160 = DIRECTION ( 'NONE',  ( 0.000000000000000000, 0.000000000000000000, 1.000000000000000000 ) ) ;
#1161 = AXIS2_PLACEMENT_3D ( 'NONE', #2245, #1943, #1961 ) ;
#1162 = DIRECTION ( 'NONE',  ( -0.000000000000000000, 1.000000000000000000, -0.000000000000000000 ) ) ;
#1163 = DIRECTION ( 'NONE',  ( 0.9870368489870532391, 0.000000000000000000, 0.1604937965832608504 ) ) ;
#1164 = ADVANCED_FACE ( 'NONE', ( #3555 ), #2043, .F. ) ;
#1165 = AXIS2_PLACEMENT_3D ( 'NONE', #2103, #1472, #3083 ) ;
#1166 = VERTEX_POINT ( 'NONE', #2368 ) ;
#1167 = AXIS2_PLACEMENT_3D ( 'NONE', #3966, #2755, #12 ) ;
#1168 = AXIS2_PLACEMENT_3D ( 'NONE', #1676, #2899, #591 ) ;
#1169 = DIRECTION ( 'NONE',  ( 0.000000000000000000, 0.000000000000000000, -1.000000000000000000 ) ) ;
#1170 = EDGE_CURVE ( 'NONE', #2259, #2761, #3671, .T. ) ;
#1171 = EDGE_LOOP ( 'NONE', ( #2344, #1034, #2139, #3905 ) ) ;
#1172 = DIRECTION ( 'NONE',  ( 0.000000000000000000, 1.000000000000000000, 0.000000000000000000 ) ) ;
#1173 = AXIS2_PLACEMENT_3D ( 'NONE', #1649, #734, #771 ) ;
#1174 = DIRECTION ( 'NONE',  ( -1.000000000000000000, 0.000000000000000000, 0.000000000000000000 ) ) ;
#1175 = ORIENTED_EDGE ( 'NONE', *, *, #761, .T. ) ;
#1176 = ORIENTED_EDGE ( 'NONE', *, *, #1091, .F. ) ;
#1177 = CARTESIAN_POINT ( 'NONE',  ( 35.14999999999999147, -1.800000000000000044, -31.14999999999998082 ) ) ;
#1178 = DIRECTION ( 'NONE',  ( 0.000000000000000000, 0.000000000000000000, 1.000000000000000000 ) ) ;
#1179 = DIRECTION ( 'NONE',  ( 0.000000000000000000, -1.000000000000000000, 0.000000000000000000 ) ) ;
#1180 = VECTOR ( 'NONE', #3295, 1000.000000000000000 ) ;
#1181 = SECURITY_CLASSIFICATION ( '', '', #3056 ) ;
#1182 = CARTESIAN_POINT ( 'NONE',  ( -33.42000754474862845, 13.20348265470122939, -8.749999999999998224 ) ) ;
#1183 = LINE ( 'NONE', #847, #3207 ) ;
#1184 = VECTOR ( 'NONE', #553, 1000.000000000000000 ) ;
#1185 = ORIENTED_EDGE ( 'NONE', *, *, #2236, .F. ) ;
#1186 = DIRECTION ( 'NONE',  ( 0.000000000000000000, 0.000000000000000000, 1.000000000000000000 ) ) ;
#1187 = EDGE_CURVE ( 'NONE', #1807, #2881, #3590, .T. ) ;
#1188 = DIRECTION ( 'NONE',  ( -1.398970545142585555E-16, 0.000000000000000000, -1.000000000000000000 ) ) ;
#1189 = CARTESIAN_POINT ( 'NONE',  ( -8.500000000000001776, -1.799999999999999600, 32.44999999999999574 ) ) ;
#1190 = ORIENTED_EDGE ( 'NONE', *, *, #731, .T. ) ;
#1191 = VERTEX_POINT ( 'NONE', #3611 ) ;
#1192 = EDGE_CURVE ( 'NONE', #954, #2179, #2520, .T. ) ;
#1193 = CARTESIAN_POINT ( 'NONE',  ( -32.54551853462528754, 14.53283298586703687, -6.030600545478066898 ) ) ;
#1194 = EDGE_LOOP ( 'NONE', ( #3425, #1995, #3467 ) ) ;
#1195 = ORIENTED_EDGE ( 'NONE', *, *, #3597, .T. ) ;
#1196 = ORIENTED_EDGE ( 'NONE', *, *, #140, .F. ) ;
#1197 = DIRECTION ( 'NONE',  ( -0.000000000000000000, -1.000000000000000000, 0.000000000000000000 ) ) ;
#1198 = CARTESIAN_POINT ( 'NONE',  ( 3.973978863233160764E-15, -5.200000000000000178, -32.45000000000000284 ) ) ;
#1199 = CARTESIAN_POINT ( 'NONE',  ( 36.04999999999984084, -0.2999999999999999334, 36.05000000000001137 ) ) ;
#1200 = DIRECTION ( 'NONE',  ( 0.000000000000000000, 1.000000000000000000, -0.000000000000000000 ) ) ;
#1201 = CARTESIAN_POINT ( 'NONE',  ( 0.000000000000000000, -26.84966131682163137, 8.500000000000000000 ) ) ;
#1202 = ORIENTED_EDGE ( 'NONE', *, *, #1170, .F. ) ;
#1203 = DIRECTION ( 'NONE',  ( -0.000000000000000000, -0.000000000000000000, -1.000000000000000000 ) ) ;
#1204 = LINE ( 'NONE', #3031, #2062 ) ;
#1205 = DIRECTION ( 'NONE',  ( 0.000000000000000000, -1.000000000000000000, 0.000000000000000000 ) ) ;
#1206 = DIRECTION ( 'NONE',  ( 0.000000000000000000, 0.000000000000000000, 1.000000000000000000 ) ) ;
#1207 = EDGE_CURVE ( 'NONE', #1890, #1878, #3895, .T. ) ;
#1208 = VERTEX_POINT ( 'NONE', #2005 ) ;
#1209 = ORIENTED_EDGE ( 'NONE', *, *, #3112, .F. ) ;
#1210 = PERSON_AND_ORGANIZATION_ROLE ( 'classification_officer' ) ;
#1211 = FACE_OUTER_BOUND ( 'NONE', #497, .T. ) ;
#1212 = EDGE_CURVE ( 'NONE', #492, #3348, #1745, .T. ) ;
#1213 = ORIENTED_EDGE ( 'NONE', *, *, #3866, .T. ) ;
#1214 = ORIENTED_EDGE ( 'NONE', *, *, #387, .T. ) ;
#1215 = CARTESIAN_POINT ( 'NONE',  ( -36.10000000000001563, 0.000000000000000000, -36.09999999999999432 ) ) ;
#1216 = AXIS2_PLACEMENT_3D ( 'NONE', #1124, #842, #2369 ) ;
#1217 = DIRECTION ( 'NONE',  ( -0.000000000000000000, 1.000000000000000000, -0.000000000000000000 ) ) ;
#1218 = CARTESIAN_POINT ( 'NONE',  ( -32.07261292754301962, -26.84966131682163137, 8.500000000000000000 ) ) ;
#1219 = VECTOR ( 'NONE', #2878, 1000.000000000000000 ) ;
#1220 = CYLINDRICAL_SURFACE ( 'NONE', #528, 1.000000000000000888 ) ;
#1221 = CARTESIAN_POINT ( 'NONE',  ( -34.00000000000001421, -5.200000000000000178, -11.69999999999999041 ) ) ;
#1222 = VECTOR ( 'NONE', #2921, 1000.000000000000000 ) ;
#1223 = ORIENTED_EDGE ( 'NONE', *, *, #541, .T. ) ;
#1224 = CARTESIAN_POINT ( 'NONE',  ( 32.44999999999999574, -26.84966131682163137, -8.500000000000000000 ) ) ;
#1225 = VECTOR ( 'NONE', #1281, 1000.000000000000000 ) ;
#1226 = CYLINDRICAL_SURFACE ( 'NONE', #1233, 0.7000000000000009548 ) ;
#1227 = CARTESIAN_POINT ( 'NONE',  ( 31.14999999999996660, 0.000000000000000000, -35.15000000000000568 ) ) ;
#1228 = CARTESIAN_POINT ( 'NONE',  ( -9.499999999999994671, -1.800000000000000044, -33.45000000000000995 ) ) ;
#1229 = VECTOR ( 'NONE', #2121, 1000.000000000000000 ) ;
#1230 = VERTEX_POINT ( 'NONE', #863 ) ;
#1231 = FACE_OUTER_BOUND ( 'NONE', #3460, .T. ) ;
#1232 = VECTOR ( 'NONE', #2157, 1000.000000000000000 ) ;
#1233 = AXIS2_PLACEMENT_3D ( 'NONE', #1285, #1830, #2730 ) ;
#1234 = DIRECTION ( 'NONE',  ( -0.000000000000000000, 1.000000000000000000, -0.000000000000000000 ) ) ;
#1235 = CIRCLE ( 'NONE', #2772, 1.550000000000002709 ) ;
#1236 = ORIENTED_EDGE ( 'NONE', *, *, #2688, .F. ) ;
#1237 = CARTESIAN_POINT ( 'NONE',  ( 39.89999999999998437, 1.699999999999999956, -36.09999999999996589 ) ) ;
#1238 = EDGE_CURVE ( 'NONE', #2156, #3620, #17, .T. ) ;
#1239 = DIRECTION ( 'NONE',  ( -4.440892098500626162E-15, 0.000000000000000000, 1.000000000000000000 ) ) ;
#1240 = ORIENTED_EDGE ( 'NONE', *, *, #3499, .F. ) ;
#1241 = CIRCLE ( 'NONE', #373, 0.7000000000000009548 ) ;
#1242 = DIRECTION ( 'NONE',  ( -0.000000000000000000, 1.000000000000000000, -0.000000000000000000 ) ) ;
#1243 = ADVANCED_FACE ( 'NONE', ( #3910 ), #1102, .F. ) ;
#1244 = EDGE_CURVE ( 'NONE', #2024, #766, #1123, .T. ) ;
#1245 = CIRCLE ( 'NONE', #295, 4.000000000000000000 ) ;
#1246 = DIRECTION ( 'NONE',  ( -0.000000000000000000, 1.000000000000000000, -0.000000000000000000 ) ) ;
#1247 =( BOUNDED_CURVE ( )  B_SPLINE_CURVE ( 3, ( #2972, #1420, #2648, #1105 ),
 .UNSPECIFIED., .F., .F. ) 
 B_SPLINE_CURVE_WITH_KNOTS ( ( 4, 4 ),
 ( 4.850806879354479406, 5.523257429986278666 ),
 .UNSPECIFIED. ) 
 CURVE ( )  GEOMETRIC_REPRESENTATION_ITEM ( )  RATIONAL_B_SPLINE_CURVE ( ( 1.000000000000000000, 0.9626711787090945771, 0.9626711787090945771, 1.000000000000000000 ) ) 
 REPRESENTATION_ITEM ( '' )  );
#1248 = EDGE_LOOP ( 'NONE', ( #3510, #2454, #2243, #3291 ) ) ;
#1249 = CIRCLE ( 'NONE', #1050, 3.799999999999998046 ) ;
#1250 = DIRECTION ( 'NONE',  ( -0.000000000000000000, 1.000000000000000000, -0.000000000000000000 ) ) ;
#1251 = DIRECTION ( 'NONE',  ( 1.290735142246298519E-16, 0.000000000000000000, -1.000000000000000000 ) ) ;
#1252 = DIRECTION ( 'NONE',  ( -1.000000000000000000, 0.000000000000000000, 1.398970545142585555E-16 ) ) ;
#1253 = DIRECTION ( 'NONE',  ( 0.000000000000000000, 0.000000000000000000, 1.000000000000000000 ) ) ;
#1254 = ORIENTED_EDGE ( 'NONE', *, *, #3357, .F. ) ;
#1255 = DIRECTION ( 'NONE',  ( 0.000000000000000000, 0.000000000000000000, 1.000000000000000000 ) ) ;
#1256 = COORDINATED_UNIVERSAL_TIME_OFFSET ( 8, 0, .AHEAD. ) ;
#1257 = CARTESIAN_POINT ( 'NONE',  ( -31.49167678611167176, 14.22350010943929277, -6.460418515588919774 ) ) ;
#1258 = VERTEX_POINT ( 'NONE', #1177 ) ;
#1259 = EDGE_LOOP ( 'NONE', ( #2320, #2640 ) ) ;
#1260 = DIRECTION ( 'NONE',  ( -0.000000000000000000, 1.000000000000000000, -0.000000000000000000 ) ) ;
#1261 = PLANE ( 'NONE',  #7 ) ;
#1262 = CYLINDRICAL_SURFACE ( 'NONE', #1759, 0.8000000000000020428 ) ;
#1263 = ORIENTED_EDGE ( 'NONE', *, *, #1758, .F. ) ;
#1264 = ADVANCED_FACE ( 'NONE', ( #3709 ), #2406, .F. ) ;
#1265 = DIRECTION ( 'NONE',  ( 0.000000000000000000, 0.000000000000000000, 1.000000000000000000 ) ) ;
#1266 = DIRECTION ( 'NONE',  ( 0.000000000000000000, 0.000000000000000000, -1.000000000000000000 ) ) ;
#1267 = EDGE_CURVE ( 'NONE', #1310, #3199, #3349, .T. ) ;
#1268 = EDGE_CURVE ( 'NONE', #2642, #285, #3627, .T. ) ;
#1269 = VERTEX_POINT ( 'NONE', #2146 ) ;
#1270 = CARTESIAN_POINT ( 'NONE',  ( -8.499999999999998224, -1.799999999999999600, -1.097124870909353569E-15 ) ) ;
#1271 = PLANE ( 'NONE',  #3869 ) ;
#1272 = CARTESIAN_POINT ( 'NONE',  ( -34.00000000000001421, 5.200000000000000178, -5.699999999999993072 ) ) ;
#1273 = ADVANCED_FACE ( 'NONE', ( #2444 ), #3368, .T. ) ;
#1274 = VERTEX_POINT ( 'NONE', #1237 ) ;
#1275 = DIRECTION ( 'NONE',  ( 0.000000000000000000, 0.000000000000000000, 1.000000000000000000 ) ) ;
#1276 = CARTESIAN_POINT ( 'NONE',  ( -28.75202535017085737, 10.19040475258673517, -14.18004409644929886 ) ) ;
#1277 = ORIENTED_EDGE ( 'NONE', *, *, #3047, .F. ) ;
#1278 = CARTESIAN_POINT ( 'NONE',  ( 36.09999999999998721, 1.699999999999999956, 36.10000000000000853 ) ) ;
#1279 = CARTESIAN_POINT ( 'NONE',  ( -33.58555426230893914, 16.50000000000000000, -8.749999999999994671 ) ) ;
#1280 = CARTESIAN_POINT ( 'NONE',  ( -33.45000000000000995, 0.000000000000000000, -17.00000000000000000 ) ) ;
#1281 = DIRECTION ( 'NONE',  ( -0.000000000000000000, 1.000000000000000000, -0.000000000000000000 ) ) ;
#1282 = DIRECTION ( 'NONE',  ( 1.000000000000000000, 0.000000000000000000, 0.000000000000000000 ) ) ;
#1283 = AXIS2_PLACEMENT_3D ( 'NONE', #1337, #386, #2605 ) ;
#1284 = ORIENTED_EDGE ( 'NONE', *, *, #3273, .T. ) ;
#1285 = CARTESIAN_POINT ( 'NONE',  ( -34.00000000000001421, 5.200000000000000178, -4.999999999999992006 ) ) ;
#1286 = CIRCLE ( 'NONE', #3337, 1.000000000000000888 ) ;
#1287 = CARTESIAN_POINT ( 'NONE',  ( -32.70841011707393164, 14.55552520589421128, -5.994925949688318489 ) ) ;
#1288 = DIRECTION ( 'NONE',  ( 0.000000000000000000, 0.000000000000000000, -1.000000000000000000 ) ) ;
#1289 = VECTOR ( 'NONE', #2613, 1000.000000000000000 ) ;
#1290 = ORIENTED_EDGE ( 'NONE', *, *, #2612, .T. ) ;
#1291 = CIRCLE ( 'NONE', #1738, 32.45000000000000284 ) ;
#1292 = CARTESIAN_POINT ( 'NONE',  ( -9.215994020926750352, -5.200000000000000178, -31.11379041849839311 ) ) ;
#1293 = EDGE_CURVE ( 'NONE', #748, #1696, #3285, .T. ) ;
#1294 = EDGE_CURVE ( 'NONE', #754, #437, #299, .T. ) ;
#1295 = CARTESIAN_POINT ( 'NONE',  ( -31.15000000000000924, 0.000000000000000000, 31.14999999999999503 ) ) ;
#1296 = CLOSED_SHELL ( 'NONE', ( #2529, #3746, #393, #3677, #1380, #265, #2326, #1780, #2030, #3918, #2302, #1976, #3329, #435, #1706, #1125, #1118, #3156, #188, #1956, #688, #96, #2248, #1925, #2928, #2413, #583, #648 ) ) ;
#1297 = ORIENTED_EDGE ( 'NONE', *, *, #662, .T. ) ;
#1298 = VECTOR ( 'NONE', #3933, 1000.000000000000000 ) ;
#1299 = DIRECTION ( 'NONE',  ( 0.000000000000000000, 0.000000000000000000, -1.000000000000000000 ) ) ;
#1300 = CARTESIAN_POINT ( 'NONE',  ( 9.500000000000003553, -1.799999999999999600, -33.45000000000000995 ) ) ;
#1301 = ORIENTED_EDGE ( 'NONE', *, *, #3204, .T. ) ;
#1302 = AXIS2_PLACEMENT_3D ( 'NONE', #1612, #676, #1874 ) ;
#1303 = DIRECTION ( 'NONE',  ( 0.000000000000000000, 0.000000000000000000, -1.000000000000000000 ) ) ;
#1304 = DIRECTION ( 'NONE',  ( -0.000000000000000000, -1.000000000000000000, 0.000000000000000000 ) ) ;
#1305 = FACE_OUTER_BOUND ( 'NONE', #3582, .T. ) ;
#1306 = ORIENTED_EDGE ( 'NONE', *, *, #1212, .T. ) ;
#1307 = CARTESIAN_POINT ( 'NONE',  ( -8.500000000000001776, -1.799999999999999600, 32.07261292754301962 ) ) ;
#1308 = CARTESIAN_POINT ( 'NONE',  ( -8.499999999999998224, -26.84966131682163137, -1.097124870909353569E-15 ) ) ;
#1309 = VECTOR ( 'NONE', #2989, 1000.000000000000000 ) ;
#1310 = VERTEX_POINT ( 'NONE', #3020 ) ;
#1311 = DIRECTION ( 'NONE',  ( -0.000000000000000000, 1.000000000000000000, -0.000000000000000000 ) ) ;
#1312 = EDGE_CURVE ( 'NONE', #551, #2837, #664, .T. ) ;
#1313 = LOCAL_TIME ( 22, 22, 40.00000000000000000, #397 ) ;
#1314 = DIRECTION ( 'NONE',  ( 0.000000000000000000, 0.000000000000000000, -1.000000000000000000 ) ) ;
#1315 = AXIS2_PLACEMENT_3D ( 'NONE', #9, #2480, #1527 ) ;
#1316 = ORIENTED_EDGE ( 'NONE', *, *, #3398, .F. ) ;
#1317 = DIRECTION ( 'NONE',  ( 0.000000000000000000, 0.000000000000000000, -1.000000000000000000 ) ) ;
#1318 = DIRECTION ( 'NONE',  ( 0.000000000000000000, 0.000000000000000000, 1.000000000000000000 ) ) ;
#1319 = ORIENTED_EDGE ( 'NONE', *, *, #3529, .T. ) ;
#1320 = DIRECTION ( 'NONE',  ( -0.000000000000000000, -0.000000000000000000, -1.000000000000000000 ) ) ;
#1321 = DIRECTION ( 'NONE',  ( -0.000000000000000000, -0.000000000000000000, -1.000000000000000000 ) ) ;
#1322 = ORIENTED_EDGE ( 'NONE', *, *, #1614, .T. ) ;
#1323 = FACE_OUTER_BOUND ( 'NONE', #1493, .T. ) ;
#1324 = CARTESIAN_POINT ( 'NONE',  ( -34.45379734304329844, 14.46709324958989384, -2.186040600113204224 ) ) ;
#1325 = ORIENTED_EDGE ( 'NONE', *, *, #3382, .T. ) ;
#1326 = DIRECTION ( 'NONE',  ( 0.000000000000000000, 0.000000000000000000, 1.000000000000000000 ) ) ;
#1327 = CARTESIAN_POINT ( 'NONE',  ( -33.13287860641021609, 14.59617462151315870, -5.923625658657367232 ) ) ;
#1328 = EDGE_CURVE ( 'NONE', #1536, #2366, #1806, .T. ) ;
#1329 = ORIENTED_EDGE ( 'NONE', *, *, #2731, .T. ) ;
#1330 = EDGE_LOOP ( 'NONE', ( #1100, #3771 ) ) ;
#1331 = DIRECTION ( 'NONE',  ( 0.000000000000000000, 0.000000000000000000, 1.000000000000000000 ) ) ;
#1332 = DIRECTION ( 'NONE',  ( 0.000000000000000000, 0.000000000000000000, -1.000000000000000000 ) ) ;
#1333 = VERTEX_POINT ( 'NONE', #880 ) ;
#1334 = EDGE_CURVE ( 'NONE', #1191, #117, #959, .T. ) ;
#1335 = ORIENTED_EDGE ( 'NONE', *, *, #3182, .F. ) ;
#1336 = FACE_OUTER_BOUND ( 'NONE', #3801, .T. ) ;
#1337 = CARTESIAN_POINT ( 'NONE',  ( -36.10000000000001563, 0.000000000000000000, 36.10000000000000853 ) ) ;
#1338 = EDGE_CURVE ( 'NONE', #3305, #154, #3411, .T. ) ;
#1339 = LINE ( 'NONE', #3797, #334 ) ;
#1340 = DIRECTION ( 'NONE',  ( -0.000000000000000000, -1.000000000000000000, -0.000000000000000000 ) ) ;
#1341 = ORIENTED_EDGE ( 'NONE', *, *, #952, .F. ) ;
#1342 = CARTESIAN_POINT ( 'NONE',  ( -28.70140330521822492, 9.956599106023485746, -14.49136967290796463 ) ) ;
#1343 = VECTOR ( 'NONE', #3509, 1000.000000000000000 ) ;
#1344 = CARTESIAN_POINT ( 'NONE',  ( -9.215994020926750352, -1.799999999999999600, -31.11379041849839311 ) ) ;
#1345 = AXIS2_PLACEMENT_3D ( 'NONE', #3263, #2963, #2639 ) ;
#1346 = ORIENTED_EDGE ( 'NONE', *, *, #3328, .F. ) ;
#1347 = VECTOR ( 'NONE', #1061, 1000.000000000000000 ) ;
#1348 = FACE_OUTER_BOUND ( 'NONE', #378, .T. ) ;
#1349 = LINE ( 'NONE', #1033, #3596 ) ;
#1350 = VERTEX_POINT ( 'NONE', #1776 ) ;
#1351 = ORIENTED_EDGE ( 'NONE', *, *, #2253, .T. ) ;
#1352 = VECTOR ( 'NONE', #2680, 1000.000000000000000 ) ;
#1353 = EDGE_CURVE ( 'NONE', #2922, #1258, #2066, .T. ) ;
#1354 = CYLINDRICAL_SURFACE ( 'NONE', #910, 31.15000000000000213 ) ;
#1355 = AXIS2_PLACEMENT_3D ( 'NONE', #3244, #499, #2416 ) ;
#1356 = DIRECTION ( 'NONE',  ( 0.000000000000000000, -1.000000000000000000, 0.000000000000000000 ) ) ;
#1357 = DIRECTION ( 'NONE',  ( 0.000000000000000000, 0.000000000000000000, 1.000000000000000000 ) ) ;
#1358 = CIRCLE ( 'NONE', #1173, 21.10000000000000142 ) ;
#1359 = EDGE_CURVE ( 'NONE', #3708, #2436, #2965, .T. ) ;
#1360 = EDGE_CURVE ( 'NONE', #3720, #1208, #2329, .T. ) ;
#1361 = CARTESIAN_POINT ( 'NONE',  ( -39.90000000000001279, 0.000000000000000000, 36.09999999999998010 ) ) ;
#1362 = PLANE ( 'NONE',  #1686 ) ;
#1363 = ORIENTED_EDGE ( 'NONE', *, *, #2667, .F. ) ;
#1364 = CARTESIAN_POINT ( 'NONE',  ( -36.10000000000001563, 0.000000000000000000, 36.10000000000000853 ) ) ;
#1365 = CARTESIAN_POINT ( 'NONE',  ( 8.500000000000003553, -26.84966131682163137, -32.07261292754301962 ) ) ;
#1366 = ORIENTED_EDGE ( 'NONE', *, *, #892, .T. ) ;
#1367 = DIRECTION ( 'NONE',  ( -0.000000000000000000, 1.000000000000000000, -0.000000000000000000 ) ) ;
#1368 = EDGE_LOOP ( 'NONE', ( #71, #2505, #2118 ) ) ;
#1369 = ORIENTED_EDGE ( 'NONE', *, *, #3375, .T. ) ;
#1370 = DIRECTION ( 'NONE',  ( 0.000000000000000000, 0.000000000000000000, -1.000000000000000000 ) ) ;
#1371 = CARTESIAN_POINT ( 'NONE',  ( 8.500000000000003553, -1.799999999999999600, -32.45000000000000995 ) ) ;
#1372 = ORIENTED_EDGE ( 'NONE', *, *, #1312, .T. ) ;
#1373 = ORIENTED_EDGE ( 'NONE', *, *, #1758, .T. ) ;
#1374 = FACE_OUTER_BOUND ( 'NONE', #600, .T. ) ;
#1375 = CARTESIAN_POINT ( 'NONE',  ( -36.05000000000001137, 0.000000000000000000, 34.49999999999983658 ) ) ;
#1376 = CARTESIAN_POINT ( 'NONE',  ( -34.00000000000001421, -1.800000000000000044, -12.49999999999999289 ) ) ;
#1377 = EDGE_CURVE ( 'NONE', #501, #2912, #2132, .T. ) ;
#1378 = DIRECTION ( 'NONE',  ( -0.000000000000000000, 1.000000000000000000, -0.000000000000000000 ) ) ;
#1379 = CARTESIAN_POINT ( 'NONE',  ( -30.78055947798969427, 11.55283954017705916, -1.704559210363420174 ) ) ;
#1380 = ADVANCED_FACE ( 'NONE', ( #2486 ), #1562, .F. ) ;
#1381 = EDGE_CURVE ( 'NONE', #2363, #3711, #576, .T. ) ;
#1382 = ORIENTED_EDGE ( 'NONE', *, *, #2525, .T. ) ;
#1383 = FACE_BOUND ( 'NONE', #777, .T. ) ;
#1384 = DIRECTION ( 'NONE',  ( -0.000000000000000000, -1.000000000000000000, -0.000000000000000000 ) ) ;
#1385 = ORIENTED_EDGE ( 'NONE', *, *, #2097, .F. ) ;
#1386 = FACE_OUTER_BOUND ( 'NONE', #966, .T. ) ;
#1387 = ORIENTED_EDGE ( 'NONE', *, *, #3938, .F. ) ;
#1388 = VERTEX_POINT ( 'NONE', #1494 ) ;
#1389 = DIRECTION ( 'NONE',  ( -0.1301729173506814552, 0.5849386184815901224, 0.8005634417066903596 ) ) ;
#1390 = LINE ( 'NONE', #820, #2256 ) ;
#1391 = ORIENTED_EDGE ( 'NONE', *, *, #3306, .T. ) ;
#1392 = EDGE_LOOP ( 'NONE', ( #149, #416 ) ) ;
#1393 = EDGE_LOOP ( 'NONE', ( #1012, #1240, #253, #1209 ) ) ;
#1394 = CARTESIAN_POINT ( 'NONE',  ( -31.02769886050484871, 13.99119410309011613, -13.22275196867234648 ) ) ;
#1395 = DIRECTION ( 'NONE',  ( 0.000000000000000000, -1.000000000000000000, 0.000000000000000000 ) ) ;
#1396 = DIRECTION ( 'NONE',  ( -0.000000000000000000, -1.000000000000000000, 0.000000000000000000 ) ) ;
#1397 = CARTESIAN_POINT ( 'NONE',  ( -36.71879786105545662, 13.16399154813373684, -12.65604385324268222 ) ) ;
#1398 = FACE_OUTER_BOUND ( 'NONE', #301, .T. ) ;
#1399 = ORIENTED_EDGE ( 'NONE', *, *, #1971, .T. ) ;
#1400 = CARTESIAN_POINT ( 'NONE',  ( -30.00994335591744289, 13.96664203693286055, -6.443848361112021195 ) ) ;
#1401 = ADVANCED_FACE ( 'NONE', ( #1820 ), #2721, .T. ) ;
#1402 = AXIS2_PLACEMENT_3D ( 'NONE', #3496, #2553, #728 ) ;
#1403 = CARTESIAN_POINT ( 'NONE',  ( -32.07261292754301962, -1.799999999999999600, 8.500000000000000000 ) ) ;
#1404 = CIRCLE ( 'NONE', #717, 21.10000000000000142 ) ;
#1405 = DIRECTION ( 'NONE',  ( -0.000000000000000000, -1.000000000000000000, -0.000000000000000000 ) ) ;
#1406 = ORIENTED_EDGE ( 'NONE', *, *, #3321, .T. ) ;
#1407 = ADVANCED_FACE ( 'NONE', ( #1348 ), #2503, .T. ) ;
#1408 = EDGE_CURVE ( 'NONE', #1022, #1696, #1013, .T. ) ;
#1409 = CARTESIAN_POINT ( 'NONE',  ( -32.45000000000000995, 0.000000000000000000, -17.00000000000000000 ) ) ;
#1410 = AXIS2_PLACEMENT_3D ( 'NONE', #3390, #2187, #1843 ) ;
#1411 = CARTESIAN_POINT ( 'NONE',  ( -33.58555426230893914, 13.19145248145150262, -8.749999999999994671 ) ) ;
#1412 = EDGE_LOOP ( 'NONE', ( #3266, #1056, #111, #872, #1914, #2208, #2169, #3501 ) ) ;
#1413 = ORIENTED_EDGE ( 'NONE', *, *, #2297, .F. ) ;
#1414 = AXIS2_PLACEMENT_3D ( 'NONE', #1882, #1558, #2182 ) ;
#1415 = ORIENTED_EDGE ( 'NONE', *, *, #1436, .F. ) ;
#1416 = VECTOR ( 'NONE', #1405, 1000.000000000000000 ) ;
#1417 = DIRECTION ( 'NONE',  ( 0.000000000000000000, 0.000000000000000000, -1.000000000000000000 ) ) ;
#1418 = CARTESIAN_POINT ( 'NONE',  ( 36.04999999999984084, -0.2999999999999999334, 36.05000000000001137 ) ) ;
#1419 = VECTOR ( 'NONE', #770, 1000.000000000000000 ) ;
#1420 = CARTESIAN_POINT ( 'NONE',  ( -31.65614157086241320, 14.40893500755882783, -8.291247470695074284 ) ) ;
#1421 = VECTOR ( 'NONE', #1111, 1000.000000000000000 ) ;
#1422 = AXIS2_PLACEMENT_3D ( 'NONE', #2862, #2266, #1905 ) ;
#1423 = AXIS2_PLACEMENT_3D ( 'NONE', #2457, #552, #306 ) ;
#1424 = AXIS2_PLACEMENT_3D ( 'NONE', #3567, #3283, #2036 ) ;
#1425 = CARTESIAN_POINT ( 'NONE',  ( -35.76669715073297340, 13.93101100421007033, -6.518460356076194451 ) ) ;
#1426 = DIRECTION ( 'NONE',  ( -0.000000000000000000, 1.000000000000000000, -0.000000000000000000 ) ) ;
#1427 = CIRCLE ( 'NONE', #2069, 1.000000000000000888 ) ;
#1428 = ORIENTED_EDGE ( 'NONE', *, *, #1359, .T. ) ;
#1429 = DIRECTION ( 'NONE',  ( -0.000000000000000000, -1.000000000000000000, -0.000000000000000000 ) ) ;
#1430 = DIRECTION ( 'NONE',  ( 0.000000000000000000, 0.000000000000000000, -1.000000000000000000 ) ) ;
#1431 = EDGE_CURVE ( 'NONE', #2190, #1674, #3862, .T. ) ;
#1432 = CARTESIAN_POINT ( 'NONE',  ( -31.14999999999998082, 0.000000000000000000, 33.44999999999999574 ) ) ;
#1433 = VERTEX_POINT ( 'NONE', #2561 ) ;
#1434 = AXIS2_PLACEMENT_3D ( 'NONE', #1376, #54, #2906 ) ;
#1435 = LINE ( 'NONE', #557, #2631 ) ;
#1436 = EDGE_CURVE ( 'NONE', #1121, #2942, #3090, .T. ) ;
#1437 = ORIENTED_EDGE ( 'NONE', *, *, #2834, .F. ) ;
#1438 = EDGE_CURVE ( 'NONE', #3620, #2156, #2836, .T. ) ;
#1439 = VECTOR ( 'NONE', #2067, 1000.000000000000000 ) ;
#1440 = ORIENTED_EDGE ( 'NONE', *, *, #141, .T. ) ;
#1441 = ORIENTED_EDGE ( 'NONE', *, *, #1589, .F. ) ;
#1442 = CARTESIAN_POINT ( 'NONE',  ( -8.499999999999994671, 0.000000000000000000, -32.07261292754301962 ) ) ;
#1443 = DIRECTION ( 'NONE',  ( -0.000000000000000000, 1.000000000000000000, 0.000000000000000000 ) ) ;
#1444 = CARTESIAN_POINT ( 'NONE',  ( -33.58555426230893914, 16.50000000000000000, -11.24999999999998934 ) ) ;
#1445 = CIRCLE ( 'NONE', #3693, 20.00000000000000000 ) ;
#1446 = CARTESIAN_POINT ( 'NONE',  ( -35.53066498792754402, 14.06630372666562856, -6.380171085770049544 ) ) ;
#1447 = CARTESIAN_POINT ( 'NONE',  ( 32.44999999999999574, 0.000000000000000000, 8.500000000000000000 ) ) ;
#1448 = VERTEX_POINT ( 'NONE', #1922 ) ;
#1449 = CARTESIAN_POINT ( 'NONE',  ( -33.35000000000000142, 14.60000000000000142, -4.594811253560937558 ) ) ;
#1450 = DIRECTION ( 'NONE',  ( 0.000000000000000000, 0.000000000000000000, 1.000000000000000000 ) ) ;
#1451 = CARTESIAN_POINT ( 'NONE',  ( -33.35000000000000853, 14.59999999999999964, 0.000000000000000000 ) ) ;
#1452 = ORIENTED_EDGE ( 'NONE', *, *, #3233, .F. ) ;
#1453 = LINE ( 'NONE', #2677, #1935 ) ;
#1454 = ORIENTED_EDGE ( 'NONE', *, *, #2978, .F. ) ;
#1455 = VERTEX_POINT ( 'NONE', #115 ) ;
#1456 = CARTESIAN_POINT ( 'NONE',  ( -34.00000000000001421, 1.699999999999999956, -12.49999999999999289 ) ) ;
#1457 = CARTESIAN_POINT ( 'NONE',  ( 9.500000000000003553, -26.84966131682163137, -32.45000000000000995 ) ) ;
#1458 = CARTESIAN_POINT ( 'NONE',  ( 0.000000000000000000, -1.799999999999999600, 0.000000000000000000 ) ) ;
#1459 = CARTESIAN_POINT ( 'NONE',  ( -33.88891608058361271, 14.57864284794453624, -5.899999999999992362 ) ) ;
#1460 = EDGE_CURVE ( 'NONE', #2376, #2190, #2355, .T. ) ;
#1461 = CARTESIAN_POINT ( 'NONE',  ( 0.000000000000000000, 58.96854249492380262, 0.000000000000000000 ) ) ;
#1462 = ORIENTED_EDGE ( 'NONE', *, *, #3724, .F. ) ;
#1463 = DIRECTION ( 'NONE',  ( 0.000000000000000000, 0.000000000000000000, 1.000000000000000000 ) ) ;
#1464 = DIRECTION ( 'NONE',  ( 0.000000000000000000, 0.000000000000000000, -1.000000000000000000 ) ) ;
#1465 = ORIENTED_EDGE ( 'NONE', *, *, #1677, .T. ) ;
#1466 = CARTESIAN_POINT ( 'NONE',  ( -34.00000000000001421, 1.699999999999999956, -12.49999999999999289 ) ) ;
#1467 = CARTESIAN_POINT ( 'NONE',  ( -29.49668999338791764, 12.55284334852482075, -10.45251394401784850 ) ) ;
#1468 = CIRCLE ( 'NONE', #3010, 3.000000000000000000 ) ;
#1469 = EDGE_LOOP ( 'NONE', ( #3925, #1006, #940, #3388 ) ) ;
#1470 = ORIENTED_EDGE ( 'NONE', *, *, #345, .T. ) ;
#1471 = CIRCLE ( 'NONE', #3655, 21.10000000000000142 ) ;
#1472 = DIRECTION ( 'NONE',  ( 0.000000000000000000, -1.000000000000000000, 0.000000000000000000 ) ) ;
#1473 = FACE_OUTER_BOUND ( 'NONE', #1248, .T. ) ;
#1474 = CARTESIAN_POINT ( 'NONE',  ( -28.80802839487632028, -1.800000000000000044, -16.99999999999999289 ) ) ;
#1475 = CIRCLE ( 'NONE', #2952, 0.7000000000000009548 ) ;
#1476 = ADVANCED_FACE ( 'NONE', ( #2843 ), #981, .T. ) ;
#1477 = CARTESIAN_POINT ( 'NONE',  ( -30.82934868224411318, 12.46515783356657892, -2.199999999999990852 ) ) ;
#1478 = VECTOR ( 'NONE', #3818, 1000.000000000000000 ) ;
#1479 = DIRECTION ( 'NONE',  ( 1.000000000000000000, 0.000000000000000000, -0.000000000000000000 ) ) ;
#1480 = EDGE_CURVE ( 'NONE', #2868, #2621, #1960, .T. ) ;
#1481 = EDGE_CURVE ( 'NONE', #3143, #2658, #3158, .T. ) ;
#1482 = EDGE_CURVE ( 'NONE', #1969, #2513, #727, .T. ) ;
#1483 = AXIS2_PLACEMENT_3D ( 'NONE', #2698, #1260, #3667 ) ;
#1484 = ORIENTED_EDGE ( 'NONE', *, *, #2860, .F. ) ;
#1485 = CARTESIAN_POINT ( 'NONE',  ( -39.90000000000001279, 1.699999999999999956, 36.09999999999998010 ) ) ;
#1486 = CARTESIAN_POINT ( 'NONE',  ( -34.00000000000001421, 5.200000000000000178, -12.49999999999999289 ) ) ;
#1487 = AXIS2_PLACEMENT_3D ( 'NONE', #801, #1717, #2939 ) ;
#1488 = LINE ( 'NONE', #2095, #3238 ) ;
#1489 = ORIENTED_EDGE ( 'NONE', *, *, #683, .F. ) ;
#1490 = DIRECTION ( 'NONE',  ( 0.000000000000000000, 0.000000000000000000, -1.000000000000000000 ) ) ;
#1491 = CARTESIAN_POINT ( 'NONE',  ( -29.48243274810041115, 12.53156859835992165, -9.947190820527946897 ) ) ;
#1492 = ORIENTED_EDGE ( 'NONE', *, *, #559, .F. ) ;
#1493 = EDGE_LOOP ( 'NONE', ( #2895, #2295, #919, #2938 ) ) ;
#1494 = CARTESIAN_POINT ( 'NONE',  ( 8.499999999999996447, -1.799999999999999600, 32.07261292754301962 ) ) ;
#1495 = FACE_OUTER_BOUND ( 'NONE', #2919, .T. ) ;
#1496 = ORIENTED_EDGE ( 'NONE', *, *, #2424, .T. ) ;
#1497 = DIRECTION ( 'NONE',  ( -1.290735142246298519E-16, 0.000000000000000000, 1.000000000000000000 ) ) ;
#1498 = VECTOR ( 'NONE', #2865, 1000.000000000000000 ) ;
#1499 = VERTEX_POINT ( 'NONE', #2580 ) ;
#1500 = CARTESIAN_POINT ( 'NONE',  ( -32.95375868440792289, 13.17935177133900027, -8.908939218601208410 ) ) ;
#1501 = CARTESIAN_POINT ( 'NONE',  ( -32.07261292754301962, -0.000000000000000000, 8.500000000000000000 ) ) ;
#1502 = EDGE_CURVE ( 'NONE', #3598, #1716, #2805, .T. ) ;
#1503 = CIRCLE ( 'NONE', #2854, 1.249999999999997558 ) ;
#1504 = EDGE_LOOP ( 'NONE', ( #1633, #1588 ) ) ;
#1505 = CYLINDRICAL_SURFACE ( 'NONE', #1749, 3.249999999999999556 ) ;
#1506 = FACE_BOUND ( 'NONE', #2074, .T. ) ;
#1507 = DIRECTION ( 'NONE',  ( 0.000000000000000000, 0.000000000000000000, -1.000000000000000000 ) ) ;
#1508 = EDGE_CURVE ( 'NONE', #1455, #2223, #3125, .T. ) ;
#1509 = EDGE_CURVE ( 'NONE', #1716, #1921, #380, .T. ) ;
#1510 = LINE ( 'NONE', #934, #3565 ) ;
#1511 = ORIENTED_EDGE ( 'NONE', *, *, #1640, .F. ) ;
#1512 = ORIENTED_EDGE ( 'NONE', *, *, #736, .F. ) ;
#1513 = EDGE_CURVE ( 'NONE', #246, #1536, #78, .T. ) ;
#1514 = DIRECTION ( 'NONE',  ( 8.659560562354825622E-17, -0.7071067811865562325, 0.7071067811865388020 ) ) ;
#1515 = VERTEX_POINT ( 'NONE', #701 ) ;
#1516 = EDGE_LOOP ( 'NONE', ( #555, #2830 ) ) ;
#1517 = DIRECTION ( 'NONE',  ( 0.000000000000000000, 0.000000000000000000, 1.000000000000000000 ) ) ;
#1518 = CARTESIAN_POINT ( 'NONE',  ( 24.84999999999998366, 0.000000000000000000, 27.85000000000000497 ) ) ;
#1519 = VERTEX_POINT ( 'NONE', #402 ) ;
#1520 = CARTESIAN_POINT ( 'NONE',  ( 0.000000000000000000, 2.399999999999999911, -21.10000000000000142 ) ) ;
#1521 = CARTESIAN_POINT ( 'NONE',  ( -32.04480570889155899, 14.06540829640140444, -2.199999999999992184 ) ) ;
#1522 = LINE ( 'NONE', #946, #196 ) ;
#1523 = ORIENTED_EDGE ( 'NONE', *, *, #3451, .F. ) ;
#1524 = CARTESIAN_POINT ( 'NONE',  ( -38.00000000000001421, 1.699999999999999956, -2.199999999999990408 ) ) ;
#1525 = DIRECTION ( 'NONE',  ( 0.000000000000000000, 0.000000000000000000, -1.000000000000000000 ) ) ;
#1526 = PLANE ( 'NONE',  #1683 ) ;
#1527 = DIRECTION ( 'NONE',  ( 0.000000000000000000, 0.000000000000000000, -1.000000000000000000 ) ) ;
#1528 = ORIENTED_EDGE ( 'NONE', *, *, #291, .T. ) ;
#1529 = PLANE ( 'NONE',  #1167 ) ;
#1530 = ADVANCED_FACE ( 'NONE', ( #102 ), #3468, .F. ) ;
#1531 = PERSON_AND_ORGANIZATION ( #1039, #3751 ) ;
#1532 = CARTESIAN_POINT ( 'NONE',  ( -30.01576690231104649, 13.19713384416733426, -7.960643833610470566 ) ) ;
#1533 = VERTEX_POINT ( 'NONE', #3870 ) ;
#1534 = EDGE_CURVE ( 'NONE', #285, #3875, #3419, .T. ) ;
#1535 = EDGE_CURVE ( 'NONE', #94, #2092, #1427, .T. ) ;
#1536 = VERTEX_POINT ( 'NONE', #2709 ) ;
#1537 = CARTESIAN_POINT ( 'NONE',  ( -36.10000000000001563, 1.699999999999999956, -36.09999999999999432 ) ) ;
#1538 = CIRCLE ( 'NONE', #2313, 2.299999999999999822 ) ;
#1539 = DIRECTION ( 'NONE',  ( 0.000000000000000000, 0.000000000000000000, -1.000000000000000000 ) ) ;
#1540 = DIRECTION ( 'NONE',  ( 0.000000000000000000, 1.000000000000000000, -0.000000000000000000 ) ) ;
#1541 = CIRCLE ( 'NONE', #133, 3.799999999999998046 ) ;
#1542 = CARTESIAN_POINT ( 'NONE',  ( -32.58470458821394544, 13.11082566681835182, -10.76664085454439679 ) ) ;
#1543 = LINE ( 'NONE', #2131, #775 ) ;
#1544 = CIRCLE ( 'NONE', #1161, 3.249999999999999556 ) ;
#1545 = ORIENTED_EDGE ( 'NONE', *, *, #2254, .F. ) ;
#1546 = DIRECTION ( 'NONE',  ( 0.000000000000000000, 0.000000000000000000, 1.000000000000000000 ) ) ;
#1547 = AXIS2_PLACEMENT_3D ( 'NONE', #3096, #1548, #3741 ) ;
#1548 = DIRECTION ( 'NONE',  ( 0.000000000000000000, 0.000000000000000000, -1.000000000000000000 ) ) ;
#1549 = FACE_OUTER_BOUND ( 'NONE', #3445, .T. ) ;
#1550 = DIRECTION ( 'NONE',  ( 0.000000000000000000, -1.000000000000000000, 0.000000000000000000 ) ) ;
#1551 = AXIS2_PLACEMENT_3D ( 'NONE', #3973, #255, #279 ) ;
#1552 = CIRCLE ( 'NONE', #3418, 4.650000000000001243 ) ;
#1553 = ORIENTED_EDGE ( 'NONE', *, *, #2009, .T. ) ;
#1554 = ORIENTED_EDGE ( 'NONE', *, *, #3437, .T. ) ;
#1555 = DATE_TIME_ROLE ( 'classification_date' ) ;
#1556 = CIRCLE ( 'NONE', #3799, 3.000000000000000000 ) ;
#1557 = AXIS2_PLACEMENT_3D ( 'NONE', #613, #851, #1463 ) ;
#1558 = DIRECTION ( 'NONE',  ( -0.000000000000000000, -1.000000000000000000, 0.000000000000000000 ) ) ;
#1559 = EDGE_CURVE ( 'NONE', #2980, #3304, #2526, .T. ) ;
#1560 = CIRCLE ( 'NONE', #3293, 1.000000000000000888 ) ;
#1561 = ORIENTED_EDGE ( 'NONE', *, *, #3484, .F. ) ;
#1562 = CYLINDRICAL_SURFACE ( 'NONE', #339, 1.000000000000000888 ) ;
#1563 = FACE_OUTER_BOUND ( 'NONE', #3327, .T. ) ;
#1564 = ORIENTED_EDGE ( 'NONE', *, *, #3907, .T. ) ;
#1565 = EDGE_CURVE ( 'NONE', #1841, #3610, #3162, .T. ) ;
#1566 = LINE ( 'NONE', #1520, #2275 ) ;
#1567 = PLANE ( 'NONE',  #2448 ) ;
#1568 = VECTOR ( 'NONE', #3712, 1000.000000000000000 ) ;
#1569 = CARTESIAN_POINT ( 'NONE',  ( -33.45000000000000995, 0.000000000000000000, 9.499999999999998224 ) ) ;
#1570 = ADVANCED_FACE ( 'NONE', ( #2304 ), #218, .F. ) ;
#1571 = ORIENTED_EDGE ( 'NONE', *, *, #3252, .T. ) ;
#1572 = DIRECTION ( 'NONE',  ( 0.1604937965832608227, 0.000000000000000000, -0.9870368489870533502 ) ) ;
#1573 = DIRECTION ( 'NONE',  ( 0.000000000000000000, 0.000000000000000000, 1.000000000000000000 ) ) ;
#1574 = DIRECTION ( 'NONE',  ( 0.000000000000000000, -1.000000000000000000, 0.000000000000000000 ) ) ;
#1575 = DIRECTION ( 'NONE',  ( 0.000000000000000000, 0.000000000000000000, 1.000000000000000000 ) ) ;
#1576 = ORIENTED_EDGE ( 'NONE', *, *, #3224, .F. ) ;
#1577 = DIRECTION ( 'NONE',  ( 0.000000000000000000, 0.000000000000000000, 1.000000000000000000 ) ) ;
#1578 = APPROVAL_ROLE ( '' ) ;
#1579 = FACE_OUTER_BOUND ( 'NONE', #3633, .T. ) ;
#1580 = ORIENTED_EDGE ( 'NONE', *, *, #1559, .T. ) ;
#1581 = ORIENTED_EDGE ( 'NONE', *, *, #3824, .F. ) ;
#1582 = DIRECTION ( 'NONE',  ( 0.000000000000000000, -1.000000000000000000, 0.000000000000000000 ) ) ;
#1583 = EDGE_LOOP ( 'NONE', ( #3919, #3511, #2803, #3749 ) ) ;
#1584 = DIRECTION ( 'NONE',  ( 0.000000000000000000, 0.000000000000000000, -1.000000000000000000 ) ) ;
#1585 = EDGE_CURVE ( 'NONE', #1855, #1908, #3093, .T. ) ;
#1586 = FACE_OUTER_BOUND ( 'NONE', #1393, .T. ) ;
#1587 = PLANE ( 'NONE',  #258 ) ;
#1588 = ORIENTED_EDGE ( 'NONE', *, *, #874, .F. ) ;
#1589 = EDGE_CURVE ( 'NONE', #2855, #519, #2460, .T. ) ;
#1590 = EDGE_CURVE ( 'NONE', #693, #152, #794, .T. ) ;
#1591 = CARTESIAN_POINT ( 'NONE',  ( -34.00000000000001421, 5.200000000000000178, -4.999999999999992006 ) ) ;
#1592 = CARTESIAN_POINT ( 'NONE',  ( -38.00000000000001421, 1.699999999999999956, -14.49999999999999289 ) ) ;
#1593 = FACE_OUTER_BOUND ( 'NONE', #1854, .T. ) ;
#1594 = ORIENTED_EDGE ( 'NONE', *, *, #1971, .F. ) ;
#1595 = VECTOR ( 'NONE', #307, 1000.000000000000000 ) ;
#1596 = LINE ( 'NONE', #2203, #2452 ) ;
#1597 = COORDINATED_UNIVERSAL_TIME_OFFSET ( 8, 0, .AHEAD. ) ;
#1598 = LINE ( 'NONE', #2841, #2443 ) ;
#1599 = ORIENTED_EDGE ( 'NONE', *, *, #2683, .T. ) ;
#1600 = CARTESIAN_POINT ( 'NONE',  ( -31.14999999999998082, 0.000000000000000000, 33.44999999999999574 ) ) ;
#1601 = DIRECTION ( 'NONE',  ( 0.000000000000000000, -1.000000000000000000, 0.000000000000000000 ) ) ;
#1602 = VERTEX_POINT ( 'NONE', #156 ) ;
#1603 = CARTESIAN_POINT ( 'NONE',  ( 39.89999999999998437, 0.000000000000000000, 36.09999999999998010 ) ) ;
#1604 = CARTESIAN_POINT ( 'NONE',  ( -34.00000000000001421, -1.800000000000000044, -12.49999999999999289 ) ) ;
#1605 = DIRECTION ( 'NONE',  ( -1.000000000000000000, 0.000000000000000000, 0.000000000000000000 ) ) ;
#1606 = EDGE_CURVE ( 'NONE', #2024, #2739, #410, .T. ) ;
#1607 = EDGE_LOOP ( 'NONE', ( #3812, #2237, #992, #1639 ) ) ;
#1608 = VECTOR ( 'NONE', #1947, 1000.000000000000000 ) ;
#1609 = ORIENTED_EDGE ( 'NONE', *, *, #1408, .T. ) ;
#1610 = DIRECTION ( 'NONE',  ( -0.000000000000000000, -1.000000000000000000, 0.000000000000000000 ) ) ;
#1611 = AXIS2_PLACEMENT_3D ( 'NONE', #2844, #103, #1318 ) ;
#1612 = CARTESIAN_POINT ( 'NONE',  ( -33.35000000000000853, 9.950000000000001066, -5.899999999999992362 ) ) ;
#1613 = LINE ( 'NONE', #1272, #3176 ) ;
#1614 = EDGE_CURVE ( 'NONE', #3890, #1981, #342, .T. ) ;
#1615 = CC_DESIGN_PERSON_AND_ORGANIZATION_ASSIGNMENT ( #312, #1837, ( #2341 ) ) ;
#1616 = CIRCLE ( 'NONE', #3438, 31.15000000000000213 ) ;
#1617 = ORIENTED_EDGE ( 'NONE', *, *, #3602, .F. ) ;
#1618 = CARTESIAN_POINT ( 'NONE',  ( 32.07261292754301962, -5.200000000000000178, 9.499999999999996447 ) ) ;
#1619 = CARTESIAN_POINT ( 'NONE',  ( -33.35000000000000853, 14.59999999999999964, -5.906772155192411944 ) ) ;
#1620 = ORIENTED_EDGE ( 'NONE', *, *, #3006, .F. ) ;
#1621 = AXIS2_PLACEMENT_3D ( 'NONE', #2027, #2333, #1141 ) ;
#1622 = DIRECTION ( 'NONE',  ( 0.000000000000000000, 0.000000000000000000, 1.000000000000000000 ) ) ;
#1623 = ORIENTED_EDGE ( 'NONE', *, *, #3845, .T. ) ;
#1624 = VECTOR ( 'NONE', #328, 1000.000000000000000 ) ;
#1625 = LINE ( 'NONE', #1017, #272 ) ;
#1626 = FACE_OUTER_BOUND ( 'NONE', #1096, .T. ) ;
#1627 = ORIENTED_EDGE ( 'NONE', *, *, #211, .F. ) ;
#1628 = AXIS2_PLACEMENT_3D ( 'NONE', #2588, #2292, #183 ) ;
#1629 = CARTESIAN_POINT ( 'NONE',  ( 39.89999999999998437, 1.699999999999999956, 36.09999999999998010 ) ) ;
#1630 = EDGE_CURVE ( 'NONE', #1878, #2916, #732, .T. ) ;
#1631 = LINE ( 'NONE', #1933, #671 ) ;
#1632 = AXIS2_PLACEMENT_3D ( 'NONE', #1127, #1746, #225 ) ;
#1633 = ORIENTED_EDGE ( 'NONE', *, *, #609, .F. ) ;
#1634 = CARTESIAN_POINT ( 'NONE',  ( -28.77828965686989093, 10.30842474325933367, -14.01851861025021151 ) ) ;
#1635 = EDGE_CURVE ( 'NONE', #2881, #3598, #2970, .T. ) ;
#1636 = CARTESIAN_POINT ( 'NONE',  ( -28.70000000000000995, 9.950000000000001066, -14.49999999999999289 ) ) ;
#1637 = ORIENTED_EDGE ( 'NONE', *, *, #3515, .T. ) ;
#1638 = AXIS2_PLACEMENT_3D ( 'NONE', #769, #991, #2835 ) ;
#1639 = ORIENTED_EDGE ( 'NONE', *, *, #802, .T. ) ;
#1640 = EDGE_CURVE ( 'NONE', #2263, #1499, #1235, .T. ) ;
#1641 = CARTESIAN_POINT ( 'NONE',  ( 31.14999999999997726, -1.800000000000000044, 33.44999999999999574 ) ) ;
#1642 = CYLINDRICAL_SURFACE ( 'NONE', #3012, 4.000000000000000000 ) ;
#1643 = ORIENTED_EDGE ( 'NONE', *, *, #1481, .F. ) ;
#1644 = APPLICATION_PROTOCOL_DEFINITION ( 'international standard', 'config_control_design', 1994, #3078 ) ;
#1645 = ORIENTED_EDGE ( 'NONE', *, *, #1431, .T. ) ;
#1646 = DIRECTION ( 'NONE',  ( -0.000000000000000000, -1.000000000000000000, -0.000000000000000000 ) ) ;
#1647 = CARTESIAN_POINT ( 'NONE',  ( -31.15000000000000924, -1.800000000000000044, -31.15000000000000924 ) ) ;
#1648 = LINE ( 'NONE', #90, #1872 ) ;
#1649 = CARTESIAN_POINT ( 'NONE',  ( 0.000000000000000000, 1.699999999999999956, 0.000000000000000000 ) ) ;
#1650 = EDGE_LOOP ( 'NONE', ( #2824, #2557, #2166, #174 ) ) ;
#1651 = CARTESIAN_POINT ( 'NONE',  ( 35.14999999999999147, 0.000000000000000000, 31.14999999999996660 ) ) ;
#1652 = FACE_OUTER_BOUND ( 'NONE', #1171, .T. ) ;
#1653 =( BOUNDED_CURVE ( )  B_SPLINE_CURVE ( 3, ( #3647, #3413, #2447, #605 ),
 .UNSPECIFIED., .F., .F. ) 
 B_SPLINE_CURVE_WITH_KNOTS ( ( 4, 4 ),
 ( 1.332548691926110251, 1.570796326794899889 ),
 .UNSPECIFIED. ) 
 CURVE ( )  GEOMETRIC_REPRESENTATION_ITEM ( )  RATIONAL_B_SPLINE_CURVE ( ( 1.000000000000000000, 0.9952754296678885115, 0.9952754296678885115, 1.000000000000000000 ) ) 
 REPRESENTATION_ITEM ( '' )  );
#1654 = ORIENTED_EDGE ( 'NONE', *, *, #284, .T. ) ;
#1655 = ORIENTED_EDGE ( 'NONE', *, *, #2232, .T. ) ;
#1656 = CARTESIAN_POINT ( 'NONE',  ( -30.49337420302412482, 11.60000000000000142, -3.470748651401660112 ) ) ;
#1657 = CARTESIAN_POINT ( 'NONE',  ( -9.499999999999991118, -1.800000000000000044, -32.07261292754301962 ) ) ;
#1658 = EDGE_LOOP ( 'NONE', ( #800, #3909, #3264, #2507 ) ) ;
#1659 = CARTESIAN_POINT ( 'NONE',  ( 0.000000000000000000, 0.000000000000000000, 0.000000000000000000 ) ) ;
#1660 = ADVANCED_FACE ( 'NONE', ( #1812 ), #1997, .F. ) ;
#1661 = ORIENTED_EDGE ( 'NONE', *, *, #3944, .F. ) ;
#1662 = EDGE_CURVE ( 'NONE', #2686, #1533, #1041, .T. ) ;
#1663 = CARTESIAN_POINT ( 'NONE',  ( -9.500000000000001776, -1.800000000000000044, 33.44999999999999574 ) ) ;
#1664 = CARTESIAN_POINT ( 'NONE',  ( -33.45000000000000995, 0.000000000000000000, 9.499999999999998224 ) ) ;
#1665 = PLANE ( 'NONE',  #1938 ) ;
#1666 = CARTESIAN_POINT ( 'NONE',  ( -8.499999999999994671, -1.799999999999999600, -32.07261292754301962 ) ) ;
#1667 = EDGE_LOOP ( 'NONE', ( #1151, #1740, #2359, #337 ) ) ;
#1668 = CARTESIAN_POINT ( 'NONE',  ( -38.00000000000001421, 1.699999999999999956, -2.199999999999990408 ) ) ;
#1669 = AXIS2_PLACEMENT_3D ( 'NONE', #3492, #3452, #1622 ) ;
#1670 = DIRECTION ( 'NONE',  ( -0.000000000000000000, 1.000000000000000000, -0.000000000000000000 ) ) ;
#1671 = AXIS2_PLACEMENT_3D ( 'NONE', #3521, #774, #1068 ) ;
#1672 = VERTEX_POINT ( 'NONE', #479 ) ;
#1673 = CARTESIAN_POINT ( 'NONE',  ( -31.11379041849838600, -1.799999999999999600, 9.215994020926753905 ) ) ;
#1674 = VERTEX_POINT ( 'NONE', #1697 ) ;
#1675 = VECTOR ( 'NONE', #2883, 1000.000000000000000 ) ;
#1676 = CARTESIAN_POINT ( 'NONE',  ( -36.05000000000001137, -0.2999999999999999334, 36.04999999999984084 ) ) ;
#1677 = EDGE_CURVE ( 'NONE', #2376, #2481, #1556, .T. ) ;
#1678 = DIRECTION ( 'NONE',  ( -0.000000000000000000, 1.000000000000000000, -0.000000000000000000 ) ) ;
#1679 = ORIENTED_EDGE ( 'NONE', *, *, #2107, .F. ) ;
#1680 = AXIS2_PLACEMENT_3D ( 'NONE', #2167, #3389, #1517 ) ;
#1681 = CARTESIAN_POINT ( 'NONE',  ( 32.07261292754301962, -1.799999999999999600, -8.500000000000000000 ) ) ;
#1682 = ADVANCED_FACE ( 'NONE', ( #1093 ), #2324, .F. ) ;
#1683 = AXIS2_PLACEMENT_3D ( 'NONE', #2833, #352, #53 ) ;
#1684 = CARTESIAN_POINT ( 'NONE',  ( 31.11379041849838600, -1.799999999999999600, 9.215994020926753905 ) ) ;
#1685 = CARTESIAN_POINT ( 'NONE',  ( -34.21792676261557631, 13.08576751922711345, -8.909479591749715155 ) ) ;
#1686 = AXIS2_PLACEMENT_3D ( 'NONE', #1308, #2853, #2556 ) ;
#1687 = LINE ( 'NONE', #733, #1741 ) ;
#1688 = EDGE_CURVE ( 'NONE', #2582, #2594, #599, .T. ) ;
#1689 = DIRECTION ( 'NONE',  ( -0.000000000000000000, -1.000000000000000000, 0.000000000000000000 ) ) ;
#1690 = EDGE_LOOP ( 'NONE', ( #531, #2550, #823, #1775 ) ) ;
#1691 = DIRECTION ( 'NONE',  ( 1.000000000000000000, 0.000000000000000000, 0.000000000000000000 ) ) ;
#1693 = CARTESIAN_POINT ( 'NONE',  ( 0.000000000000000000, -1.799999999999999600, -8.500000000000000000 ) ) ;
#1692 = CIRCLE ( 'NONE', #3494, 32.45000000000000284 ) ;
#1694 = EDGE_LOOP ( 'NONE', ( #2851, #130, #3117, #2845, #1861, #856, #1202, #1452 ) ) ;
#1695 = DIRECTION ( 'NONE',  ( 7.993605777301125513E-15, 0.000000000000000000, 1.000000000000000000 ) ) ;
#1696 = VERTEX_POINT ( 'NONE', #950 ) ;
#1697 = CARTESIAN_POINT ( 'NONE',  ( -30.70000000000001350, 11.57040434076483848, -2.199999999999989964 ) ) ;
#1698 = CYLINDRICAL_SURFACE ( 'NONE', #1799, 0.7000000000000009548 ) ;
#1699 = CIRCLE ( 'NONE', #3949, 1.000000000000000888 ) ;
#1700 = ORIENTED_EDGE ( 'NONE', *, *, #2793, .F. ) ;
#1701 = EDGE_LOOP ( 'NONE', ( #3124, #2431, #2664, #474 ) ) ;
#1702 = ORIENTED_EDGE ( 'NONE', *, *, #2371, .T. ) ;
#1703 = CARTESIAN_POINT ( 'NONE',  ( -33.35000000000000853, 9.950000000000001066, -5.899999999999992362 ) ) ;
#1704 = DIRECTION ( 'NONE',  ( 0.000000000000000000, -1.000000000000000000, 0.000000000000000000 ) ) ;
#1705 = DIRECTION ( 'NONE',  ( -0.000000000000000000, 0.000000000000000000, 1.000000000000000000 ) ) ;
#1706 = ADVANCED_FACE ( 'NONE', ( #3051, #2198 ), #8, .F. ) ;
#1707 = CARTESIAN_POINT ( 'NONE',  ( -33.58555426230893914, 14.59402995140084158, -5.899999999999991473 ) ) ;
#1708 = CARTESIAN_POINT ( 'NONE',  ( -30.38888945303884626, 14.59999999999998543, -4.113329863811164167 ) ) ;
#1709 = EDGE_CURVE ( 'NONE', #422, #748, #3682, .T. ) ;
#1710 = ADVANCED_FACE ( 'NONE', ( #2159 ), #1526, .T. ) ;
#1711 = VERTEX_POINT ( 'NONE', #1227 ) ;
#1712 = CARTESIAN_POINT ( 'NONE',  ( -32.45000000000000995, 0.000000000000000000, -16.00000000000000000 ) ) ;
#1713 = FACE_OUTER_BOUND ( 'NONE', #2740, .T. ) ;
#1714 = EDGE_LOOP ( 'NONE', ( #795, #783, #798, #3087 ) ) ;
#1715 = CARTESIAN_POINT ( 'NONE',  ( 3.814774779344004756E-15, -5.200000000000000178, -31.15000000000000213 ) ) ;
#1716 = VERTEX_POINT ( 'NONE', #3656 ) ;
#1717 = DIRECTION ( 'NONE',  ( -0.000000000000000000, -1.000000000000000000, -0.000000000000000000 ) ) ;
#1718 = CARTESIAN_POINT ( 'NONE',  ( -39.90000000000001279, 0.000000000000000000, -36.09999999999996589 ) ) ;
#1719 = EDGE_LOOP ( 'NONE', ( #2678, #3876, #3323, #1840 ) ) ;
#1720 = ORIENTED_EDGE ( 'NONE', *, *, #3191, .T. ) ;
#1721 = ORIENTED_EDGE ( 'NONE', *, *, #3844, .T. ) ;
#1722 = CARTESIAN_POINT ( 'NONE',  ( 31.14999999999999503, -1.800000000000000044, 31.14999999999999503 ) ) ;
#1723 = LINE ( 'NONE', #2699, #1154 ) ;
#1724 = CYLINDRICAL_SURFACE ( 'NONE', #2655, 4.100000000000000533 ) ;
#1725 = CARTESIAN_POINT ( 'NONE',  ( -36.19168767747530779, 13.63967273314145423, -6.824063726349482550 ) ) ;
#1726 = CYLINDRICAL_SURFACE ( 'NONE', #1988, 1.549999999999995826 ) ;
#1727 = VERTEX_POINT ( 'NONE', #1592 ) ;
#1728 = DIRECTION ( 'NONE',  ( 0.000000000000000000, -1.000000000000000000, 0.000000000000000000 ) ) ;
#1729 = EDGE_CURVE ( 'NONE', #3177, #3059, #1881, .T. ) ;
#1730 = CARTESIAN_POINT ( 'NONE',  ( -36.09999999999998721, 1.699999999999999956, 39.90000000000000568 ) ) ;
#1731 = AXIS2_PLACEMENT_3D ( 'NONE', #2681, #3576, #1159 ) ;
#1732 = FACE_BOUND ( 'NONE', #1516, .T. ) ;
#1733 = ORIENTED_EDGE ( 'NONE', *, *, #1334, .F. ) ;
#1734 = ORIENTED_EDGE ( 'NONE', *, *, #489, .F. ) ;
#1735 = DIRECTION ( 'NONE',  ( 0.000000000000000000, -1.000000000000000000, 0.000000000000000000 ) ) ;
#1736 = VECTOR ( 'NONE', #2940, 1000.000000000000000 ) ;
#1737 = CARTESIAN_POINT ( 'NONE',  ( 31.14999999999996660, -1.800000000000000044, -35.15000000000000568 ) ) ;
#1738 = AXIS2_PLACEMENT_3D ( 'NONE', #192, #454, #1695 ) ;
#1739 = VERTEX_POINT ( 'NONE', #2459 ) ;
#1740 = ORIENTED_EDGE ( 'NONE', *, *, #3002, .T. ) ;
#1741 = VECTOR ( 'NONE', #471, 1000.000000000000000 ) ;
#1742 = ORIENTED_EDGE ( 'NONE', *, *, #1810, .T. ) ;
#1743 = DIRECTION ( 'NONE',  ( 0.000000000000000000, 0.000000000000000000, 1.000000000000000000 ) ) ;
#1744 = LINE ( 'NONE', #864, #652 ) ;
#1745 = CIRCLE ( 'NONE', #1037, 0.9999999999999991118 ) ;
#1746 = DIRECTION ( 'NONE',  ( -0.000000000000000000, -1.000000000000000000, 0.000000000000000000 ) ) ;
#1747 = VECTOR ( 'NONE', #112, 1000.000000000000000 ) ;
#1748 = AXIS2_PLACEMENT_3D ( 'NONE', #194, #3829, #1507 ) ;
#1749 = AXIS2_PLACEMENT_3D ( 'NONE', #3301, #3030, #1149 ) ;
#1750 = CARTESIAN_POINT ( 'NONE',  ( -33.58555426230893914, -5.201000000000000512, -11.24999999999998934 ) ) ;
#1751 = DIRECTION ( 'NONE',  ( -0.000000000000000000, 1.000000000000000000, -0.000000000000000000 ) ) ;
#1752 = VECTOR ( 'NONE', #2229, 1000.000000000000000 ) ;
#1753 = ORIENTED_EDGE ( 'NONE', *, *, #1047, .F. ) ;
#1754 = CARTESIAN_POINT ( 'NONE',  ( 32.44999999999999574, -1.799999999999999600, 8.500000000000000000 ) ) ;
#1755 = DIRECTION ( 'NONE',  ( 1.000000000000000000, 0.000000000000000000, 0.000000000000000000 ) ) ;
#1756 = LINE ( 'NONE', #1432, #3278 ) ;
#1757 = ORIENTED_EDGE ( 'NONE', *, *, #3840, .T. ) ;
#1758 = EDGE_CURVE ( 'NONE', #2918, #3107, #3379, .T. ) ;
#1759 = AXIS2_PLACEMENT_3D ( 'NONE', #1889, #3694, #2807 ) ;
#1760 = CARTESIAN_POINT ( 'NONE',  ( -9.215994020926750352, 0.000000000000000000, -31.11379041849839311 ) ) ;
#1761 = VECTOR ( 'NONE', #25, 1000.000000000000000 ) ;
#1762 = ORIENTED_EDGE ( 'NONE', *, *, #541, .F. ) ;
#1763 = CARTESIAN_POINT ( 'NONE',  ( -33.16392398481897885, 14.60000000000001030, -14.08251967019546669 ) ) ;
#1764 = FACE_OUTER_BOUND ( 'NONE', #2999, .T. ) ;
#1765 = CARTESIAN_POINT ( 'NONE',  ( 0.000000000000000000, -1.799999999999999600, -16.00000000000000000 ) ) ;
#1766 = CIRCLE ( 'NONE', #2284, 4.100000000000000533 ) ;
#1767 = CARTESIAN_POINT ( 'NONE',  ( -37.62492325966680795, 11.78095023228018690, -9.284292744548261922 ) ) ;
#1768 = FACE_BOUND ( 'NONE', #460, .T. ) ;
#1769 = ORIENTED_EDGE ( 'NONE', *, *, #1513, .F. ) ;
#1770 = CARTESIAN_POINT ( 'NONE',  ( 31.14999999999999503, 0.000000000000000000, 31.14999999999999503 ) ) ;
#1771 = DIRECTION ( 'NONE',  ( -0.000000000000000000, -1.000000000000000000, -0.000000000000000000 ) ) ;
#1772 = ORIENTED_EDGE ( 'NONE', *, *, #1044, .T. ) ;
#1773 = DIRECTION ( 'NONE',  ( 0.000000000000000000, 0.000000000000000000, 1.000000000000000000 ) ) ;
#1774 = CARTESIAN_POINT ( 'NONE',  ( -29.97928151451194267, 13.15324162241767958, -11.95058885173084384 ) ) ;
#1775 = ORIENTED_EDGE ( 'NONE', *, *, #812, .T. ) ;
#1776 = CARTESIAN_POINT ( 'NONE',  ( -31.11379041849838600, 0.000000000000000000, 9.215994020926753905 ) ) ;
#1777 = EDGE_CURVE ( 'NONE', #3107, #3843, #3739, .T. ) ;
#1778 = CARTESIAN_POINT ( 'NONE',  ( -28.81103693806931787, 10.96010609463993468, -14.49999999999999289 ) ) ;
#1779 = EDGE_CURVE ( 'NONE', #411, #3434, #1852, .T. ) ;
#1780 = ADVANCED_FACE ( 'NONE', ( #2137, #1549 ), #92, .F. ) ;
#1781 = DIRECTION ( 'NONE',  ( -0.000000000000000000, 1.000000000000000000, -0.000000000000000000 ) ) ;
#1782 = CARTESIAN_POINT ( 'NONE',  ( -30.69999999999998863, 11.79960331832042364, -2.199999999999989075 ) ) ;
#1783 = FACE_BOUND ( 'NONE', #1504, .T. ) ;
#1784 = VERTEX_POINT ( 'NONE', #2798 ) ;
#1785 = ORIENTED_EDGE ( 'NONE', *, *, #2210, .T. ) ;
#1786 = CARTESIAN_POINT ( 'NONE',  ( -33.58555426230893914, -5.201000000000000512, -9.999999999999991118 ) ) ;
#1787 = DIRECTION ( 'NONE',  ( 0.000000000000000000, 0.000000000000000000, -1.000000000000000000 ) ) ;
#1788 = VERTEX_POINT ( 'NONE', #3701 ) ;
#1789 = CARTESIAN_POINT ( 'NONE',  ( 33.44999999999999574, -1.800000000000000044, -31.14999999999999147 ) ) ;
#1790 = CARTESIAN_POINT ( 'NONE',  ( -31.14999999999998082, -1.800000000000000044, 35.14999999999999147 ) ) ;
#1791 = EDGE_LOOP ( 'NONE', ( #1029, #2288, #3265, #221 ) ) ;
#1792 = EDGE_LOOP ( 'NONE', ( #2384, #2574, #502, #3181, #2306, #2289, #495, #2532, #3205, #2498 ) ) ;
#1793 = EDGE_CURVE ( 'NONE', #2950, #1884, #3399, .T. ) ;
#1794 = AXIS2_PLACEMENT_3D ( 'NONE', #603, #3041, #300 ) ;
#1795 = CARTESIAN_POINT ( 'NONE',  ( 24.84999999999998366, 0.000000000000000000, 24.60000000000000853 ) ) ;
#1796 = LINE ( 'NONE', #960, #904 ) ;
#1797 = ORIENTED_EDGE ( 'NONE', *, *, #1779, .T. ) ;
#1798 = CARTESIAN_POINT ( 'NONE',  ( -34.67426728736537456, 12.91880908297479635, -10.63607443937837083 ) ) ;
#1799 = AXIS2_PLACEMENT_3D ( 'NONE', #3871, #3847, #2982 ) ;
#1800 = AXIS2_PLACEMENT_3D ( 'NONE', #3806, #2598, #2937 ) ;
#1801 = DIRECTION ( 'NONE',  ( -0.000000000000000000, -1.000000000000000000, -0.000000000000000000 ) ) ;
#1802 = AXIS2_PLACEMENT_3D ( 'NONE', #1604, #986, #3130 ) ;
#1803 = DIRECTION ( 'NONE',  ( 0.000000000000000000, 0.000000000000000000, -1.000000000000000000 ) ) ;
#1804 =( BOUNDED_CURVE ( )  B_SPLINE_CURVE ( 3, ( #870, #2729, #247, #3618 ),
 .UNSPECIFIED., .F., .F. ) 
 B_SPLINE_CURVE_WITH_KNOTS ( ( 4, 4 ),
 ( 4.712388980384689674, 4.850806879354479406 ),
 .UNSPECIFIED. ) 
 CURVE ( )  GEOMETRIC_REPRESENTATION_ITEM ( )  RATIONAL_B_SPLINE_CURVE ( ( 1.000000000000000000, 0.9984040109724834355, 0.9984040109724834355, 1.000000000000000000 ) ) 
 REPRESENTATION_ITEM ( '' )  );
#1805 = ORIENTED_EDGE ( 'NONE', *, *, #2908, .F. ) ;
#1806 = CIRCLE ( 'NONE', #3796, 0.9999999999999991118 ) ;
#1807 = VERTEX_POINT ( 'NONE', #2220 ) ;
#1808 = CIRCLE ( 'NONE', #2134, 31.15000000000000213 ) ;
#1809 = CARTESIAN_POINT ( 'NONE',  ( 9.500000000000005329, 0.000000000000000000, -33.45000000000000995 ) ) ;
#1810 = EDGE_CURVE ( 'NONE', #238, #997, #276, .T. ) ;
#1811 = CARTESIAN_POINT ( 'NONE',  ( -34.00000000000001421, 1.699999999999999956, -4.299999999999990941 ) ) ;
#1812 = FACE_OUTER_BOUND ( 'NONE', #3849, .T. ) ;
#1813 = AXIS2_PLACEMENT_3D ( 'NONE', #3136, #449, #432 ) ;
#1814 = CARTESIAN_POINT ( 'NONE',  ( 0.000000000000000000, -0.000000000000000000, 8.500000000000000000 ) ) ;
#1815 = ORIENTED_EDGE ( 'NONE', *, *, #2046, .F. ) ;
#1816 = DIRECTION ( 'NONE',  ( 0.000000000000000000, 0.000000000000000000, 1.000000000000000000 ) ) ;
#1817 = FACE_OUTER_BOUND ( 'NONE', #684, .T. ) ;
#1818 = VERTEX_POINT ( 'NONE', #3097 ) ;
#1819 = ORIENTED_EDGE ( 'NONE', *, *, #2793, .T. ) ;
#1820 = FACE_OUTER_BOUND ( 'NONE', #1701, .T. ) ;
#1821 = CARTESIAN_POINT ( 'NONE',  ( 31.14999999999999503, -1.800000000000000044, -31.15000000000000924 ) ) ;
#1822 = DIRECTION ( 'NONE',  ( 0.000000000000000000, 0.000000000000000000, 1.000000000000000000 ) ) ;
#1823 = AXIS2_PLACEMENT_3D ( 'NONE', #1963, #136, #3454 ) ;
#1824 = CARTESIAN_POINT ( 'NONE',  ( -34.22475542996689768, 14.52272320839092856, -2.199999999999990408 ) ) ;
#1825 = CARTESIAN_POINT ( 'NONE',  ( -33.35000000000000853, 9.950000000000001066, -14.49999999999999289 ) ) ;
#1826 = ADVANCED_FACE ( 'NONE', ( #1897 ), #1271, .T. ) ;
#1827 = CIRCLE ( 'NONE', #3042, 0.8000000000000020428 ) ;
#1828 = VERTEX_POINT ( 'NONE', #1287 ) ;
#1829 = DIRECTION ( 'NONE',  ( -0.000000000000000000, 1.000000000000000000, -0.000000000000000000 ) ) ;
#1830 = DIRECTION ( 'NONE',  ( -0.000000000000000000, -1.000000000000000000, -0.000000000000000000 ) ) ;
#1831 = DIRECTION ( 'NONE',  ( -0.000000000000000000, -0.000000000000000000, -1.000000000000000000 ) ) ;
#1832 = DIRECTION ( 'NONE',  ( 1.000000000000000000, 0.000000000000000000, 0.000000000000000000 ) ) ;
#1833 = EDGE_CURVE ( 'NONE', #1015, #1981, #3717, .T. ) ;
#1834 = EDGE_CURVE ( 'NONE', #2837, #551, #2646, .T. ) ;
#1835 = ORIENTED_EDGE ( 'NONE', *, *, #2374, .F. ) ;
#1836 = CARTESIAN_POINT ( 'NONE',  ( -31.14999999999998082, -1.800000000000000044, -35.15000000000000568 ) ) ;
#1837 = PERSON_AND_ORGANIZATION_ROLE ( 'design_supplier' ) ;
#1838 = DIRECTION ( 'NONE',  ( -0.000000000000000000, 1.000000000000000000, -0.000000000000000000 ) ) ;
#1839 = ORIENTED_EDGE ( 'NONE', *, *, #662, .F. ) ;
#1840 = ORIENTED_EDGE ( 'NONE', *, *, #3642, .T. ) ;
#1841 = VERTEX_POINT ( 'NONE', #3422 ) ;
#1842 = DIRECTION ( 'NONE',  ( 0.000000000000000000, 0.000000000000000000, 1.000000000000000000 ) ) ;
#1843 = DIRECTION ( 'NONE',  ( 1.000000000000000000, 0.000000000000000000, -0.000000000000000000 ) ) ;
#1844 = ORIENTED_EDGE ( 'NONE', *, *, #1534, .T. ) ;
#1845 = FACE_OUTER_BOUND ( 'NONE', #2161, .T. ) ;
#1846 = CARTESIAN_POINT ( 'NONE',  ( -32.24282910013746317, 14.18452975902921587, -2.199999999999991296 ) ) ;
#1847 = DIRECTION ( 'NONE',  ( -0.000000000000000000, 1.000000000000000000, -0.000000000000000000 ) ) ;
#1848 = VERTEX_POINT ( 'NONE', #3119 ) ;
#1849 = CARTESIAN_POINT ( 'NONE',  ( -31.14999999999998082, -1.800000000000000044, -33.45000000000000995 ) ) ;
#1850 = CARTESIAN_POINT ( 'NONE',  ( -31.14999999999998082, -1.800000000000000044, -33.45000000000000995 ) ) ;
#1851 = ADVANCED_FACE ( 'NONE', ( #371 ), #3742, .T. ) ;
#1852 = LINE ( 'NONE', #695, #1624 ) ;
#1853 = DIRECTION ( 'NONE',  ( -0.000000000000000000, 1.000000000000000000, -0.000000000000000000 ) ) ;
#1854 = EDGE_LOOP ( 'NONE', ( #655, #521, #2796, #515 ) ) ;
#1855 = VERTEX_POINT ( 'NONE', #3517 ) ;
#1856 = PERSON_AND_ORGANIZATION ( #1039, #3751 ) ;
#1857 = EDGE_CURVE ( 'NONE', #2188, #2918, #88, .T. ) ;
#1858 = APPROVAL ( #3723, 'ๆช' ) ;
#1859 = CARTESIAN_POINT ( 'NONE',  ( -32.70841011707393164, 14.55552520589421128, -5.994925949688318489 ) ) ;
#1860 = ORIENTED_EDGE ( 'NONE', *, *, #1244, .F. ) ;
#1861 = ORIENTED_EDGE ( 'NONE', *, *, #3907, .F. ) ;
#1862 = CARTESIAN_POINT ( 'NONE',  ( -28.70000000000000995, 1.699999999999999956, -14.49999999999999289 ) ) ;
#1863 = AXIS2_PLACEMENT_3D ( 'NONE', #3581, #2992, #2705 ) ;
#1864 = CARTESIAN_POINT ( 'NONE',  ( 9.499999999999992895, -5.200000000000000178, 32.07261292754301962 ) ) ;
#1865 = DIRECTION ( 'NONE',  ( 0.000000000000000000, 0.000000000000000000, -1.000000000000000000 ) ) ;
#1866 = VECTOR ( 'NONE', #3062, 1000.000000000000000 ) ;
#1867 = CARTESIAN_POINT ( 'NONE',  ( -33.45000000000000995, -1.800000000000000044, -17.00000000000000000 ) ) ;
#1868 = PLANE ( 'NONE',  #2186 ) ;
#1869 = AXIS2_PLACEMENT_3D ( 'NONE', #2142, #40, #619 ) ;
#1870 = ORIENTED_EDGE ( 'NONE', *, *, #3648, .F. ) ;
#1871 = FACE_OUTER_BOUND ( 'NONE', #3609, .T. ) ;
#1872 = VECTOR ( 'NONE', #2537, 1000.000000000000000 ) ;
#1873 = CARTESIAN_POINT ( 'NONE',  ( -36.04999999999984794, -0.2999999999999999334, -34.50000000000000000 ) ) ;
#1874 = DIRECTION ( 'NONE',  ( -1.000000000000000000, 0.000000000000000000, 0.000000000000000000 ) ) ;
#1875 = DIRECTION ( 'NONE',  ( 0.000000000000000000, 0.000000000000000000, 1.000000000000000000 ) ) ;
#1876 = AXIS2_PLACEMENT_3D ( 'NONE', #3432, #3729, #3809 ) ;
#1877 = VECTOR ( 'NONE', #5, 1000.000000000000000 ) ;
#1878 = VERTEX_POINT ( 'NONE', #3192 ) ;
#1879 = CARTESIAN_POINT ( 'NONE',  ( -31.11379041849839311, -5.200000000000000178, 9.215994020926755681 ) ) ;
#1880 = APPROVAL_STATUS ( 'not_yet_approved' ) ;
#1881 = CIRCLE ( 'NONE', #3487, 31.15000000000000213 ) ;
#1882 = CARTESIAN_POINT ( 'NONE',  ( 32.07261292754301962, 0.000000000000000000, -9.499999999999996447 ) ) ;
#1883 = VECTOR ( 'NONE', #2651, 1000.000000000000000 ) ;
#1884 = VERTEX_POINT ( 'NONE', #3837 ) ;
#1885 = EDGE_LOOP ( 'NONE', ( #2405, #1329, #3764, #3072 ) ) ;
#1886 = DIRECTION ( 'NONE',  ( -0.000000000000000000, 1.000000000000000000, -0.000000000000000000 ) ) ;
#1887 = CARTESIAN_POINT ( 'NONE',  ( -36.10000000000001563, -0.3000000000000001554, 36.10000000000000853 ) ) ;
#1888 = ORIENTED_EDGE ( 'NONE', *, *, #2496, .F. ) ;
#1889 = CARTESIAN_POINT ( 'NONE',  ( -34.00000000000001421, -5.200000000000000178, -4.999999999999992006 ) ) ;
#1890 = VERTEX_POINT ( 'NONE', #1666 ) ;
#1891 = CARTESIAN_POINT ( 'NONE',  ( -32.45000000000000995, -1.800000000000000044, 8.500000000000000000 ) ) ;
#1892 = CIRCLE ( 'NONE', #3881, 1.000000000000000888 ) ;
#1893 = DIRECTION ( 'NONE',  ( -2.820688578824076945E-16, 0.000000000000000000, -1.000000000000000000 ) ) ;
#1894 = ADVANCED_FACE ( 'NONE', ( #2930 ), #3462, .T. ) ;
#1895 = ORIENTED_EDGE ( 'NONE', *, *, #3637, .T. ) ;
#1896 = DIRECTION ( 'NONE',  ( 0.000000000000000000, -1.000000000000000000, 0.000000000000000000 ) ) ;
#1897 = FACE_OUTER_BOUND ( 'NONE', #37, .T. ) ;
#1898 = FACE_BOUND ( 'NONE', #2663, .T. ) ;
#1899 = EDGE_LOOP ( 'NONE', ( #404, #785, #3197, #2540 ) ) ;
#1900 = EDGE_CURVE ( 'NONE', #3048, #2968, #1631, .T. ) ;
#1901 = DIRECTION ( 'NONE',  ( -0.000000000000000000, -1.000000000000000000, 0.000000000000000000 ) ) ;
#1902 = CALENDAR_DATE ( 2026, 14, 9 ) ;
#1903 = DIRECTION ( 'NONE',  ( -1.398970545142585555E-16, 0.000000000000000000, -1.000000000000000000 ) ) ;
#1904 = VERTEX_POINT ( 'NONE', #793 ) ;
#1905 = DIRECTION ( 'NONE',  ( 5.329070518200750605E-15, 0.000000000000000000, 1.000000000000000000 ) ) ;
#1906 = EDGE_CURVE ( 'NONE', #519, #3215, #147, .T. ) ;
#1907 = CARTESIAN_POINT ( 'NONE',  ( 31.14999999999999503, 0.000000000000000000, 31.14999999999999503 ) ) ;
#1908 = VERTEX_POINT ( 'NONE', #2012 ) ;
#1909 = DIRECTION ( 'NONE',  ( -0.000000000000000000, 1.000000000000000000, -0.000000000000000000 ) ) ;
#1910 = DIRECTION ( 'NONE',  ( 0.000000000000000000, 1.000000000000000000, 0.000000000000000000 ) ) ;
#1911 = ADVANCED_FACE ( 'NONE', ( #1968 ), #1362, .F. ) ;
#1912 = EDGE_CURVE ( 'NONE', #3177, #2004, #472, .T. ) ;
#1913 = FACE_BOUND ( 'NONE', #611, .T. ) ;
#1914 = ORIENTED_EDGE ( 'NONE', *, *, #2978, .T. ) ;
#1915 = CARTESIAN_POINT ( 'NONE',  ( -8.499999999999998224, -0.000000000000000000, -1.097124870909353569E-15 ) ) ;
#1916 = DIRECTION ( 'NONE',  ( -0.000000000000000000, -0.000000000000000000, -1.000000000000000000 ) ) ;
#1917 = DIRECTION ( 'NONE',  ( 0.000000000000000000, -0.000000000000000000, -1.000000000000000000 ) ) ;
#1918 = ORIENTED_EDGE ( 'NONE', *, *, #3750, .T. ) ;
#1919 = CARTESIAN_POINT ( 'NONE',  ( -29.05377283102486530, 12.03199527391323542, -12.32429708918840916 ) ) ;
#1920 = DIRECTION ( 'NONE',  ( 0.000000000000000000, -1.000000000000000000, 0.000000000000000000 ) ) ;
#1921 = VERTEX_POINT ( 'NONE', #3155 ) ;
#1922 = CARTESIAN_POINT ( 'NONE',  ( -8.500000000000001776, -0.000000000000000000, 32.44999999999999574 ) ) ;
#1923 = DIRECTION ( 'NONE',  ( 0.000000000000000000, 0.000000000000000000, -1.000000000000000000 ) ) ;
#1924 = ORIENTED_EDGE ( 'NONE', *, *, #2903, .T. ) ;
#1925 = ADVANCED_FACE ( 'NONE', ( #1987 ), #3778, .F. ) ;
#1926 = VECTOR ( 'NONE', #3173, 1000.000000000000000 ) ;
#1927 = DIRECTION ( 'NONE',  ( 0.000000000000000000, -0.000000000000000000, 1.000000000000000000 ) ) ;
#1928 = DIRECTION ( 'NONE',  ( -0.000000000000000000, 1.000000000000000000, -0.000000000000000000 ) ) ;
#1929 = EDGE_CURVE ( 'NONE', #3449, #483, #1358, .T. ) ;
#1930 = ORIENTED_EDGE ( 'NONE', *, *, #1709, .T. ) ;
#1931 = CARTESIAN_POINT ( 'NONE',  ( 9.499999999999991118, 0.000000000000000000, 32.44999999999999574 ) ) ;
#1932 = AXIS2_PLACEMENT_3D ( 'NONE', #275, #2100, #956 ) ;
#1933 = CARTESIAN_POINT ( 'NONE',  ( 0.000000000000000000, 0.000000000000000000, -8.500000000000000000 ) ) ;
#1934 = EDGE_CURVE ( 'NONE', #297, #501, #1082, .T. ) ;
#1935 = VECTOR ( 'NONE', #1135, 1000.000000000000000 ) ;
#1936 = ORIENTED_EDGE ( 'NONE', *, *, #2207, .T. ) ;
#1937 = CARTESIAN_POINT ( 'NONE',  ( 36.04999999999984084, -0.2999999999999999334, 37.60000000000000853 ) ) ;
#1938 = AXIS2_PLACEMENT_3D ( 'NONE', #2591, #3762, #3835 ) ;
#1939 = PLANE ( 'NONE',  #1099 ) ;
#1940 = AXIS2_PLACEMENT_3D ( 'NONE', #2934, #1065, #2296 ) ;
#1941 = ORIENTED_EDGE ( 'NONE', *, *, #3081, .T. ) ;
#1942 = DIRECTION ( 'NONE',  ( -0.000000000000000000, 1.000000000000000000, -0.000000000000000000 ) ) ;
#1943 = DIRECTION ( 'NONE',  ( 0.000000000000000000, 1.000000000000000000, 0.000000000000000000 ) ) ;
#1944 = ORIENTED_EDGE ( 'NONE', *, *, #3052, .F. ) ;
#1945 = AXIS2_PLACEMENT_3D ( 'NONE', #2538, #3763, #110 ) ;
#1946 = CARTESIAN_POINT ( 'NONE',  ( -31.15000000000000924, 0.000000000000000000, 31.14999999999999503 ) ) ;
#1947 = DIRECTION ( 'NONE',  ( -0.000000000000000000, 1.000000000000000000, 0.000000000000000000 ) ) ;
#1948 = VECTOR ( 'NONE', #93, 1000.000000000000000 ) ;
#1949 = DIRECTION ( 'NONE',  ( 1.000000000000000000, 0.000000000000000000, 0.000000000000000000 ) ) ;
#1950 = CARTESIAN_POINT ( 'NONE',  ( -33.72331852731412738, 14.60000000000000320, -3.780133886696178891 ) ) ;
#1951 = EDGE_CURVE ( 'NONE', #1208, #3720, #1045, .T. ) ;
#1952 = VECTOR ( 'NONE', #1497, 1000.000000000000000 ) ;
#1953 = ORIENTED_EDGE ( 'NONE', *, *, #1438, .T. ) ;
#1954 = CARTESIAN_POINT ( 'NONE',  ( -34.00000000000001421, 1.699999999999999956, -5.699999999999993072 ) ) ;
#1955 = EDGE_CURVE ( 'NONE', #3604, #1015, #27, .T. ) ;
#1956 = ADVANCED_FACE ( 'NONE', ( #166 ), #274, .T. ) ;
#1957 = DIRECTION ( 'NONE',  ( 0.000000000000000000, 0.000000000000000000, 1.000000000000000000 ) ) ;
#1958 = VECTOR ( 'NONE', #834, 1000.000000000000000 ) ;
#1959 = EDGE_LOOP ( 'NONE', ( #2564, #3868, #277, #1155 ) ) ;
#1960 = LINE ( 'NONE', #2244, #408 ) ;
#1961 = DIRECTION ( 'NONE',  ( 0.000000000000000000, 0.000000000000000000, 1.000000000000000000 ) ) ;
#1962 = EDGE_LOOP ( 'NONE', ( #1465, #3235, #742, #3493, #1385, #2820 ) ) ;
#1963 = CARTESIAN_POINT ( 'NONE',  ( -36.10000000000001563, 1.699999999999999956, 36.10000000000000853 ) ) ;
#1964 = ORIENTED_EDGE ( 'NONE', *, *, #3025, .F. ) ;
#1965 = CARTESIAN_POINT ( 'NONE',  ( -33.35000000000000853, 9.950000000000001066, 39.90000000000000568 ) ) ;
#1966 = CYLINDRICAL_SURFACE ( 'NONE', #1402, 1.550000000000002709 ) ;
#1967 = DIRECTION ( 'NONE',  ( -0.000000000000000000, -1.000000000000000000, 0.000000000000000000 ) ) ;
#1968 = FACE_OUTER_BOUND ( 'NONE', #3203, .T. ) ;
#1969 = VERTEX_POINT ( 'NONE', #124 ) ;
#1970 = CARTESIAN_POINT ( 'NONE',  ( -30.20460757283898445, 14.28408094523063276, -5.246663427042505212 ) ) ;
#1971 = EDGE_CURVE ( 'NONE', #3617, #3892, #2269, .T. ) ;
#1972 = DIRECTION ( 'NONE',  ( 0.000000000000000000, 0.000000000000000000, -1.000000000000000000 ) ) ;
#1973 = ORIENTED_EDGE ( 'NONE', *, *, #2181, .F. ) ;
#1974 = PLANE ( 'NONE',  #2572 ) ;
#1975 = ORIENTED_EDGE ( 'NONE', *, *, #167, .T. ) ;
#1976 = ADVANCED_FACE ( 'NONE', ( #1768, #813 ), #2338, .F. ) ;
#1977 = DIRECTION ( 'NONE',  ( -0.000000000000000000, -1.000000000000000000, -0.000000000000000000 ) ) ;
#1978 = DIRECTION ( 'NONE',  ( -0.000000000000000000, 1.000000000000000000, -0.000000000000000000 ) ) ;
#1979 = APPLICATION_CONTEXT ( 'configuration controlled 3d designs of mechanical parts and assemblies' ) ;
#1980 = ORIENTED_EDGE ( 'NONE', *, *, #3515, .F. ) ;
#1981 = VERTEX_POINT ( 'NONE', #3272 ) ;
#1982 = EDGE_CURVE ( 'NONE', #1904, #3434, #1560, .T. ) ;
#1983 = CARTESIAN_POINT ( 'NONE',  ( -33.58555426230893914, 16.50000000000000000, -5.899999999999991473 ) ) ;
#1984 = DIRECTION ( 'NONE',  ( -2.820688578824076945E-16, 0.000000000000000000, -1.000000000000000000 ) ) ;
#1985 = CARTESIAN_POINT ( 'NONE',  ( 24.84999999999998366, 1.699999999999999956, 27.85000000000000497 ) ) ;
#1986 = CARTESIAN_POINT ( 'NONE',  ( 0.000000000000000000, -26.84966131682163137, 8.500000000000000000 ) ) ;
#1987 = FACE_OUTER_BOUND ( 'NONE', #1469, .T. ) ;
#1988 = AXIS2_PLACEMENT_3D ( 'NONE', #1147, #2373, #3595 ) ;
#1989 = ORIENTED_EDGE ( 'NONE', *, *, #1589, .T. ) ;
#1990 = CARTESIAN_POINT ( 'NONE',  ( -9.500000000000001776, -1.800000000000000044, 33.44999999999999574 ) ) ;
#1991 = CIRCLE ( 'NONE', #3274, 3.249999999999999556 ) ;
#1992 = DIRECTION ( 'NONE',  ( 0.000000000000000000, 1.000000000000000000, -0.000000000000000000 ) ) ;
#1993 = CIRCLE ( 'NONE', #1869, 1.000000000000000888 ) ;
#1994 = CARTESIAN_POINT ( 'NONE',  ( -33.58555426230893914, 14.59402995140084158, -5.899999999999991473 ) ) ;
#1995 = ORIENTED_EDGE ( 'NONE', *, *, #2491, .F. ) ;
#1996 = AXIS2_PLACEMENT_3D ( 'NONE', #6, #2458, #932 ) ;
#1997 = CYLINDRICAL_SURFACE ( 'NONE', #2703, 1.000000000000000888 ) ;
#1998 = CARTESIAN_POINT ( 'NONE',  ( -28.81103693806931787, 10.96010609463993468, -14.49999999999999289 ) ) ;
#1999 = B_SPLINE_CURVE_WITH_KNOTS ( 'NONE', 3,
 ( #3834, #163, #3210, #1685, #789, #3630, #3024, #2408, #1143, #3559, #2624, #2354, #3879, #1798, #3854, #882, #809, #281, #2029, #505 ),
 .UNSPECIFIED., .F., .F.,
 ( 4, 2, 2, 2, 2, 2, 2, 2, 2, 4 ),
 ( 0.000000000000000000, 0.0004972500362094174880, 0.0009945000724188349760, 0.001491750108628252464, 0.001989000144837669952, 0.002237625162942381406, 0.002486250181047092861, 0.002983500217256522709, 0.003480750253465952557, 0.003978000289675382405 ),
 .UNSPECIFIED. ) ;
#2000 = EDGE_LOOP ( 'NONE', ( #1325, #2762 ) ) ;
#2001 = CIRCLE ( 'NONE', #1621, 3.250000000000002665 ) ;
#2002 = AXIS2_PLACEMENT_3D ( 'NONE', #1618, #356, #1275 ) ;
#2003 = ORIENTED_EDGE ( 'NONE', *, *, #878, .F. ) ;
#2004 = VERTEX_POINT ( 'NONE', #529 ) ;
#2005 = CARTESIAN_POINT ( 'NONE',  ( 36.05000000000000426, -0.2999999999999999334, -34.49999999999984368 ) ) ;
#2006 = VECTOR ( 'NONE', #653, 1000.000000000000000 ) ;
#2007 = LINE ( 'NONE', #2987, #2316 ) ;
#2008 = ADVANCED_FACE ( 'NONE', ( #245 ), #2410, .T. ) ;
#2009 = EDGE_CURVE ( 'NONE', #1674, #437, #2948, .T. ) ;
#2010 = CARTESIAN_POINT ( 'NONE',  ( 31.14999999999997726, -1.800000000000000044, 33.44999999999999574 ) ) ;
#2011 = CARTESIAN_POINT ( 'NONE',  ( -36.18452828511433950, 13.64520545210796953, -13.18182716232064955 ) ) ;
#2012 = CARTESIAN_POINT ( 'NONE',  ( -36.05000000000001137, -0.2999999999999999334, 37.59999999999984510 ) ) ;
#2013 = ORIENTED_EDGE ( 'NONE', *, *, #3404, .T. ) ;
#2014 = LINE ( 'NONE', #3258, #2068 ) ;
#2016 = DIRECTION ( 'NONE',  ( 0.000000000000000000, 0.000000000000000000, 1.000000000000000000 ) ) ;
#2015 = LOCAL_TIME ( 22, 22, 40.00000000000000000, #3076 ) ;
#2017 = ORIENTED_EDGE ( 'NONE', *, *, #3451, .T. ) ;
#2018 = FACE_OUTER_BOUND ( 'NONE', #2381, .T. ) ;
#2019 = EDGE_LOOP ( 'NONE', ( #2859, #3243, #760, #2165 ) ) ;
#2020 = EDGE_LOOP ( 'NONE', ( #2718, #3685, #3490, #2876 ) ) ;
#2021 = DIRECTION ( 'NONE',  ( -1.000000000000000000, 0.000000000000000000, 0.000000000000000000 ) ) ;
#2022 = CARTESIAN_POINT ( 'NONE',  ( -34.00000000000001421, 5.200000000000000178, -13.19999999999999218 ) ) ;
#2023 = AXIS2_PLACEMENT_3D ( 'NONE', #2113, #2138, #3336 ) ;
#2024 = VERTEX_POINT ( 'NONE', #2048 ) ;
#2025 = ORIENTED_EDGE ( 'NONE', *, *, #1688, .T. ) ;
#2026 = EDGE_CURVE ( 'NONE', #433, #400, #2394, .T. ) ;
#2027 = CARTESIAN_POINT ( 'NONE',  ( -33.35000000000000853, 9.950000000000001066, -14.49999999999999289 ) ) ;
#2028 = DIRECTION ( 'NONE',  ( -0.000000000000000000, 1.000000000000000000, -0.000000000000000000 ) ) ;
#2029 = CARTESIAN_POINT ( 'NONE',  ( -33.75079584183887960, 13.17944448238575283, -11.24999999999998934 ) ) ;
#2030 = ADVANCED_FACE ( 'NONE', ( #1398, #1783, #3562 ), #2358, .T. ) ;
#2031 = DIRECTION ( 'NONE',  ( -0.000000000000000000, 1.000000000000000000, -0.000000000000000000 ) ) ;
#2032 = DIRECTION ( 'NONE',  ( 0.000000000000000000, 1.000000000000000000, -0.000000000000000000 ) ) ;
#2033 = ORIENTED_EDGE ( 'NONE', *, *, #1630, .T. ) ;
#2034 = FACE_OUTER_BOUND ( 'NONE', #703, .T. ) ;
#2035 = CARTESIAN_POINT ( 'NONE',  ( -31.14999999999998082, -1.800000000000000044, 33.44999999999999574 ) ) ;
#2036 = DIRECTION ( 'NONE',  ( 0.000000000000000000, 0.000000000000000000, 1.000000000000000000 ) ) ;
#2037 = ORIENTED_EDGE ( 'NONE', *, *, #2524, .T. ) ;
#2038 = DIRECTION ( 'NONE',  ( 0.000000000000000000, 0.000000000000000000, -1.000000000000000000 ) ) ;
#2039 = CARTESIAN_POINT ( 'NONE',  ( 8.499999999999996447, -26.84966131682163137, 32.07261292754301962 ) ) ;
#2040 = ORIENTED_EDGE ( 'NONE', *, *, #1328, .T. ) ;
#2041 = ORIENTED_EDGE ( 'NONE', *, *, #388, .T. ) ;
#2042 = ORIENTED_EDGE ( 'NONE', *, *, #3845, .F. ) ;
#2043 = CYLINDRICAL_SURFACE ( 'NONE', #3217, 1.000000000000000888 ) ;
#2044 = DIRECTION ( 'NONE',  ( -0.000000000000000000, -1.000000000000000000, -0.000000000000000000 ) ) ;
#2045 = FACE_OUTER_BOUND ( 'NONE', #3000, .T. ) ;
#2046 = EDGE_CURVE ( 'NONE', #2942, #3463, #1183, .T. ) ;
#2047 = CARTESIAN_POINT ( 'NONE',  ( -33.88744713544669196, 14.57871735570863692, -14.09999999999998899 ) ) ;
#2048 = CARTESIAN_POINT ( 'NONE',  ( -34.00000000000001421, -1.500000000000000000, -4.199999999999990408 ) ) ;
#2049 = EDGE_CURVE ( 'NONE', #3463, #1069, #2946, .T. ) ;
#2050 = ORIENTED_EDGE ( 'NONE', *, *, #1513, .T. ) ;
#2051 = LINE ( 'NONE', #2415, #1877 ) ;
#2052 = AXIS2_PLACEMENT_3D ( 'NONE', #884, #1751, #3331 ) ;
#2053 = FACE_OUTER_BOUND ( 'NONE', #1885, .T. ) ;
#2054 = EDGE_CURVE ( 'NONE', #3530, #805, #2974, .T. ) ;
#2055 = CIRCLE ( 'NONE', #2508, 2.299999999999999822 ) ;
#2056 = DIRECTION ( 'NONE',  ( 0.000000000000000000, 0.000000000000000000, 1.000000000000000000 ) ) ;
#2057 = ORIENTED_EDGE ( 'NONE', *, *, #920, .F. ) ;
#2058 = AXIS2_PLACEMENT_3D ( 'NONE', #1295, #2281, #3781 ) ;
#2059 = LINE ( 'NONE', #3287, #330 ) ;
#2060 = AXIS2_PLACEMENT_3D ( 'NONE', #3220, #173, #2614 ) ;
#2061 = ORIENTED_EDGE ( 'NONE', *, *, #3409, .T. ) ;
#2062 = VECTOR ( 'NONE', #651, 1000.000000000000000 ) ;
#2063 = ORIENTED_EDGE ( 'NONE', *, *, #710, .F. ) ;
#2064 = DIRECTION ( 'NONE',  ( 0.000000000000000000, -1.000000000000000000, 0.000000000000000000 ) ) ;
#2065 = CARTESIAN_POINT ( 'NONE',  ( -8.500000000000001776, -26.84966131682163137, 32.44999999999999574 ) ) ;
#2066 = CIRCLE ( 'NONE', #1165, 4.000000000000000000 ) ;
#2067 = DIRECTION ( 'NONE',  ( -0.000000000000000000, 1.000000000000000000, -0.000000000000000000 ) ) ;
#2068 = VECTOR ( 'NONE', #3236, 1000.000000000000000 ) ;
#2069 = AXIS2_PLACEMENT_3D ( 'NONE', #267, #1188, #2021 ) ;
#2070 = CIRCLE ( 'NONE', #3673, 0.9999999999999991118 ) ;
#2071 = CARTESIAN_POINT ( 'NONE',  ( -35.15251911488660852, 14.23866108248273399, -6.208723773372716970 ) ) ;
#2072 = CARTESIAN_POINT ( 'NONE',  ( -36.04999999999984794, -0.2999999999999999334, -37.60000000000000853 ) ) ;
#2073 = VECTOR ( 'NONE', #2592, 1000.000000000000000 ) ;
#2074 = EDGE_LOOP ( 'NONE', ( #1561, #1492 ) ) ;
#2075 = CARTESIAN_POINT ( 'NONE',  ( -35.15000000000000568, 0.000000000000000000, 31.14999999999997016 ) ) ;
#2076 = EDGE_CURVE ( 'NONE', #2271, #724, #2626, .T. ) ;
#2077 = CARTESIAN_POINT ( 'NONE',  ( -38.00000000000001421, 9.950000000000001066, -2.199999999999990408 ) ) ;
#2078 = VERTEX_POINT ( 'NONE', #3858 ) ;
#2079 = ORIENTED_EDGE ( 'NONE', *, *, #2567, .T. ) ;
#2080 = EDGE_CURVE ( 'NONE', #246, #3318, #206, .T. ) ;
#2081 = ADVANCED_FACE ( 'NONE', ( #2671 ), #261, .F. ) ;
#2082 = VECTOR ( 'NONE', #944, 1000.000000000000000 ) ;
#2083 = CARTESIAN_POINT ( 'NONE',  ( 33.44999999999999574, -1.800000000000000044, 31.14999999999996660 ) ) ;
#2084 = LOCAL_TIME ( 22, 22, 40.00000000000000000, #1597 ) ;
#2085 = ORIENTED_EDGE ( 'NONE', *, *, #146, .T. ) ;
#2086 = VERTEX_POINT ( 'NONE', #2072 ) ;
#2087 = DIRECTION ( 'NONE',  ( -1.000000000000000000, 0.000000000000000000, -0.000000000000000000 ) ) ;
#2088 = LINE ( 'NONE', #2065, #838 ) ;
#2089 = CARTESIAN_POINT ( 'NONE',  ( 8.500000000000003553, 0.000000000000000000, -32.45000000000000995 ) ) ;
#2090 = CARTESIAN_POINT ( 'NONE',  ( -37.68606414099212287, 11.62959815595580082, -9.865131289040800056 ) ) ;
#2091 = CARTESIAN_POINT ( 'NONE',  ( 36.05000000000000426, -6.684062043356602700, -36.04999999999984794 ) ) ;
#2092 = VERTEX_POINT ( 'NONE', #3937 ) ;
#2093 = DIRECTION ( 'NONE',  ( 0.000000000000000000, 0.000000000000000000, -1.000000000000000000 ) ) ;
#2094 = ADVANCED_FACE ( 'NONE', ( #3901 ), #1726, .T. ) ;
#2095 = CARTESIAN_POINT ( 'NONE',  ( -31.14999999999998082, 0.000000000000000000, -35.15000000000000568 ) ) ;
#2096 = ORIENTED_EDGE ( 'NONE', *, *, #705, .F. ) ;
#2097 = EDGE_CURVE ( 'NONE', #2190, #363, #1468, .T. ) ;
#2098 = ORIENTED_EDGE ( 'NONE', *, *, #64, .T. ) ;
#2099 = DIRECTION ( 'NONE',  ( 0.000000000000000000, 0.000000000000000000, 1.000000000000000000 ) ) ;
#2100 = DIRECTION ( 'NONE',  ( 0.000000000000000000, 0.000000000000000000, -1.000000000000000000 ) ) ;
#2101 = ORIENTED_EDGE ( 'NONE', *, *, #2446, .F. ) ;
#2102 = ORIENTED_EDGE ( 'NONE', *, *, #831, .F. ) ;
#2103 = CARTESIAN_POINT ( 'NONE',  ( 31.14999999999999503, -1.800000000000000044, -31.15000000000000924 ) ) ;
#2104 = FACE_OUTER_BOUND ( 'NONE', #1658, .T. ) ;
#2105 = VERTEX_POINT ( 'NONE', #3616 ) ;
#2106 = CARTESIAN_POINT ( 'NONE',  ( 24.84999999999998366, 1.699999999999999956, 24.60000000000000853 ) ) ;
#2107 = EDGE_CURVE ( 'NONE', #1136, #1672, #2810, .T. ) ;
#2108 = CARTESIAN_POINT ( 'NONE',  ( -32.39947365614300878, 13.05806477748197203, -10.40300012262368412 ) ) ;
#2109 = CARTESIAN_POINT ( 'NONE',  ( -9.215994020926757457, -5.200000000000000178, 31.11379041849839666 ) ) ;
#2110 = ORIENTED_EDGE ( 'NONE', *, *, #827, .T. ) ;
#2111 = DIRECTION ( 'NONE',  ( 0.000000000000000000, 0.000000000000000000, 1.000000000000000000 ) ) ;
#2112 = CARTESIAN_POINT ( 'NONE',  ( 31.14999999999999503, -1.800000000000000044, 31.14999999999999503 ) ) ;
#2113 = CARTESIAN_POINT ( 'NONE',  ( -31.15000000000000924, -1.800000000000000044, 31.14999999999999503 ) ) ;
#2114 = ORIENTED_EDGE ( 'NONE', *, *, #3351, .T. ) ;
#2115 = CARTESIAN_POINT ( 'NONE',  ( 8.499999999999996447, 0.000000000000000000, 32.07261292754301962 ) ) ;
#2116 = PLANE ( 'NONE',  #3728 ) ;
#2117 = AXIS2_PLACEMENT_3D ( 'NONE', #2172, #322, #1266 ) ;
#2118 = ORIENTED_EDGE ( 'NONE', *, *, #314, .T. ) ;
#2119 = EDGE_LOOP ( 'NONE', ( #3121, #1617, #2879, #1580 ) ) ;
#2120 = AXIS2_PLACEMENT_3D ( 'NONE', #3084, #2445, #2722 ) ;
#2121 = DIRECTION ( 'NONE',  ( 0.000000000000000000, 1.000000000000000000, 0.000000000000000000 ) ) ;
#2122 = EDGE_CURVE ( 'NONE', #3344, #2183, #1522, .T. ) ;
#2123 = PLANE ( 'NONE',  #1794 ) ;
#2124 = EDGE_LOOP ( 'NONE', ( #3332, #3014, #636, #3563 ) ) ;
#2125 = DIRECTION ( 'NONE',  ( 0.000000000000000000, 0.000000000000000000, 1.000000000000000000 ) ) ;
#2126 = AXIS2_PLACEMENT_3D ( 'NONE', #803, #3307, #3608 ) ;
#2127 = VECTOR ( 'NONE', #776, 1000.000000000000000 ) ;
#2128 = CARTESIAN_POINT ( 'NONE',  ( -32.49386479449207599, 13.08588568695466314, -9.369746008294690398 ) ) ;
#2129 = EDGE_CURVE ( 'NONE', #220, #3407, #73, .T. ) ;
#2130 = EDGE_CURVE ( 'NONE', #1884, #1388, #2689, .T. ) ;
#2131 = CARTESIAN_POINT ( 'NONE',  ( -35.15000000000000568, -1.800000000000000044, -31.14999999999998082 ) ) ;
#2132 = CIRCLE ( 'NONE', #849, 3.799999999999998046 ) ;
#2133 = ORIENTED_EDGE ( 'NONE', *, *, #542, .F. ) ;
#2134 = AXIS2_PLACEMENT_3D ( 'NONE', #738, #2801, #2558 ) ;
#2135 = LINE ( 'NONE', #1485, #854 ) ;
#2136 = DIRECTION ( 'NONE',  ( 0.000000000000000000, -1.000000000000000000, 0.000000000000000000 ) ) ;
#2137 = FACE_BOUND ( 'NONE', #898, .T. ) ;
#2138 = DIRECTION ( 'NONE',  ( -0.000000000000000000, 1.000000000000000000, -0.000000000000000000 ) ) ;
#2139 = ORIENTED_EDGE ( 'NONE', *, *, #367, .F. ) ;
#2140 = DIRECTION ( 'NONE',  ( 0.000000000000000000, 0.000000000000000000, 1.000000000000000000 ) ) ;
#2141 = PERSON_AND_ORGANIZATION ( #1039, #3751 ) ;
#2142 = CARTESIAN_POINT ( 'NONE',  ( 9.500000000000003553, 0.000000000000000000, -32.45000000000000995 ) ) ;
#2143 = ORIENTED_EDGE ( 'NONE', *, *, #418, .F. ) ;
#2144 = ORIENTED_EDGE ( 'NONE', *, *, #3575, .T. ) ;
#2145 = AXIS2_PLACEMENT_3D ( 'NONE', #3964, #2710, #1206 ) ;
#2146 = CARTESIAN_POINT ( 'NONE',  ( -33.58555426230893914, 16.50000000000000000, -14.09999999999999076 ) ) ;
#2147 = DIRECTION ( 'NONE',  ( 0.000000000000000000, 0.000000000000000000, 1.000000000000000000 ) ) ;
#2148 = ORIENTED_EDGE ( 'NONE', *, *, #1662, .T. ) ;
#2149 = CARTESIAN_POINT ( 'NONE',  ( 36.09999999999998721, 0.000000000000000000, -36.09999999999999432 ) ) ;
#2150 = VECTOR ( 'NONE', #2790, 1000.000000000000000 ) ;
#2151 = ORIENTED_EDGE ( 'NONE', *, *, #3499, .T. ) ;
#2152 = CARTESIAN_POINT ( 'NONE',  ( -31.23194903682104595, 13.27930981130955601, -2.199999999999990852 ) ) ;
#2153 = CARTESIAN_POINT ( 'NONE',  ( -27.94680183598614676, 0.000000000000000000, -16.49177877428997618 ) ) ;
#2154 = CIRCLE ( 'NONE', #2145, 32.45000000000000284 ) ;
#2155 = EDGE_CURVE ( 'NONE', #433, #1727, #3374, .T. ) ;
#2156 = VERTEX_POINT ( 'NONE', #3028 ) ;
#2157 = DIRECTION ( 'NONE',  ( 1.000000000000000000, 0.000000000000000000, 0.000000000000000000 ) ) ;
#2158 = FACE_OUTER_BOUND ( 'NONE', #2975, .T. ) ;
#2159 = FACE_OUTER_BOUND ( 'NONE', #1048, .T. ) ;
#2160 = CARTESIAN_POINT ( 'NONE',  ( -33.45000000000000995, -1.800000000000000044, -31.14999999999998082 ) ) ;
#2161 = EDGE_LOOP ( 'NONE', ( #2933, #3430, #2784, #539 ) ) ;
#2162 = CARTESIAN_POINT ( 'NONE',  ( 0.000000000000000000, -5.200000000000000178, 0.000000000000000000 ) ) ;
#2163 = PERSON_AND_ORGANIZATION_ROLE ( 'creator' ) ;
#2164 = CARTESIAN_POINT ( 'NONE',  ( -33.35000000000000853, 14.59999999999999964, 0.000000000000000000 ) ) ;
#2165 = ORIENTED_EDGE ( 'NONE', *, *, #119, .T. ) ;
#2166 = ORIENTED_EDGE ( 'NONE', *, *, #637, .F. ) ;
#2167 = CARTESIAN_POINT ( 'NONE',  ( -31.15000000000000924, 0.000000000000000000, -31.15000000000000924 ) ) ;
#2168 = DIRECTION ( 'NONE',  ( -0.000000000000000000, 1.000000000000000000, -0.000000000000000000 ) ) ;
#2169 = ORIENTED_EDGE ( 'NONE', *, *, #637, .T. ) ;
#2170 = DIRECTION ( 'NONE',  ( -0.000000000000000000, -1.000000000000000000, 0.000000000000000000 ) ) ;
#2171 = FACE_BOUND ( 'NONE', #1392, .T. ) ;
#2172 = CARTESIAN_POINT ( 'NONE',  ( -32.07261292754301962, 0.000000000000000000, 9.499999999999996447 ) ) ;
#2173 = ORIENTED_EDGE ( 'NONE', *, *, #1481, .T. ) ;
#2174 = CARTESIAN_POINT ( 'NONE',  ( -28.70000000000000995, 14.59999999999999964, -14.49999999999999289 ) ) ;
#2175 = CYLINDRICAL_SURFACE ( 'NONE', #3296, 0.9999999999999991118 ) ;
#2176 = DIRECTION ( 'NONE',  ( -1.398970545142585555E-16, 0.000000000000000000, -1.000000000000000000 ) ) ;
#2177 = EDGE_CURVE ( 'NONE', #2183, #1350, #3851, .T. ) ;
#2178 = DIRECTION ( 'NONE',  ( -0.000000000000000000, 1.000000000000000000, -0.000000000000000000 ) ) ;
#2179 = VERTEX_POINT ( 'NONE', #2451 ) ;
#2180 = ORIENTED_EDGE ( 'NONE', *, *, #3844, .F. ) ;
#2181 = EDGE_CURVE ( 'NONE', #3664, #2268, #1543, .T. ) ;
#2182 = DIRECTION ( 'NONE',  ( 0.000000000000000000, 0.000000000000000000, -1.000000000000000000 ) ) ;
#2183 = VERTEX_POINT ( 'NONE', #1501 ) ;
#2184 = ORIENTED_EDGE ( 'NONE', *, *, #3695, .F. ) ;
#2185 = CARTESIAN_POINT ( 'NONE',  ( -31.15000000000000924, 0.000000000000000000, -31.15000000000000924 ) ) ;
#2186 = AXIS2_PLACEMENT_3D ( 'NONE', #628, #3091, #2217 ) ;
#2187 = DIRECTION ( 'NONE',  ( 0.000000000000000000, 0.000000000000000000, 1.000000000000000000 ) ) ;
#2188 = VERTEX_POINT ( 'NONE', #2510 ) ;
#2189 = CYLINDRICAL_SURFACE ( 'NONE', #929, 0.8000000000000020428 ) ;
#2190 = VERTEX_POINT ( 'NONE', #2727 ) ;
#2191 = AXIS2_PLACEMENT_3D ( 'NONE', #3556, #1395, #808 ) ;
#2192 = CARTESIAN_POINT ( 'NONE',  ( 31.14999999999996660, -1.800000000000000044, -33.45000000000000995 ) ) ;
#2193 = CARTESIAN_POINT ( 'NONE',  ( -33.35000000000000853, 14.59999999999999964, -14.09322784480757029 ) ) ;
#2194 = VECTOR ( 'NONE', #3864, 1000.000000000000000 ) ;
#2195 = ORIENTED_EDGE ( 'NONE', *, *, #2130, .F. ) ;
#2196 = CIRCLE ( 'NONE', #2768, 1.550000000000002709 ) ;
#2197 = DIRECTION ( 'NONE',  ( -0.000000000000000000, 1.000000000000000000, -0.000000000000000000 ) ) ;
#2198 = FACE_BOUND ( 'NONE', #2231, .T. ) ;
#2199 = CARTESIAN_POINT ( 'NONE',  ( -33.58555426230893914, 16.50000000000000000, -9.999999999999991118 ) ) ;
#2200 = PRODUCT ( 'Horseman_Lensboard_blank', 'Horseman_Lensboard_blank', '', ( #3168 ) ) ;
#2201 = AXIS2_PLACEMENT_3D ( 'NONE', #1965, #1320, #2904 ) ;
#2202 = ORIENTED_EDGE ( 'NONE', *, *, #3767, .F. ) ;
#2203 = CARTESIAN_POINT ( 'NONE',  ( 31.14999999999996660, -1.800000000000000044, 35.14999999999999147 ) ) ;
#2204 = APPROVAL_DATE_TIME ( #333, #1858 ) ;
#2205 = AXIS2_PLACEMENT_3D ( 'NONE', #2638, #1977, #3201 ) ;
#2206 = CARTESIAN_POINT ( 'NONE',  ( -28.81103693807305532, 10.96010609465671592, -14.49999999999999289 ) ) ;
#2207 = EDGE_CURVE ( 'NONE', #3094, #3305, #3913, .T. ) ;
#2208 = ORIENTED_EDGE ( 'NONE', *, *, #3817, .T. ) ;
#2209 = ADVANCED_FACE ( 'NONE', ( #3394 ), #1587, .T. ) ;
#2210 = EDGE_CURVE ( 'NONE', #3952, #3541, #1072, .T. ) ;
#2211 = DIRECTION ( 'NONE',  ( -1.000000000000000000, 0.000000000000000000, 0.000000000000000000 ) ) ;
#2212 = DIRECTION ( 'NONE',  ( 0.000000000000000000, 0.000000000000000000, -1.000000000000000000 ) ) ;
#2213 = ORIENTED_EDGE ( 'NONE', *, *, #1293, .F. ) ;
#2214 = CARTESIAN_POINT ( 'NONE',  ( -34.00000000000001421, -5.200000000000000178, -12.49999999999999289 ) ) ;
#2215 = ORIENTED_EDGE ( 'NONE', *, *, #3375, .F. ) ;
#2216 = LINE ( 'NONE', #1058, #1225 ) ;
#2217 = DIRECTION ( 'NONE',  ( 0.000000000000000000, -0.000000000000000000, 1.000000000000000000 ) ) ;
#2218 = VERTEX_POINT ( 'NONE', #3417 ) ;
#2219 = DIRECTION ( 'NONE',  ( 0.000000000000000000, -1.000000000000000000, 0.000000000000000000 ) ) ;
#2220 = CARTESIAN_POINT ( 'NONE',  ( 33.44999999999999574, -1.800000000000000044, 9.500000000000001776 ) ) ;
#2221 = DIRECTION ( 'NONE',  ( -0.000000000000000000, -1.000000000000000000, -0.000000000000000000 ) ) ;
#2222 = AXIS2_PLACEMENT_3D ( 'NONE', #2935, #190, #1112 ) ;
#2223 = VERTEX_POINT ( 'NONE', #2153 ) ;
#2224 = CARTESIAN_POINT ( 'NONE',  ( -28.88998279472232511, 10.66437288264786609, -13.33160581245772569 ) ) ;
#2225 = CALENDAR_DATE ( 2026, 14, 9 ) ;
#2226 = CARTESIAN_POINT ( 'NONE',  ( -32.81250452306802856, 14.57002646574391136, -5.972128418950445550 ) ) ;
#2227 = ADVANCED_FACE ( 'NONE', ( #3354 ), #1868, .T. ) ;
#2228 = VERTEX_POINT ( 'NONE', #1569 ) ;
#2229 = DIRECTION ( 'NONE',  ( -1.000000000000000000, -0.000000000000000000, 0.000000000000000000 ) ) ;
#2230 = CARTESIAN_POINT ( 'NONE',  ( -39.90000000000001279, 1.699999999999999956, -36.09999999999996589 ) ) ;
#2231 = EDGE_LOOP ( 'NONE', ( #1870, #2057 ) ) ;
#2232 = EDGE_CURVE ( 'NONE', #1333, #1087, #3783, .T. ) ;
#2233 = ORIENTED_EDGE ( 'NONE', *, *, #2635, .F. ) ;
#2234 = DIRECTION ( 'NONE',  ( 0.000000000000000000, 0.000000000000000000, 1.000000000000000000 ) ) ;
#2235 = DIRECTION ( 'NONE',  ( -1.000000000000000000, 0.000000000000000000, 2.820688578824078424E-16 ) ) ;
#2236 = EDGE_CURVE ( 'NONE', #2462, #3850, #518, .T. ) ;
#2237 = ORIENTED_EDGE ( 'NONE', *, *, #3820, .F. ) ;
#2238 = CARTESIAN_POINT ( 'NONE',  ( -34.00000000000001421, 1.699999999999999956, -4.199999999999990408 ) ) ;
#2239 = CARTESIAN_POINT ( 'NONE',  ( 0.000000000000000000, -5.200000000000000178, 31.15000000000000213 ) ) ;
#2240 = ORIENTED_EDGE ( 'NONE', *, *, #2393, .F. ) ;
#2241 = CARTESIAN_POINT ( 'NONE',  ( -28.70046776840608160, 9.952199702007828108, -14.49712322430264955 ) ) ;
#2242 = CARTESIAN_POINT ( 'NONE',  ( -32.70841011707393164, 14.55552520589421128, -5.994925949688318489 ) ) ;
#2243 = ORIENTED_EDGE ( 'NONE', *, *, #3129, .F. ) ;
#2244 = CARTESIAN_POINT ( 'NONE',  ( -33.58555426230893914, -5.201000000000000512, -8.749999999999994671 ) ) ;
#2245 = CARTESIAN_POINT ( 'NONE',  ( 24.84999999999998366, 1.699999999999999956, 27.85000000000000497 ) ) ;
#2246 = ORIENTED_EDGE ( 'NONE', *, *, #1793, .T. ) ;
#2247 = APPLICATION_PROTOCOL_DEFINITION ( 'international standard', 'config_control_design', 1994, #1979 ) ;
#2248 = ADVANCED_FACE ( 'NONE', ( #3046 ), #2747, .F. ) ;
#2249 = AXIS2_PLACEMENT_3D ( 'NONE', #3759, #2535, #1005 ) ;
#2250 = DIRECTION ( 'NONE',  ( -0.000000000000000000, 0.000000000000000000, 1.000000000000000000 ) ) ;
#2251 = FACE_OUTER_BOUND ( 'NONE', #1792, .T. ) ;
#2252 = AXIS2_PLACEMENT_3D ( 'NONE', #1821, #1217, #319 ) ;
#2253 = EDGE_CURVE ( 'NONE', #3604, #3890, #3714, .T. ) ;
#2254 = EDGE_CURVE ( 'NONE', #766, #252, #323, .T. ) ;
#2255 = DIRECTION ( 'NONE',  ( -0.000000000000000000, 0.000000000000000000, 1.000000000000000000 ) ) ;
#2256 = VECTOR ( 'NONE', #1234, 1000.000000000000000 ) ;
#2257 = CARTESIAN_POINT ( 'NONE',  ( -30.67405880831701381, 15.09923892408600210, -2.359538328889480230 ) ) ;
#2258 = AXIS2_PLACEMENT_3D ( 'NONE', #3777, #1967, #448 ) ;
#2259 = VERTEX_POINT ( 'NONE', #2309 ) ;
#2260 = CARTESIAN_POINT ( 'NONE',  ( -36.04999999999984794, 0.000000000000000000, -34.50000000000000000 ) ) ;
#2261 = CARTESIAN_POINT ( 'NONE',  ( -36.09999999999998721, 0.000000000000000000, 39.90000000000000568 ) ) ;
#2262 = ORIENTED_EDGE ( 'NONE', *, *, #874, .T. ) ;
#2263 = VERTEX_POINT ( 'NONE', #1375 ) ;
#2264 = VECTOR ( 'NONE', #2821, 1000.000000000000000 ) ;
#2265 = AXIS2_PLACEMENT_3D ( 'NONE', #1770, #3009, #2111 ) ;
#2266 = DIRECTION ( 'NONE',  ( 0.000000000000000000, -1.000000000000000000, 0.000000000000000000 ) ) ;
#2267 = LINE ( 'NONE', #2230, #3406 ) ;
#2268 = VERTEX_POINT ( 'NONE', #3533 ) ;
#2269 = CIRCLE ( 'NONE', #540, 1.550000000000002709 ) ;
#2270 = FACE_OUTER_BOUND ( 'NONE', #3828, .T. ) ;
#2271 = VERTEX_POINT ( 'NONE', #1042 ) ;
#2272 = CYLINDRICAL_SURFACE ( 'NONE', #467, 1.000000000000000888 ) ;
#2273 = CARTESIAN_POINT ( 'NONE',  ( 35.14999999999999147, -1.800000000000000044, -31.14999999999998082 ) ) ;
#2274 = ADVANCED_FACE ( 'NONE', ( #2251, #1913 ), #3131, .T. ) ;
#2275 = VECTOR ( 'NONE', #3975, 1000.000000000000000 ) ;
#2276 = CARTESIAN_POINT ( 'NONE',  ( 33.44999999999999574, -1.799999999999999600, 9.500000000000000000 ) ) ;
#2277 = CARTESIAN_POINT ( 'NONE',  ( -30.52135214360164994, 11.59999999999856968, -3.298684316849904263 ) ) ;
#2278 = ADVANCED_FACE ( 'NONE', ( #2867 ), #87, .F. ) ;
#2279 = ORIENTED_EDGE ( 'NONE', *, *, #2679, .F. ) ;
#2280 = CARTESIAN_POINT ( 'NONE',  ( -32.82611647867980764, 14.60000000000000142, -5.738060292818007113 ) ) ;
#2281 = DIRECTION ( 'NONE',  ( 0.000000000000000000, -1.000000000000000000, 0.000000000000000000 ) ) ;
#2282 = ADVANCED_FACE ( 'NONE', ( #1626 ), #1966, .T. ) ;
#2283 = CARTESIAN_POINT ( 'NONE',  ( -33.54613443411435725, 14.59602940201763133, -5.899999999999991473 ) ) ;
#2284 = AXIS2_PLACEMENT_3D ( 'NONE', #2199, #487, #2519 ) ;
#2285 = ORIENTED_EDGE ( 'NONE', *, *, #119, .F. ) ;
#2286 = CARTESIAN_POINT ( 'NONE',  ( -30.59738936823038458, 11.59010513332060910, -2.831055385383191680 ) ) ;
#2287 = CARTESIAN_POINT ( 'NONE',  ( -34.00000000000001421, -1.500000000000000000, -5.799999999999994493 ) ) ;
#2288 = ORIENTED_EDGE ( 'NONE', *, *, #379, .F. ) ;
#2289 = ORIENTED_EDGE ( 'NONE', *, *, #2736, .T. ) ;
#2290 = CARTESIAN_POINT ( 'NONE',  ( -36.60000000000001563, 9.950000000000001066, -5.899999999999992362 ) ) ;
#2291 = CARTESIAN_POINT ( 'NONE',  ( 32.44999999999999574, -1.799999999999999600, -8.500000000000000000 ) ) ;
#2292 = DIRECTION ( 'NONE',  ( -0.000000000000000000, -1.000000000000000000, 0.000000000000000000 ) ) ;
#2293 = LINE ( 'NONE', #2607, #1419 ) ;
#2294 = DIRECTION ( 'NONE',  ( 0.000000000000000000, 0.000000000000000000, 1.000000000000000000 ) ) ;
#2295 = ORIENTED_EDGE ( 'NONE', *, *, #952, .T. ) ;
#2296 = DIRECTION ( 'NONE',  ( 1.106344407639684604E-16, 0.000000000000000000, -1.000000000000000000 ) ) ;
#2297 = EDGE_CURVE ( 'NONE', #1114, #573, #3792, .T. ) ;
#2298 = PLANE ( 'NONE',  #3921 ) ;
#2299 = EDGE_LOOP ( 'NONE', ( #3367, #2151, #855, #1110 ) ) ;
#2300 = CARTESIAN_POINT ( 'NONE',  ( -33.35000000000000853, 14.59999999999999964, -5.906772155192411944 ) ) ;
#2301 = ORIENTED_EDGE ( 'NONE', *, *, #534, .T. ) ;
#2302 = ADVANCED_FACE ( 'NONE', ( #1305 ), #751, .F. ) ;
#2303 = EDGE_LOOP ( 'NONE', ( #1930, #1484, #1973, #1918 ) ) ;
#2304 = FACE_OUTER_BOUND ( 'NONE', #2627, .T. ) ;
#2305 = CARTESIAN_POINT ( 'NONE',  ( -36.10000000000001563, 0.000000000000000000, 36.10000000000000853 ) ) ;
#2306 = ORIENTED_EDGE ( 'NONE', *, *, #132, .T. ) ;
#2307 = ORIENTED_EDGE ( 'NONE', *, *, #2236, .T. ) ;
#2308 = DIRECTION ( 'NONE',  ( -0.000000000000000000, 1.000000000000000000, -0.000000000000000000 ) ) ;
#2309 = CARTESIAN_POINT ( 'NONE',  ( 36.09999999999995879, 0.000000000000000000, 39.90000000000000568 ) ) ;
#2310 = FACE_OUTER_BOUND ( 'NONE', #1714, .T. ) ;
#2311 = CARTESIAN_POINT ( 'NONE',  ( -36.37498121183072897, 13.48949563754472614, -13.01510890229788586 ) ) ;
#2312 = DIRECTION ( 'NONE',  ( -0.000000000000000000, -1.000000000000000000, -0.000000000000000000 ) ) ;
#2313 = AXIS2_PLACEMENT_3D ( 'NONE', #1079, #1356, #3815 ) ;
#2314 = ORIENTED_EDGE ( 'NONE', *, *, #3718, .T. ) ;
#2315 = DIRECTION ( 'NONE',  ( -1.000000000000000000, 0.000000000000000000, 0.000000000000000000 ) ) ;
#2316 = VECTOR ( 'NONE', #3250, 1000.000000000000000 ) ;
#2317 = CARTESIAN_POINT ( 'NONE',  ( 2.449293598294706513E-15, 0.000000000000000000, 20.00000000000000000 ) ) ;
#2318 = AXIS2_PLACEMENT_3D ( 'NONE', #2546, #3770, #2581 ) ;
#2319 = EDGE_CURVE ( 'NONE', #3610, #1921, #3189, .T. ) ;
#2320 = ORIENTED_EDGE ( 'NONE', *, *, #859, .F. ) ;
#2321 = FACE_OUTER_BOUND ( 'NONE', #3507, .T. ) ;
#2322 = ORIENTED_EDGE ( 'NONE', *, *, #609, .T. ) ;
#2323 = AXIS2_PLACEMENT_3D ( 'NONE', #867, #845, #490 ) ;
#2324 = CYLINDRICAL_SURFACE ( 'NONE', #1487, 20.00000000000000000 ) ;
#2325 = DIRECTION ( 'NONE',  ( 0.000000000000000000, -1.000000000000000000, 0.000000000000000000 ) ) ;
#2326 = ADVANCED_FACE ( 'NONE', ( #465 ), #3775, .T. ) ;
#2327 = VERTEX_POINT ( 'NONE', #707 ) ;
#2328 = PRODUCT_DEFINITION ( 'ๆ', '', #2341, #3666 ) ;
#2329 = CIRCLE ( 'NONE', #3927, 1.550000000000002709 ) ;
#2330 = VECTOR ( 'NONE', #1429, 1000.000000000000000 ) ;
#2331 = VERTEX_POINT ( 'NONE', #2291 ) ;
#2332 = ORIENTED_EDGE ( 'NONE', *, *, #2903, .F. ) ;
#2333 = DIRECTION ( 'NONE',  ( 0.000000000000000000, 0.000000000000000000, -1.000000000000000000 ) ) ;
#2334 = AXIS2_PLACEMENT_3D ( 'NONE', #33, #2176, #1252 ) ;
#2335 = CARTESIAN_POINT ( 'NONE',  ( 0.000000000000000000, 0.5999999999999963141, -20.00000000000000000 ) ) ;
#2336 = CARTESIAN_POINT ( 'NONE',  ( -34.00000000000001421, 5.200000000000000178, -12.49999999999999289 ) ) ;
#2337 = DIRECTION ( 'NONE',  ( 0.000000000000000000, 0.000000000000000000, -1.000000000000000000 ) ) ;
#2338 = PLANE ( 'NONE',  #2777 ) ;
#2339 = VERTEX_POINT ( 'NONE', #3475 ) ;
#2340 = FACE_OUTER_BOUND ( 'NONE', #2514, .T. ) ;
#2342 = DIRECTION ( 'NONE',  ( 0.000000000000000000, -1.000000000000000000, 0.000000000000000000 ) ) ;
#2341 = PRODUCT_DEFINITION_FORMATION_WITH_SPECIFIED_SOURCE ( 'ไป', '', #2200, .NOT_KNOWN. ) ;
#2343 = DIRECTION ( 'NONE',  ( -1.000000000000000000, -0.000000000000000000, -0.000000000000000000 ) ) ;
#2344 = ORIENTED_EDGE ( 'NONE', *, *, #782, .T. ) ;
#2345 = CARTESIAN_POINT ( 'NONE',  ( 36.04999999999984084, 0.000000000000000000, 36.05000000000001137 ) ) ;
#2346 = ADVANCED_FACE ( 'NONE', ( #1018 ), #2587, .F. ) ;
#2347 = CARTESIAN_POINT ( 'NONE',  ( 31.11379041849838600, 0.000000000000000000, -9.215994020926753905 ) ) ;
#2348 = ORIENTED_EDGE ( 'NONE', *, *, #1729, .T. ) ;
#2349 = ORIENTED_EDGE ( 'NONE', *, *, #3944, .T. ) ;
#2350 = ORIENTED_EDGE ( 'NONE', *, *, #291, .F. ) ;
#2351 = CARTESIAN_POINT ( 'NONE',  ( -34.00000000000001421, -5.200000000000000178, -4.199999999999990408 ) ) ;
#2352 = ADVANCED_FACE ( 'NONE', ( #1059 ), #162, .F. ) ;
#2353 = DIRECTION ( 'NONE',  ( 0.000000000000000000, 0.000000000000000000, -1.000000000000000000 ) ) ;
#2354 = CARTESIAN_POINT ( 'NONE',  ( -34.79445957153997426, 12.86142108374433413, -10.32848012581395558 ) ) ;
#2355 =( BOUNDED_CURVE ( )  B_SPLINE_CURVE ( 3, ( #3450, #3785, #3109, #1032 ),
 .UNSPECIFIED., .F., .F. ) 
 B_SPLINE_CURVE_WITH_KNOTS ( ( 4, 4 ),
 ( 0.2189728521052571319, 1.570796326794896114 ),
 .UNSPECIFIED. ) 
 CURVE ( )  GEOMETRIC_REPRESENTATION_ITEM ( )  RATIONAL_B_SPLINE_CURVE ( ( 1.000000000000000000, 0.8534245896692596034, 0.8534245896692596034, 1.000000000000000000 ) ) 
 REPRESENTATION_ITEM ( '' )  );
#2356 = FACE_OUTER_BOUND ( 'NONE', #1899, .T. ) ;
#2357 = EDGE_CURVE ( 'NONE', #3017, #2228, #447, .T. ) ;
#2358 = PLANE ( 'NONE',  #1863 ) ;
#2359 = ORIENTED_EDGE ( 'NONE', *, *, #2371, .F. ) ;
#2360 = PLANE ( 'NONE',  #1038 ) ;
#2361 = CYLINDRICAL_SURFACE ( 'NONE', #3537, 21.10000000000000142 ) ;
#2362 = LINE ( 'NONE', #1070, #1416 ) ;
#2363 = VERTEX_POINT ( 'NONE', #142 ) ;
#2364 = DIRECTION ( 'NONE',  ( -0.000000000000000000, 1.000000000000000000, 0.000000000000000000 ) ) ;
#2365 = ORIENTED_EDGE ( 'NONE', *, *, #3648, .T. ) ;
#2366 = VERTEX_POINT ( 'NONE', #1684 ) ;
#2367 = ORIENTED_EDGE ( 'NONE', *, *, #3637, .F. ) ;
#2368 = CARTESIAN_POINT ( 'NONE',  ( 24.84999999999998366, 0.000000000000000000, 31.10000000000000497 ) ) ;
#2369 = DIRECTION ( 'NONE',  ( 0.000000000000000000, -0.000000000000000000, -1.000000000000000000 ) ) ;
#2370 = CARTESIAN_POINT ( 'NONE',  ( 36.05000000000000426, -0.2999999999999999334, -37.59999999999985221 ) ) ;
#2371 = EDGE_CURVE ( 'NONE', #400, #2481, #2756, .T. ) ;
#2372 = CARTESIAN_POINT ( 'NONE',  ( -34.74489081532927770, 14.38817576711202051, -13.93527213372265550 ) ) ;
#2373 = DIRECTION ( 'NONE',  ( -0.000000000000000000, 1.000000000000000000, -0.000000000000000000 ) ) ;
#2374 = EDGE_CURVE ( 'NONE', #114, #1136, #1538, .T. ) ;
#2375 = EDGE_CURVE ( 'NONE', #3242, #1310, #3513, .T. ) ;
#2376 = VERTEX_POINT ( 'NONE', #182 ) ;
#2377 = FACE_OUTER_BOUND ( 'NONE', #3808, .T. ) ;
#2378 = DIRECTION ( 'NONE',  ( 1.000000000000000000, 0.000000000000000000, 0.000000000000000000 ) ) ;
#2379 = CIRCLE ( 'NONE', #1731, 4.650000000000001243 ) ;
#2380 = ORIENTED_EDGE ( 'NONE', *, *, #3409, .F. ) ;
#2381 = EDGE_LOOP ( 'NONE', ( #2367, #1721, #2492, #186 ) ) ;
#2382 = AXIS2_PLACEMENT_3D ( 'NONE', #797, #2596, #1086 ) ;
#2383 = DIRECTION ( 'NONE',  ( 0.000000000000000000, -1.000000000000000000, 0.000000000000000000 ) ) ;
#2384 = ORIENTED_EDGE ( 'NONE', *, *, #2885, .F. ) ;
#2385 = VECTOR ( 'NONE', #2852, 1000.000000000000000 ) ;
#2386 = ORIENTED_EDGE ( 'NONE', *, *, #1834, .T. ) ;
#2387 = DIRECTION ( 'NONE',  ( 0.000000000000000000, 1.000000000000000000, 0.000000000000000000 ) ) ;
#2388 = DIRECTION ( 'NONE',  ( -0.000000000000000000, -1.000000000000000000, 0.000000000000000000 ) ) ;
#2389 = DIRECTION ( 'NONE',  ( 0.000000000000000000, 0.000000000000000000, -1.000000000000000000 ) ) ;
#2390 = AXIS2_PLACEMENT_3D ( 'NONE', #933, #632, #908 ) ;
#2391 = CARTESIAN_POINT ( 'NONE',  ( -30.70000000000001350, 11.57040434076483848, -2.199999999999989964 ) ) ;
#2392 = DIRECTION ( 'NONE',  ( -0.000000000000000000, 1.000000000000000000, -0.000000000000000000 ) ) ;
#2393 = EDGE_CURVE ( 'NONE', #957, #3522, #3003, .T. ) ;
#2394 = CIRCLE ( 'NONE', #901, 4.650000000000001243 ) ;
#2395 = ORIENTED_EDGE ( 'NONE', *, *, #2026, .F. ) ;
#2396 = CYLINDRICAL_SURFACE ( 'NONE', #3289, 1.249999999999997558 ) ;
#2397 = FACE_OUTER_BOUND ( 'NONE', #595, .T. ) ;
#2398 = ORIENTED_EDGE ( 'NONE', *, *, #2840, .T. ) ;
#2399 = DIRECTION ( 'NONE',  ( -0.000000000000000000, -1.000000000000000000, 0.000000000000000000 ) ) ;
#2400 = CIRCLE ( 'NONE', #3431, 3.249999999999999556 ) ;
#2401 = EDGE_CURVE ( 'NONE', #3727, #1602, #486, .T. ) ;
#2402 = CARTESIAN_POINT ( 'NONE',  ( -29.83621542007449179, 13.00269552380557769, -11.68608649027948765 ) ) ;
#2403 = CC_DESIGN_APPROVAL ( #3874, ( #2341 ) ) ;
#2404 = ORIENTED_EDGE ( 'NONE', *, *, #1338, .T. ) ;
#2405 = ORIENTED_EDGE ( 'NONE', *, *, #48, .F. ) ;
#2406 = PLANE ( 'NONE',  #212 ) ;
#2407 = CYLINDRICAL_SURFACE ( 'NONE', #2882, 1.000000000000000888 ) ;
#2408 = CARTESIAN_POINT ( 'NONE',  ( -34.80100181022515926, 12.85894368567399582, -9.665832118729159816 ) ) ;
#2409 = CARTESIAN_POINT ( 'NONE',  ( -33.25696848917007031, 13.20221240707989629, -11.21712900164592064 ) ) ;
#2410 = CYLINDRICAL_SURFACE ( 'NONE', #3098, 1.550000000000002709 ) ;
#2411 = B_SPLINE_CURVE_WITH_KNOTS ( 'NONE', 3,
 ( #523, #1763, #841, #3574, #161, #2925, #181, #1158, #3249, #1394, #2986, #3310, #239, #824 ),
 .UNSPECIFIED., .F., .F.,
 ( 4, 2, 2, 2, 2, 2, 4 ),
 ( 0.01456409913624531760, 0.01511991100573525579, 0.01567572287522519398, 0.01623153474471513563, 0.01678734661420507382, 0.01789897035318494325, 0.01901059409216481269 ),
 .UNSPECIFIED. ) ;
#2412 = B_SPLINE_CURVE_WITH_KNOTS ( 'NONE', 3,
 ( #2242, #2226, #2527, #1327, #98, #1619 ),
 .UNSPECIFIED., .F., .F.,
 ( 4, 2, 4 ),
 ( 0.02707770560900108966, 0.02739990656653754769, 0.02772210752407400572 ),
 .UNSPECIFIED. ) ;
#2413 = ADVANCED_FACE ( 'NONE', ( #1103 ), #256, .T. ) ;
#2414 = EDGE_LOOP ( 'NONE', ( #2936, #3662, #640, #159 ) ) ;
#2415 = CARTESIAN_POINT ( 'NONE',  ( -34.00000000000001421, -5.200000000000000178, -5.799999999999994493 ) ) ;
#2416 = DIRECTION ( 'NONE',  ( 0.000000000000000000, 0.000000000000000000, 1.000000000000000000 ) ) ;
#2417 = CARTESIAN_POINT ( 'NONE',  ( -8.499999999999994671, -26.84966131682163137, -32.45000000000000995 ) ) ;
#2418 = ORIENTED_EDGE ( 'NONE', *, *, #1833, .F. ) ;
#2419 = DIRECTION ( 'NONE',  ( 0.000000000000000000, 1.000000000000000000, 0.000000000000000000 ) ) ;
#2420 = ADVANCED_FACE ( 'NONE', ( #1473 ), #2407, .F. ) ;
#2421 = CARTESIAN_POINT ( 'NONE',  ( -39.90000000000001279, 1.699999999999999956, 36.09999999999998010 ) ) ;
#2422 = ORIENTED_EDGE ( 'NONE', *, *, #146, .F. ) ;
#2423 = EDGE_CURVE ( 'NONE', #2739, #3626, #1723, .T. ) ;
#2424 = EDGE_CURVE ( 'NONE', #3407, #1448, #2088, .T. ) ;
#2425 = DIRECTION ( 'NONE',  ( 0.000000000000000000, 0.000000000000000000, -1.000000000000000000 ) ) ;
#2426 = CYLINDRICAL_SURFACE ( 'NONE', #327, 0.9999999999999991118 ) ;
#2427 = ORIENTED_EDGE ( 'NONE', *, *, #3229, .F. ) ;
#2428 = CARTESIAN_POINT ( 'NONE',  ( -33.35000000000000142, 9.950000000000001066, 9.406996410378298909E-15 ) ) ;
#2429 = CARTESIAN_POINT ( 'NONE',  ( -32.37580116631384897, 13.05059991784015239, -10.32510438770455075 ) ) ;
#2430 = CARTESIAN_POINT ( 'NONE',  ( 0.000000000000000000, 2.399999999999999911, 0.000000000000000000 ) ) ;
#2431 = ORIENTED_EDGE ( 'NONE', *, *, #802, .F. ) ;
#2432 = FACE_OUTER_BOUND ( 'NONE', #1719, .T. ) ;
#2433 = FACE_OUTER_BOUND ( 'NONE', #2000, .T. ) ;
#2434 = DIRECTION ( 'NONE',  ( 0.000000000000000000, -1.000000000000000000, 0.000000000000000000 ) ) ;
#2435 = DIRECTION ( 'NONE',  ( 0.000000000000000000, 0.000000000000000000, 1.000000000000000000 ) ) ;
#2436 = VERTEX_POINT ( 'NONE', #3230 ) ;
#2437 = DIRECTION ( 'NONE',  ( -0.000000000000000000, 1.000000000000000000, -0.000000000000000000 ) ) ;
#2438 = VECTOR ( 'NONE', #2884, 1000.000000000000000 ) ;
#2439 = CARTESIAN_POINT ( 'NONE',  ( -9.499999999999998224, -5.200000000000000178, 32.07261292754301962 ) ) ;
#2440 = AXIS2_PLACEMENT_3D ( 'NONE', #1657, #3126, #2900 ) ;
#2441 = ORIENTED_EDGE ( 'NONE', *, *, #384, .F. ) ;
#2442 = ORIENTED_EDGE ( 'NONE', *, *, #367, .T. ) ;
#2443 = VECTOR ( 'NONE', #358, 1000.000000000000000 ) ;
#2444 = FACE_OUTER_BOUND ( 'NONE', #621, .T. ) ;
#2445 = DIRECTION ( 'NONE',  ( 0.000000000000000000, -1.000000000000000000, 0.000000000000000000 ) ) ;
#2446 = EDGE_CURVE ( 'NONE', #3843, #1121, #2623, .T. ) ;
#2447 = CARTESIAN_POINT ( 'NONE',  ( -33.72015991402471968, 14.60000000000000142, -3.787026796019889563 ) ) ;
#2448 = AXIS2_PLACEMENT_3D ( 'NONE', #2792, #49, #1265 ) ;
#2449 = CARTESIAN_POINT ( 'NONE',  ( -32.81618279725028486, 13.15800302172393899, -9.001509834455230674 ) ) ;
#2450 = CIRCLE ( 'NONE', #2323, 0.7000000000000009548 ) ;
#2451 = CARTESIAN_POINT ( 'NONE',  ( 33.44999999999999574, -1.800000000000000044, -31.14999999999999147 ) ) ;
#2452 = VECTOR ( 'NONE', #1311, 1000.000000000000000 ) ;
#2453 = AXIS2_PLACEMENT_3D ( 'NONE', #666, #361, #1299 ) ;
#2454 = ORIENTED_EDGE ( 'NONE', *, *, #2731, .F. ) ;
#2455 = CIRCLE ( 'NONE', #2966, 1.000000000000000888 ) ;
#2456 = VECTOR ( 'NONE', #2197, 1000.000000000000000 ) ;
#2457 = CARTESIAN_POINT ( 'NONE',  ( 31.14999999999999503, 0.000000000000000000, -31.15000000000000924 ) ) ;
#2458 = DIRECTION ( 'NONE',  ( 0.000000000000000000, 1.000000000000000000, 0.000000000000000000 ) ) ;
#2459 = CARTESIAN_POINT ( 'NONE',  ( -8.499999999999994671, 0.000000000000000000, -32.45000000000000995 ) ) ;
#2460 = CIRCLE ( 'NONE', #3352, 0.7000000000000009548 ) ;
#2461 = CARTESIAN_POINT ( 'NONE',  ( -34.00000000000001421, 1.699999999999999956, -12.49999999999999289 ) ) ;
#2462 = VERTEX_POINT ( 'NONE', #3911 ) ;
#2463 = CARTESIAN_POINT ( 'NONE',  ( -29.97928151451194267, 13.15324162241767958, -11.95058885173084384 ) ) ;
#2464 = DATE_AND_TIME ( #2500, #1313 ) ;
#2465 = CYLINDRICAL_SURFACE ( 'NONE', #526, 1.000000000000000888 ) ;
#2466 = VERTEX_POINT ( 'NONE', #2335 ) ;
#2467 = ORIENTED_EDGE ( 'NONE', *, *, #1360, .T. ) ;
#2468 = AXIS2_PLACEMENT_3D ( 'NONE', #3601, #2342, #1972 ) ;
#2469 = DIRECTION ( 'NONE',  ( 0.000000000000000000, 0.000000000000000000, 1.000000000000000000 ) ) ;
#2470 = FACE_OUTER_BOUND ( 'NONE', #1097, .T. ) ;
#2471 = ORIENTED_EDGE ( 'NONE', *, *, #3328, .T. ) ;
#2472 = LINE ( 'NONE', #3086, #1952 ) ;
#2473 = DIRECTION ( 'NONE',  ( 0.000000000000000000, 0.000000000000000000, 1.000000000000000000 ) ) ;
#2474 = CARTESIAN_POINT ( 'NONE',  ( -34.00000000000001421, 1.699999999999999956, -4.999999999999992006 ) ) ;
#2475 = AXIS2_PLACEMENT_3D ( 'NONE', #213, #3281, #536 ) ;
#2476 = ORIENTED_EDGE ( 'NONE', *, *, #542, .T. ) ;
#2477 = DIRECTION ( 'NONE',  ( 0.000000000000000000, 0.000000000000000000, 1.000000000000000000 ) ) ;
#2478 = CARTESIAN_POINT ( 'NONE',  ( -28.70000000000000639, 1.699999999999999956, -2.199999999999991740 ) ) ;
#2479 = CARTESIAN_POINT ( 'NONE',  ( 0.000000000000000000, -5.200000000000000178, 0.000000000000000000 ) ) ;
#2480 = DIRECTION ( 'NONE',  ( 0.000000000000000000, -1.000000000000000000, 0.000000000000000000 ) ) ;
#2481 = VERTEX_POINT ( 'NONE', #1778 ) ;
#2482 = CARTESIAN_POINT ( 'NONE',  ( 24.84999999999998366, 1.699999999999999956, 31.10000000000000497 ) ) ;
#2483 = DIRECTION ( 'NONE',  ( 0.000000000000000000, 0.000000000000000000, 1.000000000000000000 ) ) ;
#2484 = ORIENTED_EDGE ( 'NONE', *, *, #1334, .T. ) ;
#2485 = ORIENTED_EDGE ( 'NONE', *, *, #15, .F. ) ;
#2486 = FACE_OUTER_BOUND ( 'NONE', #1148, .T. ) ;
#2487 = FACE_OUTER_BOUND ( 'NONE', #661, .T. ) ;
#2488 = LINE ( 'NONE', #61, #1761 ) ;
#2489 = FACE_OUTER_BOUND ( 'NONE', #2303, .T. ) ;
#2490 = CARTESIAN_POINT ( 'NONE',  ( -33.35000000000000142, 9.950000000000001066, 9.406996410378298909E-15 ) ) ;
#2491 = EDGE_CURVE ( 'NONE', #2481, #3383, #2379, .T. ) ;
#2492 = ORIENTED_EDGE ( 'NONE', *, *, #1590, .T. ) ;
#2493 = DIRECTION ( 'NONE',  ( 1.000000000000000000, 0.000000000000000000, 1.290735142246298519E-16 ) ) ;
#2494 = DIRECTION ( 'NONE',  ( -0.000000000000000000, 1.000000000000000000, -0.000000000000000000 ) ) ;
#2495 = PLANE ( 'NONE',  #420 ) ;
#2496 = EDGE_CURVE ( 'NONE', #1087, #3449, #1142, .T. ) ;
#2497 = EDGE_CURVE ( 'NONE', #2156, #958, #2926, .T. ) ;
#2498 = ORIENTED_EDGE ( 'NONE', *, *, #22, .T. ) ;
#2499 = CARTESIAN_POINT ( 'NONE',  ( -28.72678977057650584, 10.07590290672212774, -14.33524291095455006 ) ) ;
#2500 = CALENDAR_DATE ( 2026, 14, 9 ) ;
#2501 = CARTESIAN_POINT ( 'NONE',  ( 0.000000000000000000, 0.000000000000000000, 0.000000000000000000 ) ) ;
#2502 = ORIENTED_EDGE ( 'NONE', *, *, #3206, .F. ) ;
#2503 = CYLINDRICAL_SURFACE ( 'NONE', #2453, 3.799999999999998046 ) ;
#2504 = CARTESIAN_POINT ( 'NONE',  ( 0.000000000000000000, 1.699999999999999956, 0.000000000000000000 ) ) ;
#2505 = ORIENTED_EDGE ( 'NONE', *, *, #3052, .T. ) ;
#2506 = LINE ( 'NONE', #3113, #1568 ) ;
#2507 = ORIENTED_EDGE ( 'NONE', *, *, #2706, .T. ) ;
#2508 = AXIS2_PLACEMENT_3D ( 'NONE', #1907, #1601, #3184 ) ;
#2509 = PLANE ( 'NONE',  #3540 ) ;
#2510 = CARTESIAN_POINT ( 'NONE',  ( 9.500000000000005329, -1.800000000000000044, -33.45000000000000995 ) ) ;
#2511 = AXIS2_PLACEMENT_3D ( 'NONE', #2559, #2577, #2819 ) ;
#2512 = AXIS2_PLACEMENT_3D ( 'NONE', #650, #1250, #2477 ) ;
#2513 = VERTEX_POINT ( 'NONE', #3294 ) ;
#2514 = EDGE_LOOP ( 'NONE', ( #1346, #2672 ) ) ;
#2515 = VECTOR ( 'NONE', #2031, 1000.000000000000000 ) ;
#2516 = FACE_OUTER_BOUND ( 'NONE', #620, .T. ) ;
#2517 = ADVANCED_FACE ( 'NONE', ( #1764 ), #2647, .T. ) ;
#2518 = DIRECTION ( 'NONE',  ( 0.000000000000000000, -0.000000000000000000, -1.000000000000000000 ) ) ;
#2519 = DIRECTION ( 'NONE',  ( 0.000000000000000000, 0.000000000000000000, 1.000000000000000000 ) ) ;
#2520 = CIRCLE ( 'NONE', #790, 2.299999999999999822 ) ;
#2521 = AXIS2_PLACEMENT_3D ( 'NONE', #56, #3765, #3402 ) ;
#2522 = EDGE_LOOP ( 'NONE', ( #889, #3420, #1399, #18 ) ) ;
#2523 = CARTESIAN_POINT ( 'NONE',  ( 0.000000000000000000, -5.200000000000000178, 0.000000000000000000 ) ) ;
#2524 = EDGE_CURVE ( 'NONE', #3094, #382, #2007, .T. ) ;
#2525 = EDGE_CURVE ( 'NONE', #3528, #175, #458, .T. ) ;
#2526 = CIRCLE ( 'NONE', #1748, 20.00000000000000000 ) ;
#2527 = CARTESIAN_POINT ( 'NONE',  ( -32.91817948831437946, 14.58115658975540008, -5.953229197096082004 ) ) ;
#2528 = ORIENTED_EDGE ( 'NONE', *, *, #3602, .T. ) ;
#2529 = ADVANCED_FACE ( 'NONE', ( #3613 ), #825, .F. ) ;
#2530 = DIRECTION ( 'NONE',  ( -0.000000000000000000, -1.000000000000000000, -0.000000000000000000 ) ) ;
#2531 = LINE ( 'NONE', #3470, #1343 ) ;
#2532 = ORIENTED_EDGE ( 'NONE', *, *, #710, .T. ) ;
#2533 = DIRECTION ( 'NONE',  ( -0.000000000000000000, 1.000000000000000000, -0.000000000000000000 ) ) ;
#2534 = CIRCLE ( 'NONE', #866, 0.9999999999999991118 ) ;
#2535 = DIRECTION ( 'NONE',  ( 1.000000000000000000, -0.000000000000000000, 0.000000000000000000 ) ) ;
#2536 = EDGE_LOOP ( 'NONE', ( #1888, #832, #3290, #594 ) ) ;
#2537 = DIRECTION ( 'NONE',  ( -0.000000000000000000, 1.000000000000000000, -0.000000000000000000 ) ) ;
#2538 = CARTESIAN_POINT ( 'NONE',  ( 9.500000000000003553, -1.799999999999999600, -32.45000000000000995 ) ) ;
#2539 = AXIS2_PLACEMENT_3D ( 'NONE', #3619, #871, #3011 ) ;
#2540 = ORIENTED_EDGE ( 'NONE', *, *, #1508, .F. ) ;
#2541 = CARTESIAN_POINT ( 'NONE',  ( 33.44999999999999574, 0.000000000000000000, -31.14999999999999147 ) ) ;
#2542 = LINE ( 'NONE', #740, #3015 ) ;
#2543 = EDGE_CURVE ( 'NONE', #954, #3524, #1744, .T. ) ;
#2544 = EDGE_LOOP ( 'NONE', ( #172, #2102, #2714, #2791 ) ) ;
#2545 = CARTESIAN_POINT ( 'NONE',  ( -30.38888945303884626, 11.60000000000000142, -4.113329863811162390 ) ) ;
#2546 = CARTESIAN_POINT ( 'NONE',  ( -34.00000000000001421, -1.800000000000000044, -4.999999999999992006 ) ) ;
#2547 = EDGE_LOOP ( 'NONE', ( #3960, #1815, #1277, #941 ) ) ;
#2548 = DIRECTION ( 'NONE',  ( 1.000000000000000000, 0.000000000000000000, 0.000000000000000000 ) ) ;
#2549 = ADVANCED_FACE ( 'NONE', ( #224 ), #3311, .F. ) ;
#2550 = ORIENTED_EDGE ( 'NONE', *, *, #736, .T. ) ;
#2551 = ADVANCED_FACE ( 'NONE', ( #3110 ), #943, .T. ) ;
#2552 = FACE_OUTER_BOUND ( 'NONE', #2898, .T. ) ;
#2553 = DIRECTION ( 'NONE',  ( -0.000000000000000000, 1.000000000000000000, -0.000000000000000000 ) ) ;
#2554 = ORIENTED_EDGE ( 'NONE', *, *, #3641, .F. ) ;
#2555 = PLANE ( 'NONE',  #846 ) ;
#2556 = DIRECTION ( 'NONE',  ( 1.290735142246298519E-16, 0.000000000000000000, -1.000000000000000000 ) ) ;
#2557 = ORIENTED_EDGE ( 'NONE', *, *, #3750, .F. ) ;
#2558 = DIRECTION ( 'NONE',  ( 0.000000000000000000, 0.000000000000000000, -1.000000000000000000 ) ) ;
#2559 = CARTESIAN_POINT ( 'NONE',  ( -33.45000000000000995, -1.800000000000000044, -31.14999999999998082 ) ) ;
#2560 = ORIENTED_EDGE ( 'NONE', *, *, #3917, .F. ) ;
#2561 = CARTESIAN_POINT ( 'NONE',  ( -33.58555426230893914, 14.59402995140084158, -5.899999999999991473 ) ) ;
#2562 = EDGE_CURVE ( 'NONE', #2363, #1166, #1991, .T. ) ;
#2563 = CARTESIAN_POINT ( 'NONE',  ( 36.04999999999984084, -6.684062043356602700, 34.50000000000001421 ) ) ;
#2564 = ORIENTED_EDGE ( 'NONE', *, *, #1955, .F. ) ;
#2565 = AXIS2_PLACEMENT_3D ( 'NONE', #107, #1321, #122 ) ;
#2566 = DIRECTION ( 'NONE',  ( 0.000000000000000000, 0.000000000000000000, -1.000000000000000000 ) ) ;
#2567 = EDGE_CURVE ( 'NONE', #754, #1727, #1796, .T. ) ;
#2568 = CARTESIAN_POINT ( 'NONE',  ( 9.499999999999991118, 0.000000000000000000, 33.44999999999999574 ) ) ;
#2569 = CARTESIAN_POINT ( 'NONE',  ( -34.44740057443294745, 14.46865156647801953, -2.199999999999990852 ) ) ;
#2570 = CIRCLE ( 'NONE', #2126, 4.000000000000000000 ) ;
#2571 = CARTESIAN_POINT ( 'NONE',  ( 36.05000000000000426, 0.000000000000000000, -36.04999999999984794 ) ) ;
#2572 = AXIS2_PLACEMENT_3D ( 'NONE', #3198, #1089, #234 ) ;
#2573 = VECTOR ( 'NONE', #2869, 1000.000000000000000 ) ;
#2574 = ORIENTED_EDGE ( 'NONE', *, *, #3641, .T. ) ;
#2575 = CARTESIAN_POINT ( 'NONE',  ( -28.73987316190740771, 10.64032805047171415, -14.25478005426944073 ) ) ;
#2576 = VECTOR ( 'NONE', #602, 1000.000000000000000 ) ;
#2577 = DIRECTION ( 'NONE',  ( 1.000000000000000000, 0.000000000000000000, -0.000000000000000000 ) ) ;
#2578 = AXIS2_PLACEMENT_3D ( 'NONE', #1084, #2976, #2315 ) ;
#2579 = ORIENTED_EDGE ( 'NONE', *, *, #1377, .T. ) ;
#2580 = CARTESIAN_POINT ( 'NONE',  ( -36.05000000000001137, 0.000000000000000000, 37.59999999999984510 ) ) ;
#2581 = DIRECTION ( 'NONE',  ( 0.000000000000000000, 0.000000000000000000, 1.000000000000000000 ) ) ;
#2582 = VERTEX_POINT ( 'NONE', #2789 ) ;
#2583 = AXIS2_PLACEMENT_3D ( 'NONE', #1020, #3214, #2294 ) ;
#2584 = CARTESIAN_POINT ( 'NONE',  ( 3.814774779344004756E-15, 0.000000000000000000, -31.15000000000000213 ) ) ;
#2585 = CLOSED_SHELL ( 'NONE', ( #1682, #1570, #3436, #3476, #1530, #506, #1067, #2282, #554, #2008, #2352, #1894, #164, #91, #2932, #663, #1826, #461, #2274, #259, #692, #1476, #241, #101, #484, #3971, #3080, #1401, #3057, #3967, #2611, #1407, #3237, #2227, #3280, #414, #3381, #1710, #780, #2551, #1273, #2517, #2094, #2661, #968, #313, #980, #2753, #2278, #23, #1264, #3558, #931, #2346, #3309, #2629, #1851, #1243, #1066, #3503, #3196, #3623, #975, #2589, #2209, #564, #756, #3578, #821, #1911, #242, #925, #3133, #419, #2420, #1063, #120, #2593, #1660, #2668, #3116, #2549, #3553, #439, #848, #1164, #597, #3795, #3872, #3573, #3345, #1002, #2081 ) ) ;
#2586 = CARTESIAN_POINT ( 'NONE',  ( -31.14999999999998082, -1.800000000000000044, -35.15000000000000568 ) ) ;
#2587 = CYLINDRICAL_SURFACE ( 'NONE', #3270, 2.299999999999999822 ) ;
#2588 = CARTESIAN_POINT ( 'NONE',  ( -36.04999999999984794, -0.2999999999999999334, -36.05000000000000426 ) ) ;
#2589 = ADVANCED_FACE ( 'NONE', ( #2104 ), #1261, .F. ) ;
#2590 = VECTOR ( 'NONE', #1909, 1000.000000000000000 ) ;
#2591 = CARTESIAN_POINT ( 'NONE',  ( 8.500000000000000000, -26.84966131682163137, 9.403927464937319686E-16 ) ) ;
#2592 = DIRECTION ( 'NONE',  ( -0.000000000000000000, 1.000000000000000000, -0.000000000000000000 ) ) ;
#2593 = ADVANCED_FACE ( 'NONE', ( #2487 ), #2426, .F. ) ;
#2594 = VERTEX_POINT ( 'NONE', #2742 ) ;
#2595 = DIRECTION ( 'NONE',  ( 0.000000000000000000, -1.000000000000000000, 0.000000000000000000 ) ) ;
#2596 = DIRECTION ( 'NONE',  ( 0.000000000000000000, 1.000000000000000000, 0.000000000000000000 ) ) ;
#2597 = ORIENTED_EDGE ( 'NONE', *, *, #3900, .F. ) ;
#2598 = DIRECTION ( 'NONE',  ( 0.000000000000000000, -1.000000000000000000, 0.000000000000000000 ) ) ;
#2599 = EDGE_LOOP ( 'NONE', ( #2418, #1090, #1351, #1322 ) ) ;
#2600 = ORIENTED_EDGE ( 'NONE', *, *, #3557, .T. ) ;
#2601 = DIRECTION ( 'NONE',  ( -0.000000000000000000, -1.000000000000000000, 0.000000000000000000 ) ) ;
#2602 = CARTESIAN_POINT ( 'NONE',  ( -29.39452206835744619, 12.53790887295463818, -13.22668486890348483 ) ) ;
#2603 = ORIENTED_EDGE ( 'NONE', *, *, #3472, .T. ) ;
#2604 = CARTESIAN_POINT ( 'NONE',  ( 31.14999999999999503, -1.800000000000000044, -31.15000000000000924 ) ) ;
#2605 = DIRECTION ( 'NONE',  ( 0.000000000000000000, -0.000000000000000000, -1.000000000000000000 ) ) ;
#2606 = CARTESIAN_POINT ( 'NONE',  ( 32.07261292754301962, 0.000000000000000000, 9.499999999999996447 ) ) ;
#2607 = CARTESIAN_POINT ( 'NONE',  ( 33.44999999999999574, -1.800000000000000044, 31.14999999999996660 ) ) ;
#2608 = CARTESIAN_POINT ( 'NONE',  ( -30.65374970895737761, 11.58382678775534558, -2.484439289912172111 ) ) ;
#2609 = ORIENTED_EDGE ( 'NONE', *, *, #2885, .T. ) ;
#2610 = CYLINDRICAL_SURFACE ( 'NONE', #2578, 3.250000000000002665 ) ;
#2611 = ADVANCED_FACE ( 'NONE', ( #1495 ), #2806, .F. ) ;
#2612 = EDGE_CURVE ( 'NONE', #3463, #2366, #399, .T. ) ;
#2613 = DIRECTION ( 'NONE',  ( 0.000000000000000000, 1.000000000000000000, 0.000000000000000000 ) ) ;
#2614 = DIRECTION ( 'NONE',  ( 0.000000000000000000, 0.000000000000000000, 1.000000000000000000 ) ) ;
#2615 = ORIENTED_EDGE ( 'NONE', *, *, #1144, .T. ) ;
#2616 = ORIENTED_EDGE ( 'NONE', *, *, #113, .T. ) ;
#2617 = DIRECTION ( 'NONE',  ( 0.000000000000000000, -0.8074336468346648976, 0.5899583934136996000 ) ) ;
#2618 = LINE ( 'NONE', #1117, #1736 ) ;
#2619 = ORIENTED_EDGE ( 'NONE', *, *, #2712, .F. ) ;
#2620 = ORIENTED_EDGE ( 'NONE', *, *, #3157, .F. ) ;
#2621 = VERTEX_POINT ( 'NONE', #1279 ) ;
#2622 = DIRECTION ( 'NONE',  ( 0.000000000000000000, 0.000000000000000000, -1.000000000000000000 ) ) ;
#2623 = LINE ( 'NONE', #2944, #3075 ) ;
#2624 = CARTESIAN_POINT ( 'NONE',  ( -34.82721678249176023, 12.84493812683608560, -10.16620898205272461 ) ) ;
#2625 = CARTESIAN_POINT ( 'NONE',  ( -36.04999999999984794, 0.000000000000000000, -36.05000000000000426 ) ) ;
#2626 = LINE ( 'NONE', #2109, #453 ) ;
#2627 = EDGE_LOOP ( 'NONE', ( #1077, #30, #2728, #3889 ) ) ;
#2628 = CARTESIAN_POINT ( 'NONE',  ( -30.01717819001800791, 11.56829556107460277, -6.399354131389302758 ) ) ;
#2629 = ADVANCED_FACE ( 'NONE', ( #3628 ), #3369, .F. ) ;
#2630 = LINE ( 'NONE', #2954, #1958 ) ;
#2631 = VECTOR ( 'NONE', #1153, 1000.000000000000000 ) ;
#2632 = VECTOR ( 'NONE', #2343, 1000.000000000000000 ) ;
#2633 = FACE_BOUND ( 'NONE', #394, .T. ) ;
#2634 = ORIENTED_EDGE ( 'NONE', *, *, #2907, .F. ) ;
#2635 = EDGE_CURVE ( 'NONE', #1448, #2218, #3658, .T. ) ;
#2636 = EDGE_CURVE ( 'NONE', #1087, #1333, #1404, .T. ) ;
#2637 = VECTOR ( 'NONE', #1801, 1000.000000000000000 ) ;
#2638 = CARTESIAN_POINT ( 'NONE',  ( -34.00000000000001421, -1.800000000000000044, -4.999999999999992006 ) ) ;
#2639 = DIRECTION ( 'NONE',  ( 0.000000000000000000, 0.000000000000000000, -1.000000000000000000 ) ) ;
#2640 = ORIENTED_EDGE ( 'NONE', *, *, #1590, .F. ) ;
#2641 = VECTOR ( 'NONE', #231, 1000.000000000000000 ) ;
#2642 = VERTEX_POINT ( 'NONE', #578 ) ;
#2643 = EDGE_CURVE ( 'NONE', #1499, #2263, #3469, .T. ) ;
#2644 = ORIENTED_EDGE ( 'NONE', *, *, #657, .F. ) ;
#2645 = CARTESIAN_POINT ( 'NONE',  ( 9.215994020926759234, 0.000000000000000000, -31.11379041849838956 ) ) ;
#2646 = CIRCLE ( 'NONE', #3674, 1.000000000000000888 ) ;
#2647 = PLANE ( 'NONE',  #2191 ) ;
#2648 = CARTESIAN_POINT ( 'NONE',  ( -30.71115687171807807, 13.92338202592116581, -10.35344795124712824 ) ) ;
#2649 = EDGE_CURVE ( 'NONE', #3620, #2658, #3955, .T. ) ;
#2650 = CARTESIAN_POINT ( 'NONE',  ( -37.26598994746760241, 12.46487105407607565, -8.175999909336612248 ) ) ;
#2651 = DIRECTION ( 'NONE',  ( 0.000000000000000000, -1.000000000000000000, 0.000000000000000000 ) ) ;
#2652 = ORIENTED_EDGE ( 'NONE', *, *, #1353, .F. ) ;
#2653 = CIRCLE ( 'NONE', #1628, 1.550000000000002709 ) ;
#2654 = CARTESIAN_POINT ( 'NONE',  ( -29.64933302169194107, 13.33647196532943724, -8.661601916590656813 ) ) ;
#2656 = CARTESIAN_POINT ( 'NONE',  ( -31.14999999999998082, -1.800000000000000044, -33.45000000000000995 ) ) ;
#2655 = AXIS2_PLACEMENT_3D ( 'NONE', #563, #3577, #2945 ) ;
#2657 = CYLINDRICAL_SURFACE ( 'NONE', #2967, 1.550000000000002709 ) ;
#2658 = VERTEX_POINT ( 'NONE', #3645 ) ;
#2659 = ORIENTED_EDGE ( 'NONE', *, *, #488, .F. ) ;
#2660 = DIRECTION ( 'NONE',  ( -0.000000000000000000, 1.000000000000000000, -0.000000000000000000 ) ) ;
#2661 = ADVANCED_FACE ( 'NONE', ( #1563 ), #2123, .T. ) ;
#2662 = AXIS2_PLACEMENT_3D ( 'NONE', #3071, #909, #290 ) ;
#2663 = EDGE_LOOP ( 'NONE', ( #2996, #575 ) ) ;
#2664 = ORIENTED_EDGE ( 'NONE', *, *, #1482, .F. ) ;
#2665 = DIRECTION ( 'NONE',  ( 0.000000000000000000, -1.000000000000000000, 0.000000000000000000 ) ) ;
#2666 = DIRECTION ( 'NONE',  ( -0.000000000000000000, -0.000000000000000000, -1.000000000000000000 ) ) ;
#2667 = EDGE_CURVE ( 'NONE', #1672, #2228, #3669, .T. ) ;
#2668 = ADVANCED_FACE ( 'NONE', ( #2470 ), #3692, .F. ) ;
#2669 = FACE_OUTER_BOUND ( 'NONE', #3132, .T. ) ;
#2670 = CARTESIAN_POINT ( 'NONE',  ( -37.14329013600764995, 12.64841335563757951, -12.05251993498829144 ) ) ;
#2671 = FACE_OUTER_BOUND ( 'NONE', #2119, .T. ) ;
#2672 = ORIENTED_EDGE ( 'NONE', *, *, #3252, .F. ) ;
#2673 = CARTESIAN_POINT ( 'NONE',  ( -30.38888945303884626, 14.60000000000000320, -4.113329863811155285 ) ) ;
#2674 = CARTESIAN_POINT ( 'NONE',  ( -28.70000000000000995, 9.950000000000002842, -14.49999999999999289 ) ) ;
#2675 = ORIENTED_EDGE ( 'NONE', *, *, #584, .F. ) ;
#2676 = ORIENTED_EDGE ( 'NONE', *, *, #2543, .F. ) ;
#2677 = CARTESIAN_POINT ( 'NONE',  ( -35.15000000000000568, -1.800000000000000044, -31.14999999999998082 ) ) ;
#2678 = ORIENTED_EDGE ( 'NONE', *, *, #1381, .F. ) ;
#2679 = EDGE_CURVE ( 'NONE', #483, #3449, #1471, .T. ) ;
#2680 = DIRECTION ( 'NONE',  ( 0.000000000000000000, 0.000000000000000000, 1.000000000000000000 ) ) ;
#2681 = CARTESIAN_POINT ( 'NONE',  ( -33.35000000000000853, 9.950000000000001066, -14.49999999999999289 ) ) ;
#2682 = DIRECTION ( 'NONE',  ( 0.000000000000000000, 0.000000000000000000, 1.000000000000000000 ) ) ;
#2683 = EDGE_CURVE ( 'NONE', #519, #2855, #3726, .T. ) ;
#2684 = CARTESIAN_POINT ( 'NONE',  ( -35.02194947705626760, 14.29139606013833763, -6.157187426815930564 ) ) ;
#2685 = DIRECTION ( 'NONE',  ( -0.000000000000000000, 1.000000000000000000, -0.000000000000000000 ) ) ;
#2686 = VERTEX_POINT ( 'NONE', #982 ) ;
#2687 = LINE ( 'NONE', #1224, #3800 ) ;
#2688 = EDGE_CURVE ( 'NONE', #1274, #3242, #1541, .T. ) ;
#2689 = CIRCLE ( 'NONE', #581, 1.000000000000000888 ) ;
#2690 = CARTESIAN_POINT ( 'NONE',  ( 31.11379041849838600, -1.799999999999999600, -9.215994020926753905 ) ) ;
#2691 = AXIS2_PLACEMENT_3D ( 'NONE', #787, #562, #1178 ) ;
#2692 = ORIENTED_EDGE ( 'NONE', *, *, #2491, .T. ) ;
#2693 = DIRECTION ( 'NONE',  ( 1.398970545142585555E-16, -0.000000000000000000, 1.000000000000000000 ) ) ;
#2694 = CARTESIAN_POINT ( 'NONE',  ( -29.52025657222439392, 12.58749363628133011, -9.442015844478522268 ) ) ;
#2695 = ORIENTED_EDGE ( 'NONE', *, *, #1238, .F. ) ;
#2696 = CIRCLE ( 'NONE', #2831, 4.000000000000000000 ) ;
#2697 = ORIENTED_EDGE ( 'NONE', *, *, #2958, .F. ) ;
#2698 = CARTESIAN_POINT ( 'NONE',  ( -36.05000000000001137, -6.684062043356602700, 36.04999999999984084 ) ) ;
#2699 = CARTESIAN_POINT ( 'NONE',  ( -34.00000000000001421, -1.800000000000000044, -6.099999999999981881 ) ) ;
#2700 = AXIS2_PLACEMENT_3D ( 'NONE', #2877, #1054, #441 ) ;
#2701 = LINE ( 'NONE', #580, #1180 ) ;
#2702 = CIRCLE ( 'NONE', #2521, 3.250000000000002665 ) ;
#2703 = AXIS2_PLACEMENT_3D ( 'NONE', #289, #1205, #763 ) ;
#2704 = CARTESIAN_POINT ( 'NONE',  ( -37.68499168463015536, 11.63236419792958998, -10.16426702300382523 ) ) ;
#2705 = DIRECTION ( 'NONE',  ( 0.000000000000000000, -0.000000000000000000, -1.000000000000000000 ) ) ;
#2706 = EDGE_CURVE ( 'NONE', #1069, #3048, #3786, .T. ) ;
#2707 = ORIENTED_EDGE ( 'NONE', *, *, #2319, .T. ) ;
#2708 = DIRECTION ( 'NONE',  ( -0.000000000000000000, -0.000000000000000000, 1.000000000000000000 ) ) ;
#2709 = CARTESIAN_POINT ( 'NONE',  ( 32.07261292754301962, -1.799999999999999600, 8.500000000000000000 ) ) ;
#2710 = DIRECTION ( 'NONE',  ( 0.000000000000000000, -1.000000000000000000, 0.000000000000000000 ) ) ;
#2711 = EDGE_CURVE ( 'NONE', #3143, #1890, #779, .T. ) ;
#2712 = EDGE_CURVE ( 'NONE', #1848, #1818, #157, .T. ) ;
#2713 = EDGE_CURVE ( 'NONE', #382, #154, #2886, .T. ) ;
#2714 = ORIENTED_EDGE ( 'NONE', *, *, #3255, .T. ) ;
#2715 = CARTESIAN_POINT ( 'NONE',  ( 8.500000000000003553, 0.000000000000000000, -32.45000000000000995 ) ) ;
#2716 = AXIS2_PLACEMENT_3D ( 'NONE', #1659, #2880, #2548 ) ;
#2717 = CARTESIAN_POINT ( 'NONE',  ( -29.48830979865051205, 12.54049342651476984, -9.775101285374894644 ) ) ;
#2718 = ORIENTED_EDGE ( 'NONE', *, *, #1293, .T. ) ;
#2719 = ORIENTED_EDGE ( 'NONE', *, *, #1359, .F. ) ;
#2720 = ORIENTED_EDGE ( 'NONE', *, *, #1834, .F. ) ;
#2721 = CYLINDRICAL_SURFACE ( 'NONE', #979, 3.799999999999998046 ) ;
#2722 = DIRECTION ( 'NONE',  ( 0.000000000000000000, 0.000000000000000000, -1.000000000000000000 ) ) ;
#2723 = CIRCLE ( 'NONE', #44, 0.7000000000000009548 ) ;
#2724 = CARTESIAN_POINT ( 'NONE',  ( 35.14999999999999147, -1.800000000000000044, 31.14999999999996660 ) ) ;
#2725 = ORIENTED_EDGE ( 'NONE', *, *, #1929, .T. ) ;
#2726 = CARTESIAN_POINT ( 'NONE',  ( -33.58555426230893914, 13.19145248145150262, -8.749999999999994671 ) ) ;
#2727 = CARTESIAN_POINT ( 'NONE',  ( -30.38888945303884626, 11.60000000000000142, -4.113329863811162390 ) ) ;
#2728 = ORIENTED_EDGE ( 'NONE', *, *, #2808, .F. ) ;
#2729 = CARTESIAN_POINT ( 'NONE',  ( -33.13528080237578166, 14.60000000000000142, -5.063383954182826052 ) ) ;
#2730 = DIRECTION ( 'NONE',  ( 0.000000000000000000, 0.000000000000000000, -1.000000000000000000 ) ) ;
#2731 = EDGE_CURVE ( 'NONE', #310, #2188, #702, .T. ) ;
#2732 = DIRECTION ( 'NONE',  ( -0.000000000000000000, -1.000000000000000000, 0.000000000000000000 ) ) ;
#2733 = DIRECTION ( 'NONE',  ( 0.000000000000000000, 1.000000000000000000, 0.000000000000000000 ) ) ;
#2734 = ORIENTED_EDGE ( 'NONE', *, *, #2253, .F. ) ;
#2735 = FACE_BOUND ( 'NONE', #935, .T. ) ;
#2736 = EDGE_CURVE ( 'NONE', #191, #1716, #2055, .T. ) ;
#2737 = CC_DESIGN_PERSON_AND_ORGANIZATION_ASSIGNMENT ( #39, #376, ( #2341 ) ) ;
#2738 = LINE ( 'NONE', #2164, #3213 ) ;
#2739 = VERTEX_POINT ( 'NONE', #2287 ) ;
#2740 = EDGE_LOOP ( 'NONE', ( #2842, #1076, #3821, #1437 ) ) ;
#2741 = DIRECTION ( 'NONE',  ( -1.000000000000000000, 0.000000000000000000, -0.000000000000000000 ) ) ;
#2742 = CARTESIAN_POINT ( 'NONE',  ( 36.04999999999984084, 0.000000000000000000, 37.60000000000000853 ) ) ;
#2743 = ORIENTED_EDGE ( 'NONE', *, *, #189, .F. ) ;
#2744 = DIRECTION ( 'NONE',  ( -0.000000000000000000, 1.000000000000000000, -0.000000000000000000 ) ) ;
#2745 = ORIENTED_EDGE ( 'NONE', *, *, #642, .T. ) ;
#2746 = CARTESIAN_POINT ( 'NONE',  ( -33.42257571239843372, 13.20329602761360910, -11.24999999999998757 ) ) ;
#2747 = CYLINDRICAL_SURFACE ( 'NONE', #3142, 4.650000000000001243 ) ;
#2748 = ORIENTED_EDGE ( 'NONE', *, *, #2612, .F. ) ;
#2749 = CARTESIAN_POINT ( 'NONE',  ( 32.44999999999999574, 0.000000000000000000, 9.500000000000000000 ) ) ;
#2750 = CARTESIAN_POINT ( 'NONE',  ( -34.00000000000001421, -1.800000000000000044, -3.900000000000002576 ) ) ;
#2751 = DIRECTION ( 'NONE',  ( 0.000000000000000000, 0.000000000000000000, -1.000000000000000000 ) ) ;
#2752 = LINE ( 'NONE', #634, #2914 ) ;
#2753 = ADVANCED_FACE ( 'NONE', ( #1014 ), #1642, .T. ) ;
#2754 = EDGE_LOOP ( 'NONE', ( #2502, #2215, #2829, #3518 ) ) ;
#2755 = DIRECTION ( 'NONE',  ( 0.000000000000000000, -1.000000000000000000, 0.000000000000000000 ) ) ;
#2756 = CIRCLE ( 'NONE', #2565, 4.650000000000001243 ) ;
#2757 = CARTESIAN_POINT ( 'NONE',  ( 32.07261292754301962, 0.000000000000000000, -8.500000000000000000 ) ) ;
#2758 = VECTOR ( 'NONE', #425, 1000.000000000000000 ) ;
#2759 = EDGE_CURVE ( 'NONE', #1855, #2263, #2531, .T. ) ;
#2760 = ORIENTED_EDGE ( 'NONE', *, *, #2497, .T. ) ;
#2761 = VERTEX_POINT ( 'NONE', #116 ) ;
#2762 = ORIENTED_EDGE ( 'NONE', *, *, #3622, .T. ) ;
#2763 = AXIS2_PLACEMENT_3D ( 'NONE', #2501, #682, #1430 ) ;
#2764 = CARTESIAN_POINT ( 'NONE',  ( 35.14999999999999147, 0.000000000000000000, -31.14999999999998082 ) ) ;
#2765 = DIRECTION ( 'NONE',  ( 0.000000000000000000, -0.000000000000000000, -1.000000000000000000 ) ) ;
#2766 = DIRECTION ( 'NONE',  ( -0.000000000000000000, 1.000000000000000000, -0.000000000000000000 ) ) ;
#2767 = EDGE_CURVE ( 'NONE', #1602, #2968, #1286, .T. ) ;
#2768 = AXIS2_PLACEMENT_3D ( 'NONE', #3735, #1304, #2566 ) ;
#2769 = DIRECTION ( 'NONE',  ( -0.000000000000000000, -1.000000000000000000, 0.000000000000000000 ) ) ;
#2770 = AXIS2_PLACEMENT_3D ( 'NONE', #503, #2969, #223 ) ;
#2771 = DIRECTION ( 'NONE',  ( 1.000000000000000000, 0.000000000000000000, 0.000000000000000000 ) ) ;
#2772 = AXIS2_PLACEMENT_3D ( 'NONE', #3963, #3335, #3551 ) ;
#2773 = ORIENTED_EDGE ( 'NONE', *, *, #1085, .F. ) ;
#2774 = CARTESIAN_POINT ( 'NONE',  ( 32.07261292754301962, 0.000000000000000000, 8.500000000000000000 ) ) ;
#2775 = CARTESIAN_POINT ( 'NONE',  ( 31.14999999999999503, 0.000000000000000000, -31.15000000000000924 ) ) ;
#2776 = DIRECTION ( 'NONE',  ( -1.000000000000000000, 0.000000000000000000, 0.000000000000000000 ) ) ;
#2777 = AXIS2_PLACEMENT_3D ( 'NONE', #185, #868, #1479 ) ;
#2778 = CARTESIAN_POINT ( 'NONE',  ( -28.80802839487632028, 0.000000000000000000, -16.00000000000000000 ) ) ;
#2779 = ORIENTED_EDGE ( 'NONE', *, *, #1126, .F. ) ;
#2780 = ORIENTED_EDGE ( 'NONE', *, *, #1535, .T. ) ;
#2781 = APPROVAL_DATE_TIME ( #3122, #3874 ) ;
#2782 = CARTESIAN_POINT ( 'NONE',  ( -9.499999999999994671, -1.800000000000000044, -33.45000000000000995 ) ) ;
#2783 = ORIENTED_EDGE ( 'NONE', *, *, #336, .T. ) ;
#2784 = ORIENTED_EDGE ( 'NONE', *, *, #1244, .T. ) ;
#2785 = ORIENTED_EDGE ( 'NONE', *, *, #1044, .F. ) ;
#2786 = AXIS2_PLACEMENT_3D ( 'NONE', #1474, #826, #1160 ) ;
#2787 = CARTESIAN_POINT ( 'NONE',  ( -33.35000000000000853, 9.950000000000001066, 39.90000000000000568 ) ) ;
#2788 = EDGE_CURVE ( 'NONE', #3034, #1818, #1349, .T. ) ;
#2789 = CARTESIAN_POINT ( 'NONE',  ( 36.04999999999984084, 0.000000000000000000, 34.50000000000001421 ) ) ;
#2790 = DIRECTION ( 'NONE',  ( -0.000000000000000000, 1.000000000000000000, -0.000000000000000000 ) ) ;
#2791 = ORIENTED_EDGE ( 'NONE', *, *, #3622, .F. ) ;
#2792 = CARTESIAN_POINT ( 'NONE',  ( -31.15000000000000924, -1.800000000000000044, -31.15000000000000924 ) ) ;
#2793 = EDGE_CURVE ( 'NONE', #3528, #2582, #403, .T. ) ;
#2794 = EDGE_CURVE ( 'NONE', #3199, #2912, #2267, .T. ) ;
#2795 = DIRECTION ( 'NONE',  ( 0.000000000000000000, 0.000000000000000000, 1.000000000000000000 ) ) ;
#2796 = ORIENTED_EDGE ( 'NONE', *, *, #3772, .T. ) ;
#2797 = FACE_OUTER_BOUND ( 'NONE', #3625, .T. ) ;
#2798 = CARTESIAN_POINT ( 'NONE',  ( 8.499999999999996447, 0.000000000000000000, 32.44999999999999574 ) ) ;
#2799 = CYLINDRICAL_SURFACE ( 'NONE', #3361, 4.000000000000000000 ) ;
#2800 = ORIENTED_EDGE ( 'NONE', *, *, #1833, .T. ) ;
#2801 = DIRECTION ( 'NONE',  ( 0.000000000000000000, -1.000000000000000000, 0.000000000000000000 ) ) ;
#2802 = DIRECTION ( 'NONE',  ( 0.000000000000000000, 0.000000000000000000, -1.000000000000000000 ) ) ;
#2803 = ORIENTED_EDGE ( 'NONE', *, *, #2839, .T. ) ;
#2804 = ORIENTED_EDGE ( 'NONE', *, *, #3182, .T. ) ;
#2805 = LINE ( 'NONE', #1641, #1109 ) ;
#2806 = PLANE ( 'NONE',  #1410 ) ;
#2807 = DIRECTION ( 'NONE',  ( 0.000000000000000000, 0.000000000000000000, 1.000000000000000000 ) ) ;
#2808 = EDGE_CURVE ( 'NONE', #3626, #2078, #3535, .T. ) ;
#2809 = CARTESIAN_POINT ( 'NONE',  ( -33.25765899627141664, 13.20225970400011839, -8.782599500791954839 ) ) ;
#2810 = LINE ( 'NONE', #3650, #3145 ) ;
#2811 = ORIENTED_EDGE ( 'NONE', *, *, #683, .T. ) ;
#2812 = DIRECTION ( 'NONE',  ( 0.000000000000000000, -1.000000000000000000, 0.000000000000000000 ) ) ;
#2813 = CARTESIAN_POINT ( 'NONE',  ( 9.215994020926752128, -5.200000000000000178, 31.11379041849839311 ) ) ;
#2814 = CARTESIAN_POINT ( 'NONE',  ( 0.000000000000000000, -5.200000000000000178, 0.000000000000000000 ) ) ;
#2815 = EDGE_CURVE ( 'NONE', #1230, #2466, #75, .T. ) ;
#2816 = ORIENTED_EDGE ( 'NONE', *, *, #1810, .F. ) ;
#2817 = LINE ( 'NONE', #2541, #3928 ) ;
#2818 = CALENDAR_DATE ( 2026, 14, 9 ) ;
#2819 = DIRECTION ( 'NONE',  ( -0.000000000000000000, 0.000000000000000000, -1.000000000000000000 ) ) ;
#2820 = ORIENTED_EDGE ( 'NONE', *, *, #1460, .F. ) ;
#2821 = DIRECTION ( 'NONE',  ( -1.000000000000000000, -0.000000000000000000, -0.000000000000000000 ) ) ;
#2822 = VECTOR ( 'NONE', #1246, 1000.000000000000000 ) ;
#2823 = DIRECTION ( 'NONE',  ( 0.000000000000000000, 0.000000000000000000, 1.000000000000000000 ) ) ;
#2824 = ORIENTED_EDGE ( 'NONE', *, *, #1091, .T. ) ;
#2825 = VECTOR ( 'NONE', #21, 1000.000000000000000 ) ;
#2826 = FACE_OUTER_BOUND ( 'NONE', #3760, .T. ) ;
#2827 = DIRECTION ( 'NONE',  ( 0.000000000000000000, 0.000000000000000000, 1.000000000000000000 ) ) ;
#2828 = AXIS2_PLACEMENT_3D ( 'NONE', #2873, #1920, #1314 ) ;
#2829 = ORIENTED_EDGE ( 'NONE', *, *, #2374, .T. ) ;
#2830 = ORIENTED_EDGE ( 'NONE', *, *, #2839, .F. ) ;
#2831 = AXIS2_PLACEMENT_3D ( 'NONE', #1946, #1004, #2234 ) ;
#2832 = LINE ( 'NONE', #1629, #207 ) ;
#2833 = CARTESIAN_POINT ( 'NONE',  ( -36.10000000000001563, -0.3000000000000001554, 36.10000000000000853 ) ) ;
#2834 = EDGE_CURVE ( 'NONE', #2078, #3626, #3855, .T. ) ;
#2835 = DIRECTION ( 'NONE',  ( 0.000000000000000000, 0.000000000000000000, -1.000000000000000000 ) ) ;
#2836 = CIRCLE ( 'NONE', #2700, 32.45000000000000284 ) ;
#2837 = VERTEX_POINT ( 'NONE', #442 ) ;
#2838 = CARTESIAN_POINT ( 'NONE',  ( -29.18299718457486591, 12.36803829197079097, -11.52956731486766095 ) ) ;
#2839 = EDGE_CURVE ( 'NONE', #3711, #58, #1544, .T. ) ;
#2840 = EDGE_CURVE ( 'NONE', #1258, #1191, #1055, .T. ) ;
#2841 = CARTESIAN_POINT ( 'NONE',  ( -33.45000000000000995, 0.000000000000000000, -31.14999999999998082 ) ) ;
#2842 = ORIENTED_EDGE ( 'NONE', *, *, #577, .F. ) ;
#2843 = FACE_OUTER_BOUND ( 'NONE', #2124, .T. ) ;
#2844 = CARTESIAN_POINT ( 'NONE',  ( 0.000000000000000000, 0.5999999999999963141, 0.000000000000000000 ) ) ;
#2845 = ORIENTED_EDGE ( 'NONE', *, *, #1934, .F. ) ;
#2846 = LINE ( 'NONE', #1603, #482 ) ;
#2847 = AXIS2_PLACEMENT_3D ( 'NONE', #1132, #2016, #1755 ) ;
#2848 = CARTESIAN_POINT ( 'NONE',  ( 0.000000000000000000, 0.5999999999999998668, 0.000000000000000000 ) ) ;
#2849 = APPROVAL_PERSON_ORGANIZATION ( #1856, #3874, #1578 ) ;
#2850 = DIRECTION ( 'NONE',  ( -0.000000000000000000, 1.000000000000000000, -0.000000000000000000 ) ) ;
#2851 = ORIENTED_EDGE ( 'NONE', *, *, #2713, .F. ) ;
#2852 = DIRECTION ( 'NONE',  ( -1.106344407639684604E-16, 0.000000000000000000, 1.000000000000000000 ) ) ;
#2853 = DIRECTION ( 'NONE',  ( 1.000000000000000000, 0.000000000000000000, 1.290735142246298519E-16 ) ) ;
#2854 = AXIS2_PLACEMENT_3D ( 'NONE', #268, #2733, #2435 ) ;
#2855 = VERTEX_POINT ( 'NONE', #2022 ) ;
#2856 = CARTESIAN_POINT ( 'NONE',  ( -36.09999999999998721, 0.000000000000000000, 39.90000000000000568 ) ) ;
#2857 = CARTESIAN_POINT ( 'NONE',  ( 0.000000000000000000, -5.200000000000000178, 31.15000000000000213 ) ) ;
#2858 = ORIENTED_EDGE ( 'NONE', *, *, #3047, .T. ) ;
#2859 = ORIENTED_EDGE ( 'NONE', *, *, #2712, .T. ) ;
#2860 = EDGE_CURVE ( 'NONE', #2268, #748, #1453, .T. ) ;
#2861 = PRODUCT_RELATED_PRODUCT_CATEGORY ( 'detail', '', ( #2200 ) ) ;
#2862 = CARTESIAN_POINT ( 'NONE',  ( 0.000000000000000000, -1.799999999999999600, 0.000000000000000000 ) ) ;
#2863 = DIRECTION ( 'NONE',  ( -0.000000000000000000, 1.000000000000000000, -0.000000000000000000 ) ) ;
#2864 = ORIENTED_EDGE ( 'NONE', *, *, #1934, .T. ) ;
#2865 = DIRECTION ( 'NONE',  ( -0.000000000000000000, -0.000000000000000000, -1.000000000000000000 ) ) ;
#2866 = CARTESIAN_POINT ( 'NONE',  ( 0.000000000000000000, -5.200000000000000178, 0.000000000000000000 ) ) ;
#2867 = FACE_OUTER_BOUND ( 'NONE', #158, .T. ) ;
#2868 = VERTEX_POINT ( 'NONE', #1411 ) ;
#2869 = DIRECTION ( 'NONE',  ( -0.000000000000000000, -1.000000000000000000, -0.000000000000000000 ) ) ;
#2870 = CARTESIAN_POINT ( 'NONE',  ( 36.05000000000000426, -0.2999999999999999334, -36.04999999999984794 ) ) ;
#2871 = ORIENTED_EDGE ( 'NONE', *, *, #1294, .T. ) ;
#2872 = LINE ( 'NONE', #1879, #1747 ) ;
#2873 = CARTESIAN_POINT ( 'NONE',  ( 0.000000000000000000, 0.000000000000000000, 0.000000000000000000 ) ) ;
#2874 = ORIENTED_EDGE ( 'NONE', *, *, #1606, .T. ) ;
#2875 = ORIENTED_EDGE ( 'NONE', *, *, #2393, .T. ) ;
#2876 = ORIENTED_EDGE ( 'NONE', *, *, #2860, .T. ) ;
#2877 = CARTESIAN_POINT ( 'NONE',  ( 0.000000000000000000, -5.200000000000000178, 0.000000000000000000 ) ) ;
#2878 = DIRECTION ( 'NONE',  ( -1.000000000000000000, -0.000000000000000000, -0.000000000000000000 ) ) ;
#2879 = ORIENTED_EDGE ( 'NONE', *, *, #3357, .T. ) ;
#2880 = DIRECTION ( 'NONE',  ( 0.000000000000000000, 0.000000000000000000, 1.000000000000000000 ) ) ;
#2881 = VERTEX_POINT ( 'NONE', #2083 ) ;
#2882 = AXIS2_PLACEMENT_3D ( 'NONE', #1457, #1704, #3853 ) ;
#2883 = DIRECTION ( 'NONE',  ( -0.000000000000000000, -1.000000000000000000, -0.000000000000000000 ) ) ;
#2884 = DIRECTION ( 'NONE',  ( -0.000000000000000000, 1.000000000000000000, 0.000000000000000000 ) ) ;
#2885 = EDGE_CURVE ( 'NONE', #1138, #2950, #205, .T. ) ;
#2886 = CIRCLE ( 'NONE', #586, 3.799999999999998046 ) ;
#2887 = CARTESIAN_POINT ( 'NONE',  ( -36.04999999999984794, 0.000000000000000000, -37.60000000000000853 ) ) ;
#2888 = CIRCLE ( 'NONE', #1671, 1.549999999999995826 ) ;
#2889 = DIRECTION ( 'NONE',  ( 0.000000000000000000, 0.000000000000000000, -1.000000000000000000 ) ) ;
#2890 = CIRCLE ( 'NONE', #1802, 1.099999999999989875 ) ;
#2891 = ORIENTED_EDGE ( 'NONE', *, *, #1192, .T. ) ;
#2892 = CARTESIAN_POINT ( 'NONE',  ( -30.10000000000001208, 9.950000000000001066, -5.899999999999992362 ) ) ;
#2893 = AXIS2_PLACEMENT_3D ( 'NONE', #1456, #2064, #2622 ) ;
#2894 = DIRECTION ( 'NONE',  ( 0.000000000000000000, 0.000000000000000000, -1.000000000000000000 ) ) ;
#2895 = ORIENTED_EDGE ( 'NONE', *, *, #2122, .F. ) ;
#2896 = FACE_BOUND ( 'NONE', #82, .T. ) ;
#2897 = ORIENTED_EDGE ( 'NONE', *, *, #3321, .F. ) ;
#2898 = EDGE_LOOP ( 'NONE', ( #885, #2202, #2485, #1609 ) ) ;
#2899 = DIRECTION ( 'NONE',  ( -0.000000000000000000, -1.000000000000000000, 0.000000000000000000 ) ) ;
#2900 = DIRECTION ( 'NONE',  ( 0.000000000000000000, 0.000000000000000000, 1.000000000000000000 ) ) ;
#2901 = ORIENTED_EDGE ( 'NONE', *, *, #2643, .T. ) ;
#2902 = ORIENTED_EDGE ( 'NONE', *, *, #1793, .F. ) ;
#2903 = EDGE_CURVE ( 'NONE', #3875, #957, #1075, .T. ) ;
#2904 = DIRECTION ( 'NONE',  ( -1.000000000000000000, 0.000000000000000000, 0.000000000000000000 ) ) ;
#2905 = DIRECTION ( 'NONE',  ( -1.000000000000000000, -0.000000000000000000, -0.000000000000000000 ) ) ;
#2906 = DIRECTION ( 'NONE',  ( 0.000000000000000000, 0.000000000000000000, -1.000000000000000000 ) ) ;
#2907 = EDGE_CURVE ( 'NONE', #1388, #51, #3891, .T. ) ;
#2908 = EDGE_CURVE ( 'NONE', #3598, #3610, #2059, .T. ) ;
#2909 = AXIS2_PLACEMENT_3D ( 'NONE', #865, #1781, #202 ) ;
#2910 = DIRECTION ( 'NONE',  ( 0.000000000000000000, 0.000000000000000000, 1.000000000000000000 ) ) ;
#2911 = DIRECTION ( 'NONE',  ( -1.000000000000000000, -0.000000000000000000, -0.000000000000000000 ) ) ;
#2912 = VERTEX_POINT ( 'NONE', #1718 ) ;
#2913 = CARTESIAN_POINT ( 'NONE',  ( -30.20299530031386936, 11.60000000000201048, -5.256578903069747177 ) ) ;
#2914 = VECTOR ( 'NONE', #1853, 1000.000000000000000 ) ;
#2915 = LINE ( 'NONE', #1693, #3340 ) ;
#2916 = VERTEX_POINT ( 'NONE', #1760 ) ;
#2917 = CYLINDRICAL_SURFACE ( 'NONE', #3539, 31.15000000000000213 ) ;
#2918 = VERTEX_POINT ( 'NONE', #1371 ) ;
#2919 = EDGE_LOOP ( 'NONE', ( #2864, #360, #4, #3100 ) ) ;
#2920 = DIRECTION ( 'NONE',  ( 0.000000000000000000, -1.000000000000000000, 0.000000000000000000 ) ) ;
#2921 = DIRECTION ( 'NONE',  ( 0.000000000000000000, -1.000000000000000000, 0.000000000000000000 ) ) ;
#2922 = VERTEX_POINT ( 'NONE', #1737 ) ;
#2923 = ORIENTED_EDGE ( 'NONE', *, *, #1640, .T. ) ;
#2924 = ORIENTED_EDGE ( 'NONE', *, *, #892, .F. ) ;
#2925 = CARTESIAN_POINT ( 'NONE',  ( -32.09428895015759764, 14.43074144840762330, -13.82350664312213162 ) ) ;
#2926 = LINE ( 'NONE', #3934, #3916 ) ;
#2927 = CARTESIAN_POINT ( 'NONE',  ( 9.499999999999991118, -1.800000000000000044, 33.44999999999999574 ) ) ;
#2928 = ADVANCED_FACE ( 'NONE', ( #219 ), #1698, .F. ) ;
#2929 = CARTESIAN_POINT ( 'NONE',  ( -28.80802839487632028, -5.200000000000000178, -16.99999999999999289 ) ) ;
#2930 = FACE_OUTER_BOUND ( 'NONE', #3275, .T. ) ;
#2931 = EDGE_CURVE ( 'NONE', #1136, #3017, #2618, .T. ) ;
#2932 = ADVANCED_FACE ( 'NONE', ( #3587 ), #3830, .T. ) ;
#2933 = ORIENTED_EDGE ( 'NONE', *, *, #292, .F. ) ;
#2934 = CARTESIAN_POINT ( 'NONE',  ( 8.500000000000000000, -26.84966131682163137, 9.403927464937319686E-16 ) ) ;
#2935 = CARTESIAN_POINT ( 'NONE',  ( -34.00000000000001421, -1.800000000000000044, -4.999999999999992006 ) ) ;
#2936 = ORIENTED_EDGE ( 'NONE', *, *, #2711, .F. ) ;
#2937 = DIRECTION ( 'NONE',  ( 0.000000000000000000, 0.000000000000000000, -1.000000000000000000 ) ) ;
#2938 = ORIENTED_EDGE ( 'NONE', *, *, #3917, .T. ) ;
#2939 = DIRECTION ( 'NONE',  ( 0.000000000000000000, 0.000000000000000000, -1.000000000000000000 ) ) ;
#2940 = DIRECTION ( 'NONE',  ( -0.000000000000000000, -0.000000000000000000, -1.000000000000000000 ) ) ;
#2941 = ORIENTED_EDGE ( 'NONE', *, *, #2375, .T. ) ;
#2942 = VERTEX_POINT ( 'NONE', #2347 ) ;
#2943 = DIRECTION ( 'NONE',  ( -0.000000000000000000, 1.000000000000000000, -0.000000000000000000 ) ) ;
#2944 = CARTESIAN_POINT ( 'NONE',  ( 9.215994020926759234, -5.200000000000000178, -31.11379041849839666 ) ) ;
#2945 = DIRECTION ( 'NONE',  ( 0.000000000000000000, 0.000000000000000000, 1.000000000000000000 ) ) ;
#2946 = CIRCLE ( 'NONE', #2052, 0.9999999999999991118 ) ;
#2947 = CARTESIAN_POINT ( 'NONE',  ( -34.18248292741474614, 14.53427235722893585, -5.933217415166488706 ) ) ;
#2948 = LINE ( 'NONE', #585, #1883 ) ;
#2949 = AXIS2_PLACEMENT_3D ( 'NONE', #3268, #2044, #524 ) ;
#2950 = VERTEX_POINT ( 'NONE', #236 ) ;
#2951 = CARTESIAN_POINT ( 'NONE',  ( -31.31404859670291430, 14.16328867084563292, -9.037782622365853058 ) ) ;
#2952 = AXIS2_PLACEMENT_3D ( 'NONE', #3570, #2383, #195 ) ;
#2953 = EDGE_CURVE ( 'NONE', #1166, #58, #837, .T. ) ;
#2954 = CARTESIAN_POINT ( 'NONE',  ( 0.000000000000000000, 58.96854249492380262, -20.00000000000000000 ) ) ;
#2955 = CIRCLE ( 'NONE', #3663, 1.000000000000000888 ) ;
#2956 = DIRECTION ( 'NONE',  ( 0.000000000000000000, -1.000000000000000000, 0.000000000000000000 ) ) ;
#2957 = ORIENTED_EDGE ( 'NONE', *, *, #3772, .F. ) ;
#2958 = EDGE_CURVE ( 'NONE', #3242, #297, #1435, .T. ) ;
#2959 = EDGE_CURVE ( 'NONE', #1114, #249, #1475, .T. ) ;
#2960 = AXIS2_PLACEMENT_3D ( 'NONE', #3491, #3144, #1331 ) ;
#2961 = VECTOR ( 'NONE', #680, 1000.000000000000000 ) ;
#2962 = CARTESIAN_POINT ( 'NONE',  ( 9.499999999999991118, -1.800000000000000044, 32.44999999999999574 ) ) ;
#2963 = DIRECTION ( 'NONE',  ( 0.000000000000000000, -1.000000000000000000, 0.000000000000000000 ) ) ;
#2964 = ORIENTED_EDGE ( 'NONE', *, *, #831, .T. ) ;
#2965 = CIRCLE ( 'NONE', #1680, 2.299999999999999822 ) ;
#2966 = AXIS2_PLACEMENT_3D ( 'NONE', #3961, #906, #264 ) ;
#2967 = AXIS2_PLACEMENT_3D ( 'NONE', #3888, #1133, #2056 ) ;
#2968 = VERTEX_POINT ( 'NONE', #2998 ) ;
#2969 = DIRECTION ( 'NONE',  ( 0.000000000000000000, 1.000000000000000000, 0.000000000000000000 ) ) ;
#2970 = CIRCLE ( 'NONE', #917, 2.299999999999999822 ) ;
#2971 = DIRECTION ( 'NONE',  ( -0.000000000000000000, 1.000000000000000000, -0.000000000000000000 ) ) ;
#2972 = CARTESIAN_POINT ( 'NONE',  ( -32.70841011707393164, 14.55552520589421128, -5.994925949688318489 ) ) ;
#2973 = CARTESIAN_POINT ( 'NONE',  ( -37.46044863980755935, 12.13260524758857173, -8.636997165608629956 ) ) ;
#2974 = LINE ( 'NONE', #829, #1021 ) ;
#2975 = EDGE_LOOP ( 'NONE', ( #1415, #2783, #374, #41, #2990, #2811, #2985, #3848, #3067, #2858 ) ) ;
#2976 = DIRECTION ( 'NONE',  ( -0.000000000000000000, -0.000000000000000000, -1.000000000000000000 ) ) ;
#2977 = CARTESIAN_POINT ( 'NONE',  ( -33.58555426230893914, 16.50000000000000000, -9.999999999999991118 ) ) ;
#2978 = EDGE_CURVE ( 'NONE', #1788, #861, #2570, .T. ) ;
#2979 = CARTESIAN_POINT ( 'NONE',  ( -34.00000000000001421, 5.200000000000000178, -11.79999999999999183 ) ) ;
#2980 = VERTEX_POINT ( 'NONE', #860 ) ;
#2981 = CC_DESIGN_APPROVAL ( #3458, ( #1181 ) ) ;
#2982 = DIRECTION ( 'NONE',  ( 0.000000000000000000, 0.000000000000000000, -1.000000000000000000 ) ) ;
#2983 = CIRCLE ( 'NONE', #2662, 0.8000000000000020428 ) ;
#2984 = ORIENTED_EDGE ( 'NONE', *, *, #3767, .T. ) ;
#2985 = ORIENTED_EDGE ( 'NONE', *, *, #2401, .T. ) ;
#2986 = CARTESIAN_POINT ( 'NONE',  ( -30.77526386329888908, 13.83224968833282098, -13.00385296303593208 ) ) ;
#2987 = CARTESIAN_POINT ( 'NONE',  ( -39.90000000000001279, 1.699999999999999956, 36.09999999999998010 ) ) ;
#2988 = B_SPLINE_CURVE_WITH_KNOTS ( 'NONE', 3,
 ( #3077, #2402, #3968, #3058, #1467, #1491, #2717, #2694, #3624, #3689, #335, #1532, #14, #875, #572, #3951, #1257, #3386, #638, #659, #1193, #1859 ),
 .UNSPECIFIED., .F., .F.,
 ( 4, 2, 2, 2, 2, 2, 2, 2, 2, 2, 4 ),
 ( 0.01901059409216481269, 0.02001898303176934818, 0.02102737197137388367, 0.02153156644117615315, 0.02203576091097841916, 0.02304414985058295465, 0.02405253879018749014, 0.02506092772979202216, 0.02606931666939655765, 0.02657351113919882366, 0.02707770560900108966 ),
 .UNSPECIFIED. ) ;
#2989 = DIRECTION ( 'NONE',  ( -1.000000000000000000, -0.000000000000000000, 0.000000000000000000 ) ) ;
#2990 = ORIENTED_EDGE ( 'NONE', *, *, #48, .T. ) ;
#2991 = CARTESIAN_POINT ( 'NONE',  ( -37.56286983563896342, 11.91956099593933338, -11.00463655257100015 ) ) ;
#2992 = DIRECTION ( 'NONE',  ( 0.000000000000000000, -1.000000000000000000, 0.000000000000000000 ) ) ;
#2993 = ORIENTED_EDGE ( 'NONE', *, *, #211, .T. ) ;
#2994 = DIRECTION ( 'NONE',  ( -0.000000000000000000, 1.000000000000000000, -0.000000000000000000 ) ) ;
#2995 = CARTESIAN_POINT ( 'NONE',  ( -38.00000000000001421, 14.59999999999999964, -2.199999999999990408 ) ) ;
#2996 = ORIENTED_EDGE ( 'NONE', *, *, #1729, .F. ) ;
#2997 = ORIENTED_EDGE ( 'NONE', *, *, #2497, .F. ) ;
#2998 = CARTESIAN_POINT ( 'NONE',  ( 32.44999999999999574, 0.000000000000000000, -8.500000000000000000 ) ) ;
#2999 = EDGE_LOOP ( 'NONE', ( #3782, #3471 ) ) ;
#3000 = EDGE_LOOP ( 'NONE', ( #359, #3227, #617, #47, #1762, #1083, #1064, #2779 ) ) ;
#3001 = CARTESIAN_POINT ( 'NONE',  ( 36.05000000000000426, -0.2999999999999999334, -36.04999999999984794 ) ) ;
#3002 = EDGE_CURVE ( 'NONE', #104, #2481, #3170, .T. ) ;
#3003 = LINE ( 'NONE', #240, #714 ) ;
#3004 = CYLINDRICAL_SURFACE ( 'NONE', #678, 0.7000000000000009548 ) ;
#3005 = CARTESIAN_POINT ( 'NONE',  ( -30.72624101849554989, 12.02433054190693085, -2.199999999999991296 ) ) ;
#3006 = EDGE_CURVE ( 'NONE', #2327, #746, #3225, .T. ) ;
#3007 = DIRECTION ( 'NONE',  ( 0.000000000000000000, -1.000000000000000000, 0.000000000000000000 ) ) ;
#3008 = ORIENTED_EDGE ( 'NONE', *, *, #3950, .T. ) ;
#3009 = DIRECTION ( 'NONE',  ( 0.000000000000000000, -1.000000000000000000, 0.000000000000000000 ) ) ;
#3010 = AXIS2_PLACEMENT_3D ( 'NONE', #3298, #3915, #1163 ) ;
#3011 = DIRECTION ( 'NONE',  ( 0.000000000000000000, 0.000000000000000000, 1.000000000000000000 ) ) ;
#3012 = AXIS2_PLACEMENT_3D ( 'NONE', #3146, #2863, #2823 ) ;
#3013 = EDGE_LOOP ( 'NONE', ( #2350, #2240, #869, #2957, #35, #3589, #1306, #1213, #804, #520, #1835, #510, #3715, #1073, #3646, #955, #1734, #3248, #3926, #3029, #1805, #737, #687, #2349, #2050, #2040, #2748, #3060, #3187, #818, #462, #426, #3338, #3931, #1373, #3740, #2133, #1643, #3261, #3371, #3884, #438 ) ) ;
#3014 = ORIENTED_EDGE ( 'NONE', *, *, #1098, .T. ) ;
#3015 = VECTOR ( 'NONE', #1011, 1000.000000000000000 ) ;
#3016 = CARTESIAN_POINT ( 'NONE',  ( 39.89999999999998437, 1.699999999999999956, 36.09999999999998010 ) ) ;
#3017 = VERTEX_POINT ( 'NONE', #177 ) ;
#3018 = AXIS2_PLACEMENT_3D ( 'NONE', #1931, #1610, #1007 ) ;
#3019 = ORIENTED_EDGE ( 'NONE', *, *, #3504, .F. ) ;
#3020 = CARTESIAN_POINT ( 'NONE',  ( -36.09999999999998721, 1.699999999999999956, -39.89999999999999147 ) ) ;
#3021 = DIRECTION ( 'NONE',  ( 0.000000000000000000, 0.000000000000000000, -1.000000000000000000 ) ) ;
#3022 = ORIENTED_EDGE ( 'NONE', *, *, #2931, .T. ) ;
#3023 = VECTOR ( 'NONE', #200, 1000.000000000000000 ) ;
#3024 = CARTESIAN_POINT ( 'NONE',  ( -34.67493370145655973, 12.91848619778565954, -9.365781305722521211 ) ) ;
#3025 = EDGE_CURVE ( 'NONE', #1908, #1499, #1390, .T. ) ;
#3026 = AXIS2_PLACEMENT_3D ( 'NONE', #1116, #3846, #1370 ) ;
#3027 = CARTESIAN_POINT ( 'NONE',  ( -32.65397182247683361, 14.37280025965239538, -2.199999999999991740 ) ) ;
#3028 = CARTESIAN_POINT ( 'NONE',  ( 0.000000000000000000, -5.200000000000000178, 32.45000000000000284 ) ) ;
#3029 = ORIENTED_EDGE ( 'NONE', *, *, #1565, .T. ) ;
#3030 = DIRECTION ( 'NONE',  ( -0.000000000000000000, 1.000000000000000000, -0.000000000000000000 ) ) ;
#3031 = CARTESIAN_POINT ( 'NONE',  ( 32.07261292754301962, -26.84966131682163137, 8.500000000000000000 ) ) ;
#3032 = DIRECTION ( 'NONE',  ( 0.000000000000000000, 0.000000000000000000, -1.000000000000000000 ) ) ;
#3033 = DIRECTION ( 'NONE',  ( 1.000000000000000000, 0.000000000000000000, 0.000000000000000000 ) ) ;
#3034 = VERTEX_POINT ( 'NONE', #1790 ) ;
#3035 = FACE_OUTER_BOUND ( 'NONE', #2544, .T. ) ;
#3036 = AXIS2_PLACEMENT_3D ( 'NONE', #2428, #924, #670 ) ;
#3037 = CARTESIAN_POINT ( 'NONE',  ( 8.500000000000003553, -1.799999999999999600, -32.07261292754301962 ) ) ;
#3038 = ORIENTED_EDGE ( 'NONE', *, *, #1460, .T. ) ;
#3039 = EDGE_LOOP ( 'NONE', ( #961, #983, #2652, #2984 ) ) ;
#3040 = DIRECTION ( 'NONE',  ( -0.000000000000000000, 1.000000000000000000, -0.000000000000000000 ) ) ;
#3041 = DIRECTION ( 'NONE',  ( 0.000000000000000000, -1.000000000000000000, 0.000000000000000000 ) ) ;
#3042 = AXIS2_PLACEMENT_3D ( 'NONE', #68, #392, #1575 ) ;
#3043 = CARTESIAN_POINT ( 'NONE',  ( -36.04999999999984794, -6.684062043356602700, -37.60000000000000853 ) ) ;
#3044 = ORIENTED_EDGE ( 'NONE', *, *, #859, .T. ) ;
#3045 = CARTESIAN_POINT ( 'NONE',  ( -33.31760168519632259, 14.53756230191352294, -2.199999999999990852 ) ) ;
#3046 = FACE_OUTER_BOUND ( 'NONE', #3932, .T. ) ;
#3047 = EDGE_CURVE ( 'NONE', #3048, #2942, #972, .T. ) ;
#3048 = VERTEX_POINT ( 'NONE', #2757 ) ;
#3049 = DIRECTION ( 'NONE',  ( -0.000000000000000000, -1.000000000000000000, 0.000000000000000000 ) ) ;
#3050 = DIRECTION ( 'NONE',  ( -0.000000000000000000, 1.000000000000000000, -0.000000000000000000 ) ) ;
#3051 = FACE_OUTER_BOUND ( 'NONE', #178, .T. ) ;
#3052 = EDGE_CURVE ( 'NONE', #3787, #363, #2738, .T. ) ;
#3053 = CYLINDRICAL_SURFACE ( 'NONE', #2023, 2.299999999999999822 ) ;
#3054 = EDGE_LOOP ( 'NONE', ( #978, #3200, #928, #2037 ) ) ;
#3055 = LINE ( 'NONE', #1789, #791 ) ;
#3056 = SECURITY_CLASSIFICATION_LEVEL ( 'unclassified' ) ;
#3057 = ADVANCED_FACE ( 'NONE', ( #916 ), #2116, .F. ) ;
#3058 = CARTESIAN_POINT ( 'NONE',  ( -29.54895919672146221, 12.63224364675605038, -10.78547086008239475 ) ) ;
#3059 = VERTEX_POINT ( 'NONE', #891 ) ;
#3060 = ORIENTED_EDGE ( 'NONE', *, *, #2049, .T. ) ;
#3061 = DIRECTION ( 'NONE',  ( -0.1604937965832608227, 0.000000000000000000, 0.9870368489870533502 ) ) ;
#3062 = DIRECTION ( 'NONE',  ( -0.000000000000000000, -0.000000000000000000, -1.000000000000000000 ) ) ;
#3063 = EDGE_LOOP ( 'NONE', ( #2719, #2042, #1528, #814 ) ) ;
#3064 = LINE ( 'NONE', #2724, #2590 ) ;
#3065 = DIRECTION ( 'NONE',  ( 1.000000000000000000, 0.000000000000000000, -0.000000000000000000 ) ) ;
#3066 = DIRECTION ( 'NONE',  ( -0.000000000000000000, -0.000000000000000000, -1.000000000000000000 ) ) ;
#3067 = ORIENTED_EDGE ( 'NONE', *, *, #1900, .F. ) ;
#3068 = CARTESIAN_POINT ( 'NONE',  ( 33.44999999999999574, 0.000000000000000000, 9.500000000000001776 ) ) ;
#3069 = DIRECTION ( 'NONE',  ( 0.000000000000000000, 0.000000000000000000, 1.000000000000000000 ) ) ;
#3070 = CARTESIAN_POINT ( 'NONE',  ( -35.15000000000000568, 0.000000000000000000, -31.14999999999998082 ) ) ;
#3071 = CARTESIAN_POINT ( 'NONE',  ( -34.00000000000001421, 1.699999999999999956, -4.999999999999992006 ) ) ;
#3072 = ORIENTED_EDGE ( 'NONE', *, *, #2543, .T. ) ;
#3073 = CARTESIAN_POINT ( 'NONE',  ( 31.14999999999999503, -1.800000000000000044, 31.14999999999999503 ) ) ;
#3074 = EDGE_CURVE ( 'NONE', #3952, #1269, #598, .T. ) ;
#3075 = VECTOR ( 'NONE', #3897, 1000.000000000000000 ) ;
#3076 = COORDINATED_UNIVERSAL_TIME_OFFSET ( 8, 0, .AHEAD. ) ;
#3077 = CARTESIAN_POINT ( 'NONE',  ( -29.97928151451194267, 13.15324162241767958, -11.95058885173084384 ) ) ;
#3078 = APPLICATION_CONTEXT ( 'configuration controlled 3d designs of mechanical parts and assemblies' ) ;
#3079 = ORIENTED_EDGE ( 'NONE', *, *, #1212, .F. ) ;
#3080 = ADVANCED_FACE ( 'NONE', ( #1817 ), #3706, .F. ) ;
#3081 = EDGE_CURVE ( 'NONE', #104, #1828, #2988, .T. ) ;
#3082 = VECTOR ( 'NONE', #436, 1000.000000000000000 ) ;
#3083 = DIRECTION ( 'NONE',  ( 0.000000000000000000, 0.000000000000000000, -1.000000000000000000 ) ) ;
#3084 = CARTESIAN_POINT ( 'NONE',  ( -36.05000000000001137, 0.000000000000000000, 36.04999999999984084 ) ) ;
#3085 = VERTEX_POINT ( 'NONE', #938 ) ;
#3086 = CARTESIAN_POINT ( 'NONE',  ( -8.499999999999998224, -1.799999999999999600, -1.097124870909353569E-15 ) ) ;
#3087 = ORIENTED_EDGE ( 'NONE', *, *, #1662, .F. ) ;
#3088 = VECTOR ( 'NONE', #1378, 1000.000000000000000 ) ;
#3089 = FACE_OUTER_BOUND ( 'NONE', #1412, .T. ) ;
#3090 = CIRCLE ( 'NONE', #1876, 32.45000000000000284 ) ;
#3091 = DIRECTION ( 'NONE',  ( 0.000000000000000000, 1.000000000000000000, 0.000000000000000000 ) ) ;
#3092 = CIRCLE ( 'NONE', #3607, 2.299999999999999822 ) ;
#3093 = CIRCLE ( 'NONE', #1168, 1.550000000000002709 ) ;
#3094 = VERTEX_POINT ( 'NONE', #2421 ) ;
#3095 = CARTESIAN_POINT ( 'NONE',  ( -38.00000000000001421, 9.950000000000002842, -14.49999999999999289 ) ) ;
#3096 = CARTESIAN_POINT ( 'NONE',  ( -31.14999999999998082, -1.800000000000000044, 33.44999999999999574 ) ) ;
#3097 = CARTESIAN_POINT ( 'NONE',  ( -31.14999999999998082, 0.000000000000000000, 35.14999999999999147 ) ) ;
#3098 = AXIS2_PLACEMENT_3D ( 'NONE', #2091, #2392, #566 ) ;
#3099 = CARTESIAN_POINT ( 'NONE',  ( -33.35000000000000853, 14.59999999999999964, -14.09322784480757029 ) ) ;
#3100 = ORIENTED_EDGE ( 'NONE', *, *, #2958, .T. ) ;
#3101 = FACE_OUTER_BOUND ( 'NONE', #1134, .T. ) ;
#3102 = APPROVAL_ROLE ( '' ) ;
#3103 = CARTESIAN_POINT ( 'NONE',  ( -28.69999999953337877, 10.28471465186613010, -14.50000000286976309 ) ) ;
#3104 = EDGE_CURVE ( 'NONE', #3604, #2686, #3640, .T. ) ;
#3105 = ORIENTED_EDGE ( 'NONE', *, *, #1585, .F. ) ;
#3106 = B_SPLINE_CURVE_WITH_KNOTS ( 'NONE', 3,
 ( #1010, #2241, #974, #1342, #2499, #656, #1634 ),
 .UNSPECIFIED., .F., .F.,
 ( 4, 3, 4 ),
 ( -1.095445167774512117E-05, 0.000000000000000000, 0.0005943743917290514843 ),
 .UNSPECIFIED. ) ;
#3107 = VERTEX_POINT ( 'NONE', #3037 ) ;
#3108 = AXIS2_PLACEMENT_3D ( 'NONE', #3755, #383, #1303 ) ;
#3109 = CARTESIAN_POINT ( 'NONE',  ( -29.58252676959507710, 11.60000000000000142, -9.072460366990307890 ) ) ;
#3110 = FACE_OUTER_BOUND ( 'NONE', #3193, .T. ) ;
#3111 = ORIENTED_EDGE ( 'NONE', *, *, #2177, .T. ) ;
#3112 = EDGE_CURVE ( 'NONE', #3434, #2339, #3365, .T. ) ;
#3113 = CARTESIAN_POINT ( 'NONE',  ( 39.89999999999998437, 1.699999999999999956, -36.09999999999996589 ) ) ;
#3114 = CARTESIAN_POINT ( 'NONE',  ( -33.54265109761650621, 14.55878808496690269, -2.199999999999991740 ) ) ;
#3115 = DIRECTION ( 'NONE',  ( 0.000000000000000000, 0.000000000000000000, 1.000000000000000000 ) ) ;
#3116 = ADVANCED_FACE ( 'NONE', ( #1211 ), #3929, .F. ) ;
#3117 = ORIENTED_EDGE ( 'NONE', *, *, #1377, .F. ) ;
#3118 = LINE ( 'NONE', #2478, #788 ) ;
#3119 = CARTESIAN_POINT ( 'NONE',  ( 31.14999999999996660, 0.000000000000000000, 35.14999999999999147 ) ) ;
#3120 = CARTESIAN_POINT ( 'NONE',  ( -31.15000000000000924, -1.800000000000000044, 31.14999999999999503 ) ) ;
#3121 = ORIENTED_EDGE ( 'NONE', *, *, #284, .F. ) ;
#3122 = DATE_AND_TIME ( #1902, #1120 ) ;
#3123 = LINE ( 'NONE', #377, #203 ) ;
#3124 = ORIENTED_EDGE ( 'NONE', *, *, #1170, .T. ) ;
#3125 = LINE ( 'NONE', #59, #535 ) ;
#3126 = DIRECTION ( 'NONE',  ( -0.000000000000000000, 1.000000000000000000, -0.000000000000000000 ) ) ;
#3127 = ORIENTED_EDGE ( 'NONE', *, *, #69, .F. ) ;
#3128 = CARTESIAN_POINT ( 'NONE',  ( 36.05000000000000426, 0.000000000000000000, -34.49999999999984368 ) ) ;
#3129 = EDGE_CURVE ( 'NONE', #55, #310, #1993, .T. ) ;
#3130 = DIRECTION ( 'NONE',  ( 0.000000000000000000, 0.000000000000000000, 1.000000000000000000 ) ) ;
#3131 = PLANE ( 'NONE',  #1283 ) ;
#3132 = EDGE_LOOP ( 'NONE', ( #3284, #3588, #2017, #1627 ) ) ;
#3133 = ADVANCED_FACE ( 'NONE', ( #315 ), #2465, .F. ) ;
#3134 = EDGE_CURVE ( 'NONE', #1828, #3787, #2412, .T. ) ;
#3135 = DIRECTION ( 'NONE',  ( 1.290735142246298519E-16, 0.000000000000000000, -1.000000000000000000 ) ) ;
#3136 = CARTESIAN_POINT ( 'NONE',  ( 33.44999999999999574, -1.800000000000000044, -31.14999999999999147 ) ) ;
#3137 = CARTESIAN_POINT ( 'NONE',  ( -34.00000000000001421, -1.800000000000000044, -6.099999999999981881 ) ) ;
#3138 = ORIENTED_EDGE ( 'NONE', *, *, #2177, .F. ) ;
#3139 = CARTESIAN_POINT ( 'NONE',  ( -29.08648375044489853, 10.97994619842939912, -12.12312493476391850 ) ) ;
#3140 = COORDINATED_UNIVERSAL_TIME_OFFSET ( 8, 0, .AHEAD. ) ;
#3141 = CARTESIAN_POINT ( 'NONE',  ( -28.72657280659431578, 10.41032242596271473, -14.33657723943799489 ) ) ;
#3142 = AXIS2_PLACEMENT_3D ( 'NONE', #2490, #1893, #2 ) ;
#3143 = VERTEX_POINT ( 'NONE', #1344 ) ;
#3144 = DIRECTION ( 'NONE',  ( 0.000000000000000000, 1.000000000000000000, 0.000000000000000000 ) ) ;
#3145 = VECTOR ( 'NONE', #927, 1000.000000000000000 ) ;
#3146 = CARTESIAN_POINT ( 'NONE',  ( 31.14999999999999503, -1.800000000000000044, -31.15000000000000924 ) ) ;
#3147 = ORIENTED_EDGE ( 'NONE', *, *, #1438, .F. ) ;
#3148 = VECTOR ( 'NONE', #546, 1000.000000000000000 ) ;
#3149 = CARTESIAN_POINT ( 'NONE',  ( 36.09999999999995879, 1.699999999999999956, 39.90000000000000568 ) ) ;
#3150 = DIRECTION ( 'NONE',  ( 0.000000000000000000, 0.000000000000000000, 1.000000000000000000 ) ) ;
#3151 = AXIS2_PLACEMENT_3D ( 'NONE', #2439, #1838, #3661 ) ;
#3152 = ORIENTED_EDGE ( 'NONE', *, *, #1535, .F. ) ;
#3153 = CIRCLE ( 'NONE', #2258, 1.000000000000000888 ) ;
#3154 = CARTESIAN_POINT ( 'NONE',  ( -9.215994020926757457, 0.000000000000000000, 31.11379041849838956 ) ) ;
#3155 = CARTESIAN_POINT ( 'NONE',  ( 9.499999999999991118, 0.000000000000000000, 33.44999999999999574 ) ) ;
#3156 = ADVANCED_FACE ( 'NONE', ( #127 ), #19, .T. ) ;
#3157 = EDGE_CURVE ( 'NONE', #94, #551, #3123, .T. ) ;
#3158 = CIRCLE ( 'NONE', #1422, 32.45000000000000284 ) ;
#3159 = CIRCLE ( 'NONE', #214, 1.000000000000000888 ) ;
#3160 = EDGE_LOOP ( 'NONE', ( #772, #2285, #1454, #3744 ) ) ;
#3161 = CARTESIAN_POINT ( 'NONE',  ( -29.21162632887721955, 11.12094035821131754, -11.35349807740515971 ) ) ;
#3162 = CIRCLE ( 'NONE', #669, 1.000000000000000888 ) ;
#3163 = CARTESIAN_POINT ( 'NONE',  ( -39.90000000000001279, 1.699999999999999956, 36.09999999999998010 ) ) ;
#3164 = ORIENTED_EDGE ( 'NONE', *, *, #2446, .T. ) ;
#3165 = DIRECTION ( 'NONE',  ( 0.000000000000000000, 0.000000000000000000, 1.000000000000000000 ) ) ;
#3166 = CARTESIAN_POINT ( 'NONE',  ( 32.07261292754301962, 0.000000000000000000, -8.500000000000000000 ) ) ;
#3167 = ORIENTED_EDGE ( 'NONE', *, *, #2357, .F. ) ;
#3168 = MECHANICAL_CONTEXT ( 'NONE', #1979, 'mechanical' ) ;
#3169 = CIRCLE ( 'NONE', #3560, 0.9999999999999991118 ) ;
#3170 =( BOUNDED_CURVE ( )  B_SPLINE_CURVE ( 3, ( #1774, #2602, #3245, #1998 ),
 .UNSPECIFIED., .F., .F. ) 
 B_SPLINE_CURVE_WITH_KNOTS ( ( 4, 4 ),
 ( 5.523257429986278666, 6.064212455074329711 ),
 .UNSPECIFIED. ) 
 CURVE ( )  GEOMETRIC_REPRESENTATION_ITEM ( )  RATIONAL_B_SPLINE_CURVE ( ( 1.000000000000000000, 0.9757622792567741676, 0.9757622792567741676, 1.000000000000000000 ) ) 
 REPRESENTATION_ITEM ( '' )  );
#3171 = CARTESIAN_POINT ( 'NONE',  ( -34.00000000000001421, -1.500000000000004885, -13.29999999999999361 ) ) ;
#3172 = AXIS2_PLACEMENT_3D ( 'NONE', #1199, #3372, #626 ) ;
#3173 = DIRECTION ( 'NONE',  ( -0.000000000000000000, -1.000000000000000000, -0.000000000000000000 ) ) ;
#3174 = CARTESIAN_POINT ( 'NONE',  ( -28.70000000000000995, 1.699999999999999956, -14.49999999999999289 ) ) ;
#3175 = CARTESIAN_POINT ( 'NONE',  ( -33.34999999999999432, 14.60000000000000142, -4.594811253560944664 ) ) ;
#3176 = VECTOR ( 'NONE', #2221, 1000.000000000000000 ) ;
#3177 = VERTEX_POINT ( 'NONE', #2857 ) ;
#3178 = CARTESIAN_POINT ( 'NONE',  ( -28.81860177168886850, 10.48956927953317830, -13.77059910411349541 ) ) ;
#3179 = CARTESIAN_POINT ( 'NONE',  ( -28.77828965687122320, 10.30842474326528624, -14.01851861024204737 ) ) ;
#3180 = ORIENTED_EDGE ( 'NONE', *, *, #1912, .T. ) ;
#3181 = ORIENTED_EDGE ( 'NONE', *, *, #384, .T. ) ;
#3182 = EDGE_CURVE ( 'NONE', #2092, #94, #3600, .T. ) ;
#3183 = DIRECTION ( 'NONE',  ( -0.000000000000000000, 1.000000000000000000, -0.000000000000000000 ) ) ;
#3184 = DIRECTION ( 'NONE',  ( 0.000000000000000000, 0.000000000000000000, 1.000000000000000000 ) ) ;
#3185 = ORIENTED_EDGE ( 'NONE', *, *, #2046, .T. ) ;
#3186 = LINE ( 'NONE', #3813, #1498 ) ;
#3187 = ORIENTED_EDGE ( 'NONE', *, *, #3279, .F. ) ;
#3188 = CARTESIAN_POINT ( 'NONE',  ( 32.44999999999999574, -1.800000000000000044, -9.500000000000001776 ) ) ;
#3189 = LINE ( 'NONE', #2568, #1608 ) ;
#3190 = CARTESIAN_POINT ( 'NONE',  ( 31.11379041849839311, -5.200000000000000178, 9.215994020926755681 ) ) ;
#3191 = EDGE_CURVE ( 'NONE', #3875, #3708, #1598, .T. ) ;
#3192 = CARTESIAN_POINT ( 'NONE',  ( -8.499999999999994671, 0.000000000000000000, -32.07261292754301962 ) ) ;
#3193 = EDGE_LOOP ( 'NONE', ( #1772, #1895 ) ) ;
#3194 = CARTESIAN_POINT ( 'NONE',  ( 32.44999999999999574, -1.800000000000000044, -9.500000000000001776 ) ) ;
#3195 = LINE ( 'NONE', #3841, #1289 ) ;
#3196 = ADVANCED_FACE ( 'NONE', ( #1579 ), #718, .T. ) ;
#3197 = ORIENTED_EDGE ( 'NONE', *, *, #761, .F. ) ;
#3198 = CARTESIAN_POINT ( 'NONE',  ( -33.45000000000000995, -1.800000000000000044, -31.14999999999998082 ) ) ;
#3199 = VERTEX_POINT ( 'NONE', #3766 ) ;
#3200 = ORIENTED_EDGE ( 'NONE', *, *, #1338, .F. ) ;
#3201 = DIRECTION ( 'NONE',  ( 0.000000000000000000, 0.000000000000000000, -1.000000000000000000 ) ) ;
#3202 = DIRECTION ( 'NONE',  ( -0.000000000000000000, 1.000000000000000000, -0.000000000000000000 ) ) ;
#3203 = EDGE_LOOP ( 'NONE', ( #1195, #939, #80, #1496 ) ) ;
#3204 = EDGE_CURVE ( 'NONE', #3304, #2980, #719, .T. ) ;
#3205 = ORIENTED_EDGE ( 'NONE', *, *, #1085, .T. ) ;
#3206 = EDGE_CURVE ( 'NONE', #3085, #1672, #784, .T. ) ;
#3207 = VECTOR ( 'NONE', #3007, 1000.000000000000000 ) ;
#3208 = DIRECTION ( 'NONE',  ( -1.000000000000000000, 0.000000000000000000, -0.000000000000000000 ) ) ;
#3209 = DIRECTION ( 'NONE',  ( 0.000000000000000000, 0.000000000000000000, 1.000000000000000000 ) ) ;
#3210 = CARTESIAN_POINT ( 'NONE',  ( -33.91677163590566835, 13.15392021009215107, -8.783683926200877679 ) ) ;
#3211 = AXIS2_PLACEMENT_3D ( 'NONE', #897, #3347, #1239 ) ;
#3212 = CARTESIAN_POINT ( 'NONE',  ( 33.44999999999999574, -1.800000000000000044, -31.14999999999999147 ) ) ;
#3213 = VECTOR ( 'NONE', #2483, 1000.000000000000000 ) ;
#3214 = DIRECTION ( 'NONE',  ( -0.000000000000000000, -1.000000000000000000, -0.000000000000000000 ) ) ;
#3215 = VERTEX_POINT ( 'NONE', #3805 ) ;
#3216 = DIRECTION ( 'NONE',  ( 0.000000000000000000, 0.000000000000000000, 1.000000000000000000 ) ) ;
#3217 = AXIS2_PLACEMENT_3D ( 'NONE', #3832, #2387, #1743 ) ;
#3218 = DIRECTION ( 'NONE',  ( 0.000000000000000000, 0.000000000000000000, -1.000000000000000000 ) ) ;
#3219 = AXIS2_PLACEMENT_3D ( 'NONE', #3363, #1172, #2099 ) ;
#3220 = CARTESIAN_POINT ( 'NONE',  ( 0.000000000000000000, -1.799999999999999600, 0.000000000000000000 ) ) ;
#3221 = ORIENTED_EDGE ( 'NONE', *, *, #3457, .F. ) ;
#3222 = VECTOR ( 'NONE', #1831, 1000.000000000000000 ) ;
#3223 = DIRECTION ( 'NONE',  ( -0.000000000000000000, 1.000000000000000000, -0.000000000000000000 ) ) ;
#3224 = EDGE_CURVE ( 'NONE', #2092, #2837, #2542, .T. ) ;
#3225 = LINE ( 'NONE', #480, #1222 ) ;
#3226 = ORIENTED_EDGE ( 'NONE', *, *, #2496, .T. ) ;
#3227 = ORIENTED_EDGE ( 'NONE', *, *, #3074, .T. ) ;
#3228 = DIRECTION ( 'NONE',  ( 0.000000000000000000, 0.000000000000000000, 1.000000000000000000 ) ) ;
#3229 = EDGE_CURVE ( 'NONE', #1258, #1788, #977, .T. ) ;
#3230 = CARTESIAN_POINT ( 'NONE',  ( -31.14999999999998437, 0.000000000000000000, -33.45000000000000995 ) ) ;
#3231 = DIRECTION ( 'NONE',  ( -0.000000000000000000, -1.000000000000000000, 0.000000000000000000 ) ) ;
#3232 = CARTESIAN_POINT ( 'NONE',  ( -34.17951711835578976, 14.53470653603416451, -14.06710163027178773 ) ) ;
#3233 = EDGE_CURVE ( 'NONE', #154, #2259, #1026, .T. ) ;
#3234 = CARTESIAN_POINT ( 'NONE',  ( -30.80451550124884008, 15.35883211315099750, -1.557229667319688371 ) ) ;
#3235 = ORIENTED_EDGE ( 'NONE', *, *, #3002, .F. ) ;
#3236 = DIRECTION ( 'NONE',  ( -0.000000000000000000, -1.000000000000000000, -0.000000000000000000 ) ) ;
#3237 = ADVANCED_FACE ( 'NONE', ( #1652 ), #1939, .F. ) ;
#3238 = VECTOR ( 'NONE', #1832, 1000.000000000000000 ) ;
#3239 = DIRECTION ( 'NONE',  ( -1.000000000000000000, -0.000000000000000000, 0.000000000000000000 ) ) ;
#3240 = ORIENTED_EDGE ( 'NONE', *, *, #2908, .T. ) ;
#3241 = LINE ( 'NONE', #1715, #730 ) ;
#3242 = VERTEX_POINT ( 'NONE', #57 ) ;
#3243 = ORIENTED_EDGE ( 'NONE', *, *, #2788, .F. ) ;
#3244 = CARTESIAN_POINT ( 'NONE',  ( -34.00000000000001421, -1.500000000000000000, -4.999999999999992006 ) ) ;
#3245 = CARTESIAN_POINT ( 'NONE',  ( -28.99543422996424269, 11.78870469539333321, -14.09759752268735866 ) ) ;
#3246 = ORIENTED_EDGE ( 'NONE', *, *, #709, .T. ) ;
#3247 = ORIENTED_EDGE ( 'NONE', *, *, #807, .F. ) ;
#3248 = ORIENTED_EDGE ( 'NONE', *, *, #2130, .T. ) ;
#3249 = CARTESIAN_POINT ( 'NONE',  ( -31.45807518294067151, 14.20071506654265825, -13.50906275148796176 ) ) ;
#3250 = DIRECTION ( 'NONE',  ( -0.000000000000000000, -1.000000000000000000, -0.000000000000000000 ) ) ;
#3251 = LINE ( 'NONE', #2089, #3300 ) ;
#3252 = EDGE_CURVE ( 'NONE', #3953, #2004, #3790, .T. ) ;
#3253 = CARTESIAN_POINT ( 'NONE',  ( -30.90762486711801671, 12.68286251115033458, -2.199999999999990852 ) ) ;
#3254 = DIRECTION ( 'NONE',  ( -0.000000000000000000, -1.000000000000000000, -0.000000000000000000 ) ) ;
#3255 = EDGE_CURVE ( 'NONE', #1433, #1071, #3195, .T. ) ;
#3256 = EDGE_CURVE ( 'NONE', #2739, #2024, #3277, .T. ) ;
#3257 = ORIENTED_EDGE ( 'NONE', *, *, #513, .F. ) ;
#3258 = CARTESIAN_POINT ( 'NONE',  ( 2.449293598294706513E-15, 58.96854249492380262, 20.00000000000000000 ) ) ;
#3259 = CYLINDRICAL_SURFACE ( 'NONE', #2475, 1.550000000000002709 ) ;
#3260 = FACE_OUTER_BOUND ( 'NONE', #2299, .T. ) ;
#3261 = ORIENTED_EDGE ( 'NONE', *, *, #2711, .T. ) ;
#3262 = DIRECTION ( 'NONE',  ( 0.000000000000000000, 0.000000000000000000, -1.000000000000000000 ) ) ;
#3263 = CARTESIAN_POINT ( 'NONE',  ( 0.000000000000000000, 0.000000000000000000, 0.000000000000000000 ) ) ;
#3264 = ORIENTED_EDGE ( 'NONE', *, *, #3279, .T. ) ;
#3265 = ORIENTED_EDGE ( 'NONE', *, *, #2767, .F. ) ;
#3266 = ORIENTED_EDGE ( 'NONE', *, *, #3429, .T. ) ;
#3267 = CARTESIAN_POINT ( 'NONE',  ( 31.11379041849838600, 0.000000000000000000, 9.215994020926753905 ) ) ;
#3268 = CARTESIAN_POINT ( 'NONE',  ( -34.00000000000001421, 5.200000000000000178, -4.999999999999992006 ) ) ;
#3269 = DIRECTION ( 'NONE',  ( 0.000000000000000000, 1.000000000000000000, -0.000000000000000000 ) ) ;
#3270 = AXIS2_PLACEMENT_3D ( 'NONE', #1647, #1928, #3150 ) ;
#3271 = CARTESIAN_POINT ( 'NONE',  ( -36.72786542637074803, 13.15457938083279466, -7.354513560310169673 ) ) ;
#3272 = CARTESIAN_POINT ( 'NONE',  ( -34.00000000000001421, 1.699999999999999956, -13.29999999999999361 ) ) ;
#3273 = EDGE_CURVE ( 'NONE', #1166, #2363, #138, .T. ) ;
#3274 = AXIS2_PLACEMENT_3D ( 'NONE', #1518, #60, #2147 ) ;
#3275 = EDGE_LOOP ( 'NONE', ( #135, #3226, #2725, #2597 ) ) ;
#3276 = CARTESIAN_POINT ( 'NONE',  ( -29.66645508412747745, 11.44503791546203075, -8.556301232616075225 ) ) ;
#3277 = CIRCLE ( 'NONE', #3410, 0.8000000000000020428 ) ;
#3278 = VECTOR ( 'NONE', #1113, 1000.000000000000000 ) ;
#3279 = EDGE_CURVE ( 'NONE', #2331, #1069, #2915, .T. ) ;
#3280 = ADVANCED_FACE ( 'NONE', ( #3823 ), #2361, .T. ) ;
#3281 = DIRECTION ( 'NONE',  ( -0.000000000000000000, 1.000000000000000000, -0.000000000000000000 ) ) ;
#3282 = AXIS2_PLACEMENT_3D ( 'NONE', #1591, #2812, #66 ) ;
#3283 = DIRECTION ( 'NONE',  ( 0.000000000000000000, 1.000000000000000000, 0.000000000000000000 ) ) ;
#3284 = ORIENTED_EDGE ( 'NONE', *, *, #2683, .F. ) ;
#3285 = CIRCLE ( 'NONE', #144, 4.000000000000000000 ) ;
#3286 = VECTOR ( 'NONE', #890, 1000.000000000000000 ) ;
#3287 = CARTESIAN_POINT ( 'NONE',  ( -31.14999999999998082, -1.800000000000000044, 33.44999999999999574 ) ) ;
#3288 = AXIS2_PLACEMENT_3D ( 'NONE', #516, #1074, #887 ) ;
#3289 = AXIS2_PLACEMENT_3D ( 'NONE', #1786, #2994, #1546 ) ;
#3290 = ORIENTED_EDGE ( 'NONE', *, *, #3900, .T. ) ;
#3291 = ORIENTED_EDGE ( 'NONE', *, *, #3676, .F. ) ;
#3292 = CARTESIAN_POINT ( 'NONE',  ( 33.44999999999999574, -1.800000000000000044, -31.14999999999999147 ) ) ;
#3293 = AXIS2_PLACEMENT_3D ( 'NONE', #3632, #1426, #3883 ) ;
#3294 = CARTESIAN_POINT ( 'NONE',  ( 39.89999999999998437, 1.699999999999999956, 36.09999999999998010 ) ) ;
#3295 = DIRECTION ( 'NONE',  ( -0.000000000000000000, 1.000000000000000000, -0.000000000000000000 ) ) ;
#3296 = AXIS2_PLACEMENT_3D ( 'NONE', #3654, #3050, #1573 ) ;
#3297 = CARTESIAN_POINT ( 'NONE',  ( -34.60968335589484468, 14.42852855972852844, -6.027290508286125892 ) ) ;
#3298 = CARTESIAN_POINT ( 'NONE',  ( -33.35000000000000142, 11.60000000000000142, -4.594811253560944664 ) ) ;
#3299 = ORIENTED_EDGE ( 'NONE', *, *, #3776, .T. ) ;
#3300 = VECTOR ( 'NONE', #3269, 1000.000000000000000 ) ;
#3301 = CARTESIAN_POINT ( 'NONE',  ( 24.84999999999998366, 0.000000000000000000, 27.85000000000000497 ) ) ;
#3303 = CARTESIAN_POINT ( 'NONE',  ( 2.584004746200915413E-15, 1.699999999999999956, 21.10000000000000142 ) ) ;
#3302 = CC_DESIGN_SECURITY_CLASSIFICATION ( #1181, ( #2341 ) ) ;
#3304 = VERTEX_POINT ( 'NONE', #2317 ) ;
#3305 = VERTEX_POINT ( 'NONE', #1730 ) ;
#3306 = EDGE_CURVE ( 'NONE', #2594, #2582, #2888, .T. ) ;
#3307 = DIRECTION ( 'NONE',  ( 0.000000000000000000, -1.000000000000000000, 0.000000000000000000 ) ) ;
#3308 = ORIENTED_EDGE ( 'NONE', *, *, #1709, .F. ) ;
#3309 = ADVANCED_FACE ( 'NONE', ( #2053 ), #2298, .T. ) ;
#3310 = CARTESIAN_POINT ( 'NONE',  ( -30.32739669947154937, 13.49471410748869538, -12.51103047493123199 ) ) ;
#3311 = CYLINDRICAL_SURFACE ( 'NONE', #2691, 1.000000000000000888 ) ;
#3312 = DIRECTION ( 'NONE',  ( -0.000000000000000000, 1.000000000000000000, -0.000000000000000000 ) ) ;
#3313 = CARTESIAN_POINT ( 'NONE',  ( -33.58555426230893914, 14.59402995140084158, -14.09999999999999254 ) ) ;
#3314 = DIRECTION ( 'NONE',  ( 0.000000000000000000, -1.000000000000000000, 0.000000000000000000 ) ) ;
#3315 = EDGE_LOOP ( 'NONE', ( #2180, #2785, #1319, #3044 ) ) ;
#3316 = LINE ( 'NONE', #3634, #729 ) ;
#3317 = CARTESIAN_POINT ( 'NONE',  ( -31.15000000000000924, -1.800000000000000044, -31.15000000000000924 ) ) ;
#3318 = VERTEX_POINT ( 'NONE', #3887 ) ;
#3319 = FACE_BOUND ( 'NONE', #1330, .T. ) ;
#3320 = DIRECTION ( 'NONE',  ( 0.000000000000000000, 0.000000000000000000, 1.000000000000000000 ) ) ;
#3321 = EDGE_CURVE ( 'NONE', #1519, #3107, #494, .T. ) ;
#3322 = ORIENTED_EDGE ( 'NONE', *, *, #2009, .F. ) ;
#3323 = ORIENTED_EDGE ( 'NONE', *, *, #2953, .T. ) ;
#3324 = ORIENTED_EDGE ( 'NONE', *, *, #1480, .F. ) ;
#3325 = DIRECTION ( 'NONE',  ( 0.000000000000000000, 0.000000000000000000, -1.000000000000000000 ) ) ;
#3326 = DIRECTION ( 'NONE',  ( 0.000000000000000000, 0.000000000000000000, 1.000000000000000000 ) ) ;
#3327 = EDGE_LOOP ( 'NONE', ( #3733, #1382 ) ) ;
#3328 = EDGE_CURVE ( 'NONE', #2004, #3953, #1616, .T. ) ;
#3329 = ADVANCED_FACE ( 'NONE', ( #476 ), #171, .T. ) ;
#3330 = CARTESIAN_POINT ( 'NONE',  ( -32.34374334242796323, 13.04034476347830207, -10.16462398196742889 ) ) ;
#3331 = DIRECTION ( 'NONE',  ( 0.000000000000000000, 0.000000000000000000, 1.000000000000000000 ) ) ;
#3332 = ORIENTED_EDGE ( 'NONE', *, *, #70, .T. ) ;
#3333 = CARTESIAN_POINT ( 'NONE',  ( 36.09999999999995879, 0.000000000000000000, -39.89999999999999147 ) ) ;
#3334 = VECTOR ( 'NONE', #2905, 1000.000000000000000 ) ;
#3335 = DIRECTION ( 'NONE',  ( 0.000000000000000000, -1.000000000000000000, 0.000000000000000000 ) ) ;
#3336 = DIRECTION ( 'NONE',  ( 0.000000000000000000, 0.000000000000000000, 1.000000000000000000 ) ) ;
#3337 = AXIS2_PLACEMENT_3D ( 'NONE', #3810, #764, #1332 ) ;
#3338 = ORIENTED_EDGE ( 'NONE', *, *, #3520, .F. ) ;
#3339 = DIRECTION ( 'NONE',  ( -0.000000000000000000, 1.000000000000000000, -0.000000000000000000 ) ) ;
#3340 = VECTOR ( 'NONE', #3239, 1000.000000000000000 ) ;
#3341 = CARTESIAN_POINT ( 'NONE',  ( -34.00000000000001421, -1.800000000000000044, -11.40000000000000213 ) ) ;
#3342 = EDGE_LOOP ( 'NONE', ( #3939, #3873, #1000, #911, #836, #715, #544, #1470, #278, #3111 ) ) ;
#3343 = AXIS2_PLACEMENT_3D ( 'NONE', #711, #412, #2910 ) ;
#3344 = VERTEX_POINT ( 'NONE', #452 ) ;
#3345 = ADVANCED_FACE ( 'NONE', ( #1713 ), #226, .F. ) ;
#3346 = DIRECTION ( 'NONE',  ( -1.000000000000000000, 0.000000000000000000, 0.000000000000000000 ) ) ;
#3347 = DIRECTION ( 'NONE',  ( 0.000000000000000000, -1.000000000000000000, 0.000000000000000000 ) ) ;
#3348 = VERTEX_POINT ( 'NONE', #1403 ) ;
#3349 = CIRCLE ( 'NONE', #530, 3.799999999999998046 ) ;
#3350 = CARTESIAN_POINT ( 'NONE',  ( -36.60000000000001563, 9.950000000000001066, -14.49999999999999289 ) ) ;
#3351 = EDGE_CURVE ( 'NONE', #249, #1114, #3880, .T. ) ;
#3352 = AXIS2_PLACEMENT_3D ( 'NONE', #1486, #1735, #3942 ) ;
#3353 = CARTESIAN_POINT ( 'NONE',  ( -31.68541623798790141, 13.78926867034653903, -2.199999999999991296 ) ) ;
#3354 = FACE_OUTER_BOUND ( 'NONE', #579, .T. ) ;
#3355 = EDGE_LOOP ( 'NONE', ( #1700, #1387, #456, #1391 ) ) ;
#3356 = DIRECTION ( 'NONE',  ( 0.000000000000000000, 0.000000000000000000, -1.000000000000000000 ) ) ;
#3357 = EDGE_CURVE ( 'NONE', #2466, #2980, #2630, .T. ) ;
#3358 = LINE ( 'NONE', #1270, #660 ) ;
#3359 = CARTESIAN_POINT ( 'NONE',  ( -34.00000000000001421, -5.200000000000000178, -13.29999999999999361 ) ) ;
#3360 = FACE_OUTER_BOUND ( 'NONE', #2754, .T. ) ;
#3361 = AXIS2_PLACEMENT_3D ( 'NONE', #3120, #2178, #1357 ) ;
#3362 = ORIENTED_EDGE ( 'NONE', *, *, #1139, .F. ) ;
#3363 = CARTESIAN_POINT ( 'NONE',  ( -33.58555426230893914, -5.201000000000000512, -9.999999999999991118 ) ) ;
#3364 = CIRCLE ( 'NONE', #2909, 1.000000000000000888 ) ;
#3365 = LINE ( 'NONE', #2782, #1027 ) ;
#3366 = ORIENTED_EDGE ( 'NONE', *, *, #2562, .T. ) ;
#3367 = ORIENTED_EDGE ( 'NONE', *, *, #830, .T. ) ;
#3368 = CYLINDRICAL_SURFACE ( 'NONE', #1483, 1.550000000000002709 ) ;
#3369 = CYLINDRICAL_SURFACE ( 'NONE', #2252, 2.299999999999999822 ) ;
#3370 = CIRCLE ( 'NONE', #1315, 32.45000000000000284 ) ;
#3371 = ORIENTED_EDGE ( 'NONE', *, *, #3896, .F. ) ;
#3372 = DIRECTION ( 'NONE',  ( -0.000000000000000000, -1.000000000000000000, 0.000000000000000000 ) ) ;
#3373 = CARTESIAN_POINT ( 'NONE',  ( -9.499999999999994671, -1.800000000000000044, -32.45000000000000995 ) ) ;
#3374 = LINE ( 'NONE', #283, #3 ) ;
#3375 = EDGE_CURVE ( 'NONE', #114, #3085, #3566, .T. ) ;
#3376 = ORIENTED_EDGE ( 'NONE', *, *, #2636, .T. ) ;
#3377 = CYLINDRICAL_SURFACE ( 'NONE', #914, 4.000000000000000000 ) ;
#3378 = PLANE ( 'NONE',  #3859 ) ;
#3379 = LINE ( 'NONE', #990, #473 ) ;
#3380 = CARTESIAN_POINT ( 'NONE',  ( 31.14999999999999503, 0.000000000000000000, -33.45000000000000995 ) ) ;
#3381 = ADVANCED_FACE ( 'NONE', ( #816 ), #3259, .T. ) ;
#3382 = EDGE_CURVE ( 'NONE', #1071, #1269, #3886, .T. ) ;
#3383 = VERTEX_POINT ( 'NONE', #2674 ) ;
#3384 = ORIENTED_EDGE ( 'NONE', *, *, #709, .F. ) ;
#3385 = CALENDAR_DATE ( 2026, 14, 9 ) ;
#3386 = CARTESIAN_POINT ( 'NONE',  ( -31.92378891234304206, 14.37852560358499687, -6.248430206676039766 ) ) ;
#3387 = ORIENTED_EDGE ( 'NONE', *, *, #1912, .F. ) ;
#3388 = ORIENTED_EDGE ( 'NONE', *, *, #3484, .T. ) ;
#3389 = DIRECTION ( 'NONE',  ( 0.000000000000000000, -1.000000000000000000, 0.000000000000000000 ) ) ;
#3390 = CARTESIAN_POINT ( 'NONE',  ( -36.09999999999998721, 1.699999999999999956, -39.89999999999999147 ) ) ;
#3391 = ORIENTED_EDGE ( 'NONE', *, *, #1431, .F. ) ;
#3392 = LINE ( 'NONE', #3043, #548 ) ;
#3393 = CARTESIAN_POINT ( 'NONE',  ( -31.10849624494511900, 13.08821548881706676, -2.199999999999991296 ) ) ;
#3394 = FACE_OUTER_BOUND ( 'NONE', #3455, .T. ) ;
#3395 = ORIENTED_EDGE ( 'NONE', *, *, #509, .F. ) ;
#3396 = PLANE ( 'NONE',  #1043 ) ;
#3397 = LINE ( 'NONE', #1850, #2456 ) ;
#3398 = EDGE_CURVE ( 'NONE', #1696, #1711, #1488, .T. ) ;
#3399 = LINE ( 'NONE', #2813, #2006 ) ;
#3400 = DIRECTION ( 'NONE',  ( -0.000000000000000000, -1.000000000000000000, -0.000000000000000000 ) ) ;
#3401 = ORIENTED_EDGE ( 'NONE', *, *, #489, .T. ) ;
#3402 = DIRECTION ( 'NONE',  ( -1.000000000000000000, 0.000000000000000000, 0.000000000000000000 ) ) ;
#3403 = VECTOR ( 'NONE', #2032, 1000.000000000000000 ) ;
#3404 = EDGE_CURVE ( 'NONE', #2105, #369, #34, .T. ) ;
#3405 = DIRECTION ( 'NONE',  ( 0.000000000000000000, 1.000000000000000000, 0.000000000000000000 ) ) ;
#3406 = VECTOR ( 'NONE', #723, 1000.000000000000000 ) ;
#3407 = VERTEX_POINT ( 'NONE', #1189 ) ;
#3408 = EDGE_LOOP ( 'NONE', ( #2773, #3690, #3247, #45 ) ) ;
#3409 = EDGE_CURVE ( 'NONE', #2223, #2916, #3370, .T. ) ;
#3410 = AXIS2_PLACEMENT_3D ( 'NONE', #1150, #1384, #151 ) ;
#3411 = LINE ( 'NONE', #3691, #86 ) ;
#3412 = DIRECTION ( 'NONE',  ( -0.000000000000000000, -1.000000000000000000, 0.000000000000000000 ) ) ;
#3413 = CARTESIAN_POINT ( 'NONE',  ( -34.08769655822752753, 14.55600935191517564, -2.984966990203100412 ) ) ;
#3414 = VECTOR ( 'NONE', #2769, 1000.000000000000000 ) ;
#3415 = DIRECTION ( 'NONE',  ( -0.000000000000000000, 0.000000000000000000, -1.000000000000000000 ) ) ;
#3416 = AXIS2_PLACEMENT_3D ( 'NONE', #1722, #2943, #3877 ) ;
#3417 = CARTESIAN_POINT ( 'NONE',  ( -9.500000000000001776, 0.000000000000000000, 33.44999999999999574 ) ) ;
#3418 = AXIS2_PLACEMENT_3D ( 'NONE', #556, #2693, #3660 ) ;
#3419 = CIRCLE ( 'NONE', #3481, 1.000000000000000888 ) ;
#3420 = ORIENTED_EDGE ( 'NONE', *, *, #705, .T. ) ;
#3421 = CARTESIAN_POINT ( 'NONE',  ( -8.499999999999998224, -26.84966131682163137, -1.097124870909353569E-15 ) ) ;
#3422 = CARTESIAN_POINT ( 'NONE',  ( 8.499999999999996447, -1.799999999999999600, 32.44999999999999574 ) ) ;
#3423 = VECTOR ( 'NONE', #1340, 1000.000000000000000 ) ;
#3424 = CARTESIAN_POINT ( 'NONE',  ( -8.499999999999998224, -0.000000000000000000, -1.097124870909353569E-15 ) ) ;
#3425 = ORIENTED_EDGE ( 'NONE', *, *, #141, .F. ) ;
#3426 = FACE_OUTER_BOUND ( 'NONE', #1009, .T. ) ;
#3427 = DATE_AND_TIME ( #2225, #100 ) ;
#3428 = DIRECTION ( 'NONE',  ( 1.000000000000000000, -0.000000000000000000, 0.000000000000000000 ) ) ;
#3429 = EDGE_CURVE ( 'NONE', #2268, #1022, #1245, .T. ) ;
#3430 = ORIENTED_EDGE ( 'NONE', *, *, #3256, .T. ) ;
#3431 = AXIS2_PLACEMENT_3D ( 'NONE', #1985, #1060, #3514 ) ;
#3432 = CARTESIAN_POINT ( 'NONE',  ( 0.000000000000000000, 0.000000000000000000, 0.000000000000000000 ) ) ;
#3433 = CARTESIAN_POINT ( 'NONE',  ( -31.14999999999998082, 0.000000000000000000, 35.14999999999999147 ) ) ;
#3434 = VERTEX_POINT ( 'NONE', #1228 ) ;
#3435 = CARTESIAN_POINT ( 'NONE',  ( -36.05000000000001137, -0.2999999999999999334, 36.04999999999984084 ) ) ;
#3436 = ADVANCED_FACE ( 'NONE', ( #248 ), #232, .F. ) ;
#3437 = EDGE_CURVE ( 'NONE', #958, #2271, #2154, .T. ) ;
#3438 = AXIS2_PLACEMENT_3D ( 'NONE', #3584, #1992, #3218 ) ;
#3439 = CARTESIAN_POINT ( 'NONE',  ( -31.14999999999998082, -1.800000000000000044, 33.44999999999999574 ) ) ;
#3440 = DIRECTION ( 'NONE',  ( -0.000000000000000000, -1.000000000000000000, -0.000000000000000000 ) ) ;
#3441 = ORIENTED_EDGE ( 'NONE', *, *, #2736, .F. ) ;
#3442 = LINE ( 'NONE', #3212, #3088 ) ;
#3443 = CARTESIAN_POINT ( 'NONE',  ( -36.10000000000001563, 0.000000000000000000, 36.10000000000000853 ) ) ;
#3444 = CARTESIAN_POINT ( 'NONE',  ( -34.00000000000001421, -1.500000000000004885, -11.69999999999999041 ) ) ;
#3445 = EDGE_LOOP ( 'NONE', ( #3322, #3969, #3652, #2013, #2745 ) ) ;
#3446 = CARTESIAN_POINT ( 'NONE',  ( -28.81103693806931076, 10.96010609463993113, -14.49999999999999822 ) ) ;
#3447 = PERSON_AND_ORGANIZATION ( #1039, #3751 ) ;
#3448 = CARTESIAN_POINT ( 'NONE',  ( -28.70000000000000995, 9.950000000000001066, -14.49999999999999289 ) ) ;
#3449 = VERTEX_POINT ( 'NONE', #3303 ) ;
#3450 = CARTESIAN_POINT ( 'NONE',  ( -28.77828965686989093, 10.30842474325933367, -14.01851861025021151 ) ) ;
#3451 = EDGE_CURVE ( 'NONE', #3215, #3784, #2723, .T. ) ;
#3452 = DIRECTION ( 'NONE',  ( -0.000000000000000000, 1.000000000000000000, -0.000000000000000000 ) ) ;
#3453 = ORIENTED_EDGE ( 'NONE', *, *, #3224, .T. ) ;
#3454 = DIRECTION ( 'NONE',  ( 0.000000000000000000, 0.000000000000000000, -1.000000000000000000 ) ) ;
#3455 = EDGE_LOOP ( 'NONE', ( #3019, #1297, #1769, #3754 ) ) ;
#3456 = DIRECTION ( 'NONE',  ( 0.000000000000000000, 0.000000000000000000, -1.000000000000000000 ) ) ;
#3457 = EDGE_CURVE ( 'NONE', #2105, #433, #329, .T. ) ;
#3458 = APPROVAL ( #3747, 'ๆช' ) ;
#3459 = CARTESIAN_POINT ( 'NONE',  ( -34.00000000000001421, 5.200000000000000178, -4.299999999999990941 ) ) ;
#3460 = EDGE_LOOP ( 'NONE', ( #3956, #2695, #2760, #1554, #16, #2603, #2085, #3299, #3670, #2061, #1975, #2173 ) ) ;
#3461 = DIRECTION ( 'NONE',  ( 0.000000000000000000, -1.000000000000000000, 0.000000000000000000 ) ) ;
#3462 = CYLINDRICAL_SURFACE ( 'NONE', #857, 21.10000000000000142 ) ;
#3463 = VERTEX_POINT ( 'NONE', #2690 ) ;
#3464 = CYLINDRICAL_SURFACE ( 'NONE', #3546, 32.45000000000000284 ) ;
#3465 = DIRECTION ( 'NONE',  ( 0.000000000000000000, 0.000000000000000000, 1.000000000000000000 ) ) ;
#3466 = AXIS2_PLACEMENT_3D ( 'NONE', #2273, #1605, #3209 ) ;
#3467 = ORIENTED_EDGE ( 'NONE', *, *, #1677, .F. ) ;
#3468 = CYLINDRICAL_SURFACE ( 'NONE', #3930, 0.8000000000000020428 ) ;
#3469 = CIRCLE ( 'NONE', #2120, 1.550000000000002709 ) ;
#3470 = CARTESIAN_POINT ( 'NONE',  ( -36.05000000000001137, -6.684062043356602700, 34.49999999999983658 ) ) ;
#3471 = ORIENTED_EDGE ( 'NONE', *, *, #1585, .T. ) ;
#3472 = EDGE_CURVE ( 'NONE', #724, #1350, #996, .T. ) ;
#3473 = VECTOR ( 'NONE', #3465, 1000.000000000000000 ) ;
#3474 = CARTESIAN_POINT ( 'NONE',  ( 2.584004746200915413E-15, 2.399999999999999911, 21.10000000000000142 ) ) ;
#3475 = CARTESIAN_POINT ( 'NONE',  ( -9.499999999999994671, 0.000000000000000000, -33.45000000000000995 ) ) ;
#3476 = ADVANCED_FACE ( 'NONE', ( #2397 ), #616, .F. ) ;
#3477 = AXIS2_PLACEMENT_3D ( 'NONE', #561, #2665, #1417 ) ;
#3478 = AXIS2_PLACEMENT_3D ( 'NONE', #1466, #2419, #1773 ) ;
#3479 = LINE ( 'NONE', #165, #2385 ) ;
#3480 = CARTESIAN_POINT ( 'NONE',  ( -30.53328847346059760, 14.84754686673448987, -3.225275888239478750 ) ) ;
#3481 = AXIS2_PLACEMENT_3D ( 'NONE', #1409, #2732, #3262 ) ;
#3482 = CIRCLE ( 'NONE', #2265, 4.000000000000000000 ) ;
#3483 = AXIS2_PLACEMENT_3D ( 'NONE', #3421, #2493, #1251 ) ;
#3484 = EDGE_CURVE ( 'NONE', #2621, #3731, #1503, .T. ) ;
#3485 = ORIENTED_EDGE ( 'NONE', *, *, #3233, .T. ) ;
#3486 = CARTESIAN_POINT ( 'NONE',  ( -28.77828965686989093, 10.30842474325933011, -14.01851861025021684 ) ) ;
#3487 = AXIS2_PLACEMENT_3D ( 'NONE', #2479, #1574, #2751 ) ;
#3488 = CARTESIAN_POINT ( 'NONE',  ( -33.35000000000000853, 9.950000000000001066, -2.199999999999993516 ) ) ;
#3489 = ORIENTED_EDGE ( 'NONE', *, *, #22, .F. ) ;
#3490 = ORIENTED_EDGE ( 'NONE', *, *, #3429, .F. ) ;
#3491 = CARTESIAN_POINT ( 'NONE',  ( 36.09999999999998721, 1.699999999999999956, 36.10000000000000853 ) ) ;
#3492 = CARTESIAN_POINT ( 'NONE',  ( -34.00000000000001421, -1.800000000000000044, -4.999999999999992006 ) ) ;
#3493 = ORIENTED_EDGE ( 'NONE', *, *, #314, .F. ) ;
#3494 = AXIS2_PLACEMENT_3D ( 'NONE', #1458, #1179, #2682 ) ;
#3495 = DIRECTION ( 'NONE',  ( 1.000000000000000000, 0.000000000000000000, 0.000000000000000000 ) ) ;
#3496 = CARTESIAN_POINT ( 'NONE',  ( -36.05000000000001137, -6.684062043356602700, 36.04999999999984084 ) ) ;
#3497 = CARTESIAN_POINT ( 'NONE',  ( -35.15000000000000568, 0.000000000000000000, -31.14999999999998082 ) ) ;
#3498 = CARTESIAN_POINT ( 'NONE',  ( -30.38888945303884626, 11.60000000000000142, -4.113329863811162390 ) ) ;
#3499 = EDGE_CURVE ( 'NONE', #1739, #1904, #3946, .T. ) ;
#3500 = AXIS2_PLACEMENT_3D ( 'NONE', #569, #1771, #1787 ) ;
#3501 = ORIENTED_EDGE ( 'NONE', *, *, #2181, .T. ) ;
#3502 = CARTESIAN_POINT ( 'NONE',  ( 33.44999999999999574, 0.000000000000000000, 31.14999999999996660 ) ) ;
#3503 = ADVANCED_FACE ( 'NONE', ( #3360 ), #3053, .F. ) ;
#3504 = EDGE_CURVE ( 'NONE', #349, #3318, #592, .T. ) ;
#3505 = CARTESIAN_POINT ( 'NONE',  ( -28.70000000000000995, 9.950000000000001066, -14.49999999999999289 ) ) ;
#3506 = LINE ( 'NONE', #1451, #2127 ) ;
#3507 = EDGE_LOOP ( 'NONE', ( #1936, #498, #625, #1190, #894, #2941, #839, #2442 ) ) ;
#3508 = DIRECTION ( 'NONE',  ( 0.000000000000000000, 0.000000000000000000, 1.000000000000000000 ) ) ;
#3509 = DIRECTION ( 'NONE',  ( -0.000000000000000000, 1.000000000000000000, -0.000000000000000000 ) ) ;
#3510 = ORIENTED_EDGE ( 'NONE', *, *, #1857, .F. ) ;
#3511 = ORIENTED_EDGE ( 'NONE', *, *, #1381, .T. ) ;
#3512 = CARTESIAN_POINT ( 'NONE',  ( 8.500000000000000000, 0.000000000000000000, 9.403927464937319686E-16 ) ) ;
#3513 = LINE ( 'NONE', #768, #3334 ) ;
#3514 = DIRECTION ( 'NONE',  ( 0.000000000000000000, 0.000000000000000000, 1.000000000000000000 ) ) ;
#3515 = EDGE_CURVE ( 'NONE', #252, #766, #2983, .T. ) ;
#3516 = LINE ( 'NONE', #1361, #1347 ) ;
#3517 = CARTESIAN_POINT ( 'NONE',  ( -36.05000000000001137, -0.2999999999999999334, 34.49999999999983658 ) ) ;
#3518 = ORIENTED_EDGE ( 'NONE', *, *, #2107, .T. ) ;
#3519 = CARTESIAN_POINT ( 'NONE',  ( -34.00000000000001421, 1.699999999999999956, -5.799999999999994493 ) ) ;
#3520 = EDGE_CURVE ( 'NONE', #2188, #954, #1510, .T. ) ;
#3521 = CARTESIAN_POINT ( 'NONE',  ( 36.04999999999984084, 0.000000000000000000, 36.05000000000001137 ) ) ;
#3522 = VERTEX_POINT ( 'NONE', #2160 ) ;
#3523 = CARTESIAN_POINT ( 'NONE',  ( -33.42841312212826921, 14.59950466605601527, -5.902824240164152414 ) ) ;
#3524 = VERTEX_POINT ( 'NONE', #3380 ) ;
#3525 = CARTESIAN_POINT ( 'NONE',  ( -9.499999999999991118, 0.000000000000000000, -32.07261292754301962 ) ) ;
#3526 = DIRECTION ( 'NONE',  ( -0.000000000000000000, 1.000000000000000000, -0.000000000000000000 ) ) ;
#3527 = ORIENTED_EDGE ( 'NONE', *, *, #336, .F. ) ;
#3528 = VERTEX_POINT ( 'NONE', #309 ) ;
#3529 = EDGE_CURVE ( 'NONE', #622, #152, #2752, .T. ) ;
#3530 = VERTEX_POINT ( 'NONE', #2778 ) ;
#3531 = AXIS2_PLACEMENT_3D ( 'NONE', #430, #1984, #2235 ) ;
#3532 = CARTESIAN_POINT ( 'NONE',  ( -33.45000000000000995, -1.800000000000000044, 31.14999999999998082 ) ) ;
#3533 = CARTESIAN_POINT ( 'NONE',  ( -35.15000000000000568, -1.800000000000000044, -31.14999999999998082 ) ) ;
#3534 = CARTESIAN_POINT ( 'NONE',  ( 36.05000000000000426, 0.000000000000000000, -37.59999999999985221 ) ) ;
#3535 = CIRCLE ( 'NONE', #1669, 1.099999999999989875 ) ;
#3536 = CARTESIAN_POINT ( 'NONE',  ( -35.52346614289537996, 14.07004009268060507, -13.62360754355895587 ) ) ;
#3537 = AXIS2_PLACEMENT_3D ( 'NONE', #512, #3904, #2894 ) ;
#3538 = DIRECTION ( 'NONE',  ( 1.000000000000000000, 0.000000000000000000, 0.000000000000000000 ) ) ;
#3539 = AXIS2_PLACEMENT_3D ( 'NONE', #3585, #1367, #153 ) ;
#3540 = AXIS2_PLACEMENT_3D ( 'NONE', #2586, #2250, #3495 ) ;
#3541 = VERTEX_POINT ( 'NONE', #3099 ) ;
#3542 = CARTESIAN_POINT ( 'NONE',  ( -34.00000000000001421, -1.800000000000000044, -13.59999999999998188 ) ) ;
#3543 = EDGE_CURVE ( 'NONE', #1015, #3604, #1827, .T. ) ;
#3544 = VECTOR ( 'NONE', #3061, 999.9999999999998863 ) ;
#3545 = DIRECTION ( 'NONE',  ( -0.000000000000000000, 0.000000000000000000, 1.000000000000000000 ) ) ;
#3546 = AXIS2_PLACEMENT_3D ( 'NONE', #2523, #72, #1326 ) ;
#3547 = ORIENTED_EDGE ( 'NONE', *, *, #1312, .F. ) ;
#3548 = CARTESIAN_POINT ( 'NONE',  ( -36.10000000000001563, 1.699999999999999956, 36.10000000000000853 ) ) ;
#3549 = ORIENTED_EDGE ( 'NONE', *, *, #1267, .F. ) ;
#3550 = VECTOR ( 'NONE', #2494, 1000.000000000000000 ) ;
#3551 = DIRECTION ( 'NONE',  ( 0.000000000000000000, 0.000000000000000000, -1.000000000000000000 ) ) ;
#3552 = DIRECTION ( 'NONE',  ( 0.000000000000000000, -0.000000000000000000, -1.000000000000000000 ) ) ;
#3553 = ADVANCED_FACE ( 'NONE', ( #951 ), #353, .F. ) ;
#3554 = ORIENTED_EDGE ( 'NONE', *, *, #3112, .T. ) ;
#3555 = FACE_OUTER_BOUND ( 'NONE', #3972, .T. ) ;
#3556 = CARTESIAN_POINT ( 'NONE',  ( -36.10000000000001563, -0.3000000000000001554, 36.10000000000000853 ) ) ;
#3557 = EDGE_CURVE ( 'NONE', #2339, #1739, #1699, .T. ) ;
#3558 = ADVANCED_FACE ( 'NONE', ( #3702 ), #2799, .T. ) ;
#3559 = CARTESIAN_POINT ( 'NONE',  ( -34.83563704904646841, 12.84056786242721770, -10.08173007833232049 ) ) ;
#3560 = AXIS2_PLACEMENT_3D ( 'NONE', #2606, #1396, #3816 ) ;
#3561 = LINE ( 'NONE', #1750, #2515 ) ;
#3562 = FACE_BOUND ( 'NONE', #331, .T. ) ;
#3563 = ORIENTED_EDGE ( 'NONE', *, *, #827, .F. ) ;
#3564 = PLANE ( 'NONE',  #1940 ) ;
#3565 = VECTOR ( 'NONE', #3657, 1000.000000000000000 ) ;
#3566 = LINE ( 'NONE', #2035, #739 ) ;
#3567 = CARTESIAN_POINT ( 'NONE',  ( -33.58555426230893914, 16.50000000000000000, -9.999999999999991118 ) ) ;
#3568 = EDGE_LOOP ( 'NONE', ( #298, #1924, #2875, #1623 ) ) ;
#3569 = DIRECTION ( 'NONE',  ( 0.000000000000000000, -1.000000000000000000, 0.000000000000000000 ) ) ;
#3570 = CARTESIAN_POINT ( 'NONE',  ( -34.00000000000001421, 5.200000000000000178, -4.999999999999992006 ) ) ;
#3571 = ORIENTED_EDGE ( 'NONE', *, *, #953, .F. ) ;
#3572 = ORIENTED_EDGE ( 'NONE', *, *, #2155, .T. ) ;
#3573 = ADVANCED_FACE ( 'NONE', ( #2310 ), #3684, .F. ) ;
#3574 = CARTESIAN_POINT ( 'NONE',  ( -32.61858729448670147, 14.54573067702576239, -13.98860423954315557 ) ) ;
#3575 = EDGE_CURVE ( 'NONE', #249, #125, #1613, .T. ) ;
#3576 = DIRECTION ( 'NONE',  ( -0.000000000000000000, -0.000000000000000000, -1.000000000000000000 ) ) ;
#3577 = DIRECTION ( 'NONE',  ( 0.000000000000000000, 1.000000000000000000, 0.000000000000000000 ) ) ;
#3578 = ADVANCED_FACE ( 'NONE', ( #1593 ), #2495, .F. ) ;
#3579 = CC_DESIGN_PERSON_AND_ORGANIZATION_ASSIGNMENT ( #1531, #2163, ( #2328 ) ) ;
#3580 = CARTESIAN_POINT ( 'NONE',  ( -37.62048743000394779, 11.79129842202194212, -10.74003250256323838 ) ) ;
#3581 = CARTESIAN_POINT ( 'NONE',  ( 0.000000000000000000, 1.699999999999999956, 0.000000000000000000 ) ) ;
#3582 = EDGE_LOOP ( 'NONE', ( #708, #973, #3572, #879 ) ) ;
#3583 = CARTESIAN_POINT ( 'NONE',  ( -31.14999999999998082, -1.800000000000000044, -33.45000000000000995 ) ) ;
#3584 = CARTESIAN_POINT ( 'NONE',  ( 0.000000000000000000, 0.000000000000000000, 0.000000000000000000 ) ) ;
#3585 = CARTESIAN_POINT ( 'NONE',  ( 0.000000000000000000, -5.200000000000000178, 0.000000000000000000 ) ) ;
#3586 = ORIENTED_EDGE ( 'NONE', *, *, #2959, .F. ) ;
#3587 = FACE_OUTER_BOUND ( 'NONE', #3342, .T. ) ;
#3588 = ORIENTED_EDGE ( 'NONE', *, *, #1906, .T. ) ;
#3589 = ORIENTED_EDGE ( 'NONE', *, *, #3776, .F. ) ;
#3590 = LINE ( 'NONE', #3292, #1352 ) ;
#3591 = DIRECTION ( 'NONE',  ( 0.000000000000000000, -0.7071067811865617836, -0.7071067811865332509 ) ) ;
#3592 = LINE ( 'NONE', #843, #1439 ) ;
#3593 = AXIS2_PLACEMENT_3D ( 'NONE', #1825, #29, #50 ) ;
#3594 = CARTESIAN_POINT ( 'NONE',  ( 31.14999999999996660, -1.800000000000000044, 35.14999999999999147 ) ) ;
#3595 = DIRECTION ( 'NONE',  ( 0.000000000000000000, 0.000000000000000000, 1.000000000000000000 ) ) ;
#3596 = VECTOR ( 'NONE', #1978, 1000.000000000000000 ) ;
#3597 = EDGE_CURVE ( 'NONE', #1448, #2327, #971, .T. ) ;
#3598 = VERTEX_POINT ( 'NONE', #2010 ) ;
#3599 = CARTESIAN_POINT ( 'NONE',  ( -39.90000000000001279, 0.000000000000000000, 36.09999999999998010 ) ) ;
#3600 = CIRCLE ( 'NONE', #266, 1.000000000000000888 ) ;
#3601 = CARTESIAN_POINT ( 'NONE',  ( -34.00000000000001421, 5.200000000000000178, -4.999999999999992006 ) ) ;
#3602 = EDGE_CURVE ( 'NONE', #2466, #1230, #1445, .T. ) ;
#3603 = AXIS2_PLACEMENT_3D ( 'NONE', #2929, #1162, #527 ) ;
#3604 = VERTEX_POINT ( 'NONE', #3444 ) ;
#3605 = EDGE_LOOP ( 'NONE', ( #567, #1753, #2233, #704 ) ) ;
#3606 = AXIS2_PLACEMENT_3D ( 'NONE', #1703, #786, #2087 ) ;
#3607 = AXIS2_PLACEMENT_3D ( 'NONE', #493, #1728, #833 ) ;
#3608 = DIRECTION ( 'NONE',  ( 0.000000000000000000, 0.000000000000000000, 1.000000000000000000 ) ) ;
#3609 = EDGE_LOOP ( 'NONE', ( #2924, #1440, #3038, #1645, #1553, #741 ) ) ;
#3610 = VERTEX_POINT ( 'NONE', #2927 ) ;
#3611 = CARTESIAN_POINT ( 'NONE',  ( 35.14999999999999147, 0.000000000000000000, -31.14999999999998082 ) ) ;
#3612 = AXIS2_PLACEMENT_3D ( 'NONE', #3819, #3798, #1062 ) ;
#3613 = FACE_OUTER_BOUND ( 'NONE', #128, .T. ) ;
#3614 = CARTESIAN_POINT ( 'NONE',  ( -32.45000000000000995, -1.799999999999999600, -17.00000000000000000 ) ) ;
#3615 = CYLINDRICAL_SURFACE ( 'NONE', #3603, 1.000000000000000888 ) ;
#3616 = CARTESIAN_POINT ( 'NONE',  ( -38.00000000000001421, 9.950000000000002842, -2.199999999999990408 ) ) ;
#3617 = VERTEX_POINT ( 'NONE', #3534 ) ;
#3618 = CARTESIAN_POINT ( 'NONE',  ( -32.70841011707393164, 14.55552520589421128, -5.994925949688318489 ) ) ;
#3619 = CARTESIAN_POINT ( 'NONE',  ( -34.00000000000001421, -5.200000000000000178, -12.49999999999999289 ) ) ;
#3620 = VERTEX_POINT ( 'NONE', #468 ) ;
#3621 = FACE_OUTER_BOUND ( 'NONE', #3160, .T. ) ;
#3622 = EDGE_CURVE ( 'NONE', #1269, #1071, #1766, .T. ) ;
#3623 = ADVANCED_FACE ( 'NONE', ( #677, #1898 ), #696, .T. ) ;
#3624 = CARTESIAN_POINT ( 'NONE',  ( -29.54607249758581844, 12.62510863394339466, -9.279454122317961406 ) ) ;
#3625 = EDGE_LOOP ( 'NONE', ( #2114, #99 ) ) ;
#3626 = VERTEX_POINT ( 'NONE', #3137 ) ;
#3627 = LINE ( 'NONE', #3644, #1229 ) ;
#3628 = FACE_OUTER_BOUND ( 'NONE', #629, .T. ) ;
#3629 = B_SPLINE_CURVE_WITH_KNOTS ( 'NONE', 3,
 ( #2300, #1052, #3523, #477, #2283, #1994 ),
 .UNSPECIFIED., .F., .F.,
 ( 4, 2, 4 ),
 ( 0.02772210752407400572, 0.02783849490684320999, 0.02795488228961241078 ),
 .UNSPECIFIED. ) ;
#3630 = CARTESIAN_POINT ( 'NONE',  ( -34.58204772231376722, 12.95985531351727005, -9.228441342607146325 ) ) ;
#3631 = CARTESIAN_POINT ( 'NONE',  ( -32.95424672593687632, 13.17938380327269421, -11.09124809804036538 ) ) ;
#3632 = CARTESIAN_POINT ( 'NONE',  ( -9.499999999999994671, -1.800000000000000044, -32.45000000000000995 ) ) ;
#3633 = EDGE_LOOP ( 'NONE', ( #3022, #317, #1363, #1679 ) ) ;
#3634 = CARTESIAN_POINT ( 'NONE',  ( -30.10000000000001208, 9.950000000000001066, -5.899999999999992362 ) ) ;
#3635 = DIRECTION ( 'NONE',  ( -0.000000000000000000, 1.000000000000000000, -0.000000000000000000 ) ) ;
#3636 = DIRECTION ( 'NONE',  ( -0.000000000000000000, -1.000000000000000000, -0.000000000000000000 ) ) ;
#3637 = EDGE_CURVE ( 'NONE', #2086, #622, #2653, .T. ) ;
#3638 = ORIENTED_EDGE ( 'NONE', *, *, #2155, .F. ) ;
#3639 = CARTESIAN_POINT ( 'NONE',  ( -31.14999999999998082, 0.000000000000000000, -33.45000000000000995 ) ) ;
#3640 = LINE ( 'NONE', #3341, #589 ) ;
#3641 = EDGE_CURVE ( 'NONE', #1138, #349, #3169, .T. ) ;
#3642 = EDGE_CURVE ( 'NONE', #58, #3711, #2400, .T. ) ;
#3643 = ORIENTED_EDGE ( 'NONE', *, *, #633, .F. ) ;
#3644 = CARTESIAN_POINT ( 'NONE',  ( -32.45000000000000995, -26.84966131682163137, -16.00000000000000000 ) ) ;
#3645 = CARTESIAN_POINT ( 'NONE',  ( 3.973978863233160764E-15, -1.799999999999999600, -32.45000000000000284 ) ) ;
#3646 = ORIENTED_EDGE ( 'NONE', *, *, #953, .T. ) ;
#3647 = CARTESIAN_POINT ( 'NONE',  ( -34.44740057443294745, 14.46865156647801953, -2.199999999999990852 ) ) ;
#3648 = EDGE_CURVE ( 'NONE', #2868, #1515, #1999, .T. ) ;
#3649 = CARTESIAN_POINT ( 'NONE',  ( -32.49346706867975598, 13.08578049345372385, -10.62978629243717243 ) ) ;
#3650 = CARTESIAN_POINT ( 'NONE',  ( -33.45000000000000995, -1.800000000000000044, 31.14999999999998082 ) ) ;
#3651 = AXIS2_PLACEMENT_3D ( 'NONE', #409, #2850, #3833 ) ;
#3652 = ORIENTED_EDGE ( 'NONE', *, *, #69, .T. ) ;
#3653 = CYLINDRICAL_SURFACE ( 'NONE', #1557, 1.000000000000000888 ) ;
#3654 = CARTESIAN_POINT ( 'NONE',  ( 32.07261292754301962, -5.200000000000000178, -9.499999999999996447 ) ) ;
#3655 = AXIS2_PLACEMENT_3D ( 'NONE', #2504, #79, #3753 ) ;
#3656 = CARTESIAN_POINT ( 'NONE',  ( 31.14999999999997726, 0.000000000000000000, 33.44999999999999574 ) ) ;
#3657 = DIRECTION ( 'NONE',  ( 1.000000000000000000, 0.000000000000000000, 0.000000000000000000 ) ) ;
#3658 = CIRCLE ( 'NONE', #1024, 1.000000000000000888 ) ;
#3659 = ORIENTED_EDGE ( 'NONE', *, *, #642, .F. ) ;
#3660 = DIRECTION ( 'NONE',  ( -1.000000000000000000, -2.611411684266160624E-15, 9.326470300950573656E-17 ) ) ;
#3661 = DIRECTION ( 'NONE',  ( 0.000000000000000000, 0.000000000000000000, 1.000000000000000000 ) ) ;
#3662 = ORIENTED_EDGE ( 'NONE', *, *, #167, .F. ) ;
#3663 = AXIS2_PLACEMENT_3D ( 'NONE', #28, #1242, #2473 ) ;
#3664 = VERTEX_POINT ( 'NONE', #257 ) ;
#3665 = AXIS2_PLACEMENT_3D ( 'NONE', #1364, #2595, #3822 ) ;
#3666 = DESIGN_CONTEXT ( 'detailed design', #3078, 'design' ) ;
#3667 = DIRECTION ( 'NONE',  ( 0.000000000000000000, 0.000000000000000000, 1.000000000000000000 ) ) ;
#3668 = EDGE_CURVE ( 'NONE', #805, #1455, #227, .T. ) ;
#3669 = LINE ( 'NONE', #922, #1866 ) ;
#3670 = ORIENTED_EDGE ( 'NONE', *, *, #1508, .T. ) ;
#3671 = CIRCLE ( 'NONE', #2770, 3.799999999999998046 ) ;
#3672 = CYLINDRICAL_SURFACE ( 'NONE', #3036, 4.650000000000001243 ) ;
#3673 = AXIS2_PLACEMENT_3D ( 'NONE', #2749, #3941, #2093 ) ;
#3674 = AXIS2_PLACEMENT_3D ( 'NONE', #970, #67, #615 ) ;
#3675 = CARTESIAN_POINT ( 'NONE',  ( -31.52260655203831163, 13.63231553277178776, -2.199999999999991296 ) ) ;
#3676 = EDGE_CURVE ( 'NONE', #2918, #55, #3251, .T. ) ;
#3677 = ADVANCED_FACE ( 'NONE', ( #2045 ), #1724, .T. ) ;
#3678 = CARTESIAN_POINT ( 'NONE',  ( 9.499999999999992895, -1.800000000000000044, 32.07261292754301962 ) ) ;
#3679 = ORIENTED_EDGE ( 'NONE', *, *, #1047, .T. ) ;
#3680 = FACE_OUTER_BOUND ( 'NONE', #2020, .T. ) ;
#3681 = CARTESIAN_POINT ( 'NONE',  ( 0.000000000000000000, 0.000000000000000000, -16.00000000000000000 ) ) ;
#3682 = LINE ( 'NONE', #3070, #3222 ) ;
#3683 = DIRECTION ( 'NONE',  ( 0.000000000000000000, -1.000000000000000000, 0.000000000000000000 ) ) ;
#3684 = CONICAL_SURFACE ( 'NONE', #1434, 1.099999999999989875, 0.7853981633974359555 ) ;
#3685 = ORIENTED_EDGE ( 'NONE', *, *, #1408, .F. ) ;
#3686 = LINE ( 'NONE', #1836, #858 ) ;
#3687 = APPROVAL_DATE_TIME ( #937, #3458 ) ;
#3688 = APPROVAL_PERSON_ORGANIZATION ( #913, #1858, #3102 ) ;
#3689 = CARTESIAN_POINT ( 'NONE',  ( -29.65106921649607941, 12.77040664566883521, -8.801574123370379255 ) ) ;
#3690 = ORIENTED_EDGE ( 'NONE', *, *, #168, .T. ) ;
#3691 = CARTESIAN_POINT ( 'NONE',  ( -36.09999999999998721, 1.699999999999999956, 39.90000000000000568 ) ) ;
#3692 = CYLINDRICAL_SURFACE ( 'NONE', #1094, 1.000000000000000888 ) ;
#3693 = AXIS2_PLACEMENT_3D ( 'NONE', #372, #3400, #1875 ) ;
#3694 = DIRECTION ( 'NONE',  ( -0.000000000000000000, 1.000000000000000000, -0.000000000000000000 ) ) ;
#3695 = EDGE_CURVE ( 'NONE', #193, #3017, #3364, .T. ) ;
#3696 = CARTESIAN_POINT ( 'NONE',  ( 0.000000000000000000, -1.799999999999999600, 32.45000000000000284 ) ) ;
#3697 = CARTESIAN_POINT ( 'NONE',  ( -9.500000000000001776, -1.799999999999999600, 32.44999999999999574 ) ) ;
#3698 = ORIENTED_EDGE ( 'NONE', *, *, #3794, .F. ) ;
#3699 = FACE_OUTER_BOUND ( 'NONE', #293, .T. ) ;
#3700 = CARTESIAN_POINT ( 'NONE',  ( 8.500000000000000000, 0.000000000000000000, 9.403927464937319686E-16 ) ) ;
#3701 = CARTESIAN_POINT ( 'NONE',  ( 35.14999999999999147, -1.800000000000000044, 31.14999999999996660 ) ) ;
#3702 = FACE_OUTER_BOUND ( 'NONE', #1650, .T. ) ;
#3703 = ORIENTED_EDGE ( 'NONE', *, *, #292, .T. ) ;
#3704 = CYLINDRICAL_SURFACE ( 'NONE', #273, 4.000000000000000000 ) ;
#3705 = SHAPE_DEFINITION_REPRESENTATION ( #338, #713 ) ;
#3706 = PLANE ( 'NONE',  #1932 ) ;
#3707 = ORIENTED_EDGE ( 'NONE', *, *, #1238, .T. ) ;
#3708 = VERTEX_POINT ( 'NONE', #525 ) ;
#3709 = FACE_OUTER_BOUND ( 'NONE', #2019, .T. ) ;
#3710 = DIRECTION ( 'NONE',  ( 0.000000000000000000, -1.000000000000000000, 0.000000000000000000 ) ) ;
#3711 = VERTEX_POINT ( 'NONE', #2106 ) ;
#3712 = DIRECTION ( 'NONE',  ( -0.000000000000000000, -1.000000000000000000, -0.000000000000000000 ) ) ;
#3713 = FACE_OUTER_BOUND ( 'NONE', #635, .T. ) ;
#3714 = LINE ( 'NONE', #1221, #2822 ) ;
#3715 = ORIENTED_EDGE ( 'NONE', *, *, #2129, .T. ) ;
#3716 = FACE_OUTER_BOUND ( 'NONE', #2547, .T. ) ;
#3717 = LINE ( 'NONE', #3359, #3550 ) ;
#3718 = EDGE_CURVE ( 'NONE', #1828, #104, #1247, .T. ) ;
#3719 = CARTESIAN_POINT ( 'NONE',  ( 0.000000000000000000, -26.84966131682163137, -16.00000000000000000 ) ) ;
#3720 = VERTEX_POINT ( 'NONE', #2370 ) ;
#3721 = CYLINDRICAL_SURFACE ( 'NONE', #2002, 0.9999999999999991118 ) ;
#3722 = AXIS2_PLACEMENT_3D ( 'NONE', #3697, #63, #691 ) ;
#3723 = APPROVAL_STATUS ( 'not_yet_approved' ) ;
#3724 = EDGE_CURVE ( 'NONE', #724, #2327, #3940, .T. ) ;
#3725 = CARTESIAN_POINT ( 'NONE',  ( -28.71297918112524883, 10.17805641463885813, -14.42054506144971882 ) ) ;
#3726 = CIRCLE ( 'NONE', #522, 0.7000000000000009548 ) ;
#3727 = VERTEX_POINT ( 'NONE', #243 ) ;
#3728 = AXIS2_PLACEMENT_3D ( 'NONE', #3016, #1174, #3320 ) ;
#3729 = DIRECTION ( 'NONE',  ( 0.000000000000000000, -1.000000000000000000, 0.000000000000000000 ) ) ;
#3730 = DIRECTION ( 'NONE',  ( 0.000000000000000000, -1.000000000000000000, 0.000000000000000000 ) ) ;
#3731 = VERTEX_POINT ( 'NONE', #1444 ) ;
#3732 = CARTESIAN_POINT ( 'NONE',  ( -33.45000000000000995, -1.800000000000000044, -31.14999999999998082 ) ) ;
#3733 = ORIENTED_EDGE ( 'NONE', *, *, #3938, .T. ) ;
#3734 = CIRCLE ( 'NONE', #3018, 1.000000000000000888 ) ;
#3735 = CARTESIAN_POINT ( 'NONE',  ( -36.04999999999984794, -0.2999999999999999334, -36.05000000000000426 ) ) ;
#3736 = CIRCLE ( 'NONE', #2893, 0.7000000000000009548 ) ;
#3737 = CARTESIAN_POINT ( 'NONE',  ( -33.50675580663374120, 14.59752313271616408, -14.09943102767286760 ) ) ;
#3738 = AXIS2_PLACEMENT_3D ( 'NONE', #250, #2399, #1490 ) ;
#3739 = CIRCLE ( 'NONE', #2390, 1.000000000000000888 ) ;
#3740 = ORIENTED_EDGE ( 'NONE', *, *, #1777, .T. ) ;
#3741 = DIRECTION ( 'NONE',  ( -1.000000000000000000, 0.000000000000000000, -0.000000000000000000 ) ) ;
#3742 = PLANE ( 'NONE',  #1813 ) ;
#3743 = DIRECTION ( 'NONE',  ( 0.000000000000000000, -1.000000000000000000, 0.000000000000000000 ) ) ;
#3744 = ORIENTED_EDGE ( 'NONE', *, *, #3824, .T. ) ;
#3745 = CARTESIAN_POINT ( 'NONE',  ( -29.12580850838099877, 11.96323266928094320, -13.81308720220761188 ) ) ;
#3746 = ADVANCED_FACE ( 'NONE', ( #2669 ), #3004, .F. ) ;
#3747 = APPROVAL_STATUS ( 'not_yet_approved' ) ;
#3748 = CARTESIAN_POINT ( 'NONE',  ( -9.499999999999991118, -5.200000000000000178, -32.07261292754301962 ) ) ;
#3749 = ORIENTED_EDGE ( 'NONE', *, *, #2953, .F. ) ;
#3750 = EDGE_CURVE ( 'NONE', #3664, #422, #3592, .T. ) ;
#3751 = ORGANIZATION ( 'ๆช', 'ๆช', '' ) ;
#3752 = CARTESIAN_POINT ( 'NONE',  ( 0.000000000000000000, -1.799999999999999600, 8.500000000000000000 ) ) ;
#3753 = DIRECTION ( 'NONE',  ( 0.000000000000000000, 0.000000000000000000, -1.000000000000000000 ) ) ;
#3754 = ORIENTED_EDGE ( 'NONE', *, *, #2080, .T. ) ;
#3755 = CARTESIAN_POINT ( 'NONE',  ( 36.09999999999998721, 1.699999999999999956, -36.09999999999999432 ) ) ;
#3756 = ORIENTED_EDGE ( 'NONE', *, *, #1502, .T. ) ;
#3757 = VECTOR ( 'NONE', #888, 1000.000000000000000 ) ;
#3758 = LINE ( 'NONE', #3512, #593 ) ;
#3759 = CARTESIAN_POINT ( 'NONE',  ( -38.00000000000001421, 14.59999999999999964, -2.199999999999990408 ) ) ;
#3760 = EDGE_LOOP ( 'NONE', ( #3825, #1819, #2025, #235 ) ) ;
#3761 = ORIENTED_EDGE ( 'NONE', *, *, #1777, .F. ) ;
#3762 = DIRECTION ( 'NONE',  ( 1.000000000000000000, 0.000000000000000000, 1.106344407639684604E-16 ) ) ;
#3763 = DIRECTION ( 'NONE',  ( -0.000000000000000000, 1.000000000000000000, -0.000000000000000000 ) ) ;
#3764 = ORIENTED_EDGE ( 'NONE', *, *, #3520, .T. ) ;
#3765 = DIRECTION ( 'NONE',  ( 0.000000000000000000, 0.000000000000000000, -1.000000000000000000 ) ) ;
#3766 = CARTESIAN_POINT ( 'NONE',  ( -39.90000000000001279, 1.699999999999999956, -36.09999999999996589 ) ) ;
#3767 = EDGE_CURVE ( 'NONE', #2922, #1711, #2701, .T. ) ;
#3768 = ORIENTED_EDGE ( 'NONE', *, *, #3157, .T. ) ;
#3769 = CARTESIAN_POINT ( 'NONE',  ( -31.14999999999998082, -1.800000000000000044, -35.15000000000000568 ) ) ;
#3770 = DIRECTION ( 'NONE',  ( -0.000000000000000000, 1.000000000000000000, -0.000000000000000000 ) ) ;
#3771 = ORIENTED_EDGE ( 'NONE', *, *, #1688, .F. ) ;
#3772 = EDGE_CURVE ( 'NONE', #805, #2642, #547, .T. ) ;
#3773 = PERSON_AND_ORGANIZATION ( #1039, #3751 ) ;
#3774 = LINE ( 'NONE', #1663, #1675 ) ;
#3775 = CYLINDRICAL_SURFACE ( 'NONE', #3531, 4.650000000000001243 ) ;
#3776 = EDGE_CURVE ( 'NONE', #492, #1455, #1692, .T. ) ;
#3777 = CARTESIAN_POINT ( 'NONE',  ( -28.80802839487632028, 0.000000000000000000, -16.99999999999999289 ) ) ;
#3778 = CYLINDRICAL_SURFACE ( 'NONE', #3612, 1.249999999999997558 ) ;
#3779 = ORIENTED_EDGE ( 'NONE', *, *, #1951, .F. ) ;
#3780 = CARTESIAN_POINT ( 'NONE',  ( 33.44999999999999574, -1.800000000000000044, -9.500000000000001776 ) ) ;
#3781 = DIRECTION ( 'NONE',  ( 0.000000000000000000, 0.000000000000000000, 1.000000000000000000 ) ) ;
#3782 = ORIENTED_EDGE ( 'NONE', *, *, #3943, .T. ) ;
#3783 = CIRCLE ( 'NONE', #965, 21.10000000000000142 ) ;
#3784 = VERTEX_POINT ( 'NONE', #3935 ) ;
#3785 = CARTESIAN_POINT ( 'NONE',  ( -28.95345349795306333, 11.09553236361859518, -12.94126098758868615 ) ) ;
#3786 = LINE ( 'NONE', #3166, #199 ) ;
#3787 = VERTEX_POINT ( 'NONE', #3912 ) ;
#3788 =( NAMED_UNIT ( * ) SI_UNIT ( $, .STERADIAN. ) SOLID_ANGLE_UNIT ( ) );
#3789 = ORIENTED_EDGE ( 'NONE', *, *, #140, .T. ) ;
#3790 = CIRCLE ( 'NONE', #2763, 31.15000000000000213 ) ;
#3791 = DIRECTION ( 'NONE',  ( 0.000000000000000000, 0.000000000000000000, 1.000000000000000000 ) ) ;
#3792 = LINE ( 'NONE', #3459, #1926 ) ;
#3793 = AXIS2_PLACEMENT_3D ( 'NONE', #2775, #2219, #1525 ) ;
#3794 = EDGE_CURVE ( 'NONE', #957, #2642, #1892, .T. ) ;
#3795 = ADVANCED_FACE ( 'NONE', ( #1845 ), #1262, .F. ) ;
#3796 = AXIS2_PLACEMENT_3D ( 'NONE', #318, #3040, #2469 ) ;
#3797 = CARTESIAN_POINT ( 'NONE',  ( 39.89999999999998437, 1.699999999999999956, 36.09999999999998010 ) ) ;
#3798 = DIRECTION ( 'NONE',  ( -0.000000000000000000, 1.000000000000000000, -0.000000000000000000 ) ) ;
#3799 = AXIS2_PLACEMENT_3D ( 'NONE', #176, #1389, #2617 ) ;
#3800 = VECTOR ( 'NONE', #588, 1000.000000000000000 ) ;
#3801 = EDGE_LOOP ( 'NONE', ( #2620, #1335, #3453, #2386 ) ) ;
#3802 = LINE ( 'NONE', #993, #532 ) ;
#3803 = MANIFOLD_SOLID_BREP ( 'อนฬจ-ภญษ์9', #2585 ) ;
#3804 = AXIS2_PLACEMENT_3D ( 'NONE', #2870, #1689, #413 ) ;
#3805 = CARTESIAN_POINT ( 'NONE',  ( -34.00000000000001421, 1.699999999999999956, -11.79999999999999183 ) ) ;
#3806 = CARTESIAN_POINT ( 'NONE',  ( 36.05000000000000426, 0.000000000000000000, -36.04999999999984794 ) ) ;
#3807 = B_SPLINE_CURVE_WITH_KNOTS ( 'NONE', 3,
 ( #2391, #1782, #3005, #1477, #3253, #3393, #2152, #3675, #3353, #1521, #1846, #3027, #646, #3045, #3114, #963, #1824, #303 ),
 .UNSPECIFIED., .F., .F.,
 ( 4, 2, 2, 2, 2, 2, 2, 2, 4 ),
 ( 0.000000000000000000, 0.0006778253908484229177, 0.001355650781696845835, 0.002033476172545268645, 0.002711301563393698176, 0.003389126954242127274, 0.004066952345090556371, 0.004744777735938986336, 0.005422603126787415434 ),
 .UNSPECIFIED. ) ;
#3808 = EDGE_LOOP ( 'NONE', ( #3761, #2897, #3527, #2101 ) ) ;
#3809 = DIRECTION ( 'NONE',  ( 0.000000000000000000, 0.000000000000000000, -1.000000000000000000 ) ) ;
#3810 = CARTESIAN_POINT ( 'NONE',  ( 32.44999999999999574, 0.000000000000000000, -9.500000000000001776 ) ) ;
#3812 = ORIENTED_EDGE ( 'NONE', *, *, #3970, .T. ) ;
#3811 = MANIFOLD_SOLID_BREP ( 'วะณý-ภญษ์6', #1296 ) ;
#3813 = CARTESIAN_POINT ( 'NONE',  ( -36.60000000000001563, 9.950000000000001066, -5.899999999999992362 ) ) ;
#3814 = PLANE ( 'NONE',  #721 ) ;
#3815 = DIRECTION ( 'NONE',  ( 0.000000000000000000, 0.000000000000000000, 1.000000000000000000 ) ) ;
#3816 = DIRECTION ( 'NONE',  ( 0.000000000000000000, 0.000000000000000000, -1.000000000000000000 ) ) ;
#3817 = EDGE_CURVE ( 'NONE', #861, #3034, #2488, .T. ) ;
#3818 = DIRECTION ( 'NONE',  ( -0.000000000000000000, 1.000000000000000000, -0.000000000000000000 ) ) ;
#3819 = CARTESIAN_POINT ( 'NONE',  ( -33.58555426230893914, -5.201000000000000512, -9.999999999999991118 ) ) ;
#3820 = EDGE_CURVE ( 'NONE', #1274, #108, #2506, .T. ) ;
#3821 = ORIENTED_EDGE ( 'NONE', *, *, #2423, .T. ) ;
#3822 = DIRECTION ( 'NONE',  ( 0.000000000000000000, -0.000000000000000000, -1.000000000000000000 ) ) ;
#3823 = FACE_OUTER_BOUND ( 'NONE', #2536, .T. ) ;
#3824 = EDGE_CURVE ( 'NONE', #1788, #117, #3064, .T. ) ;
#3825 = ORIENTED_EDGE ( 'NONE', *, *, #2525, .F. ) ;
#3826 = FACE_OUTER_BOUND ( 'NONE', #3568, .T. ) ;
#3827 = ORIENTED_EDGE ( 'NONE', *, *, #1328, .F. ) ;
#3828 = EDGE_LOOP ( 'NONE', ( #1564, #2697, #1236, #230 ) ) ;
#3829 = DIRECTION ( 'NONE',  ( 0.000000000000000000, -1.000000000000000000, 0.000000000000000000 ) ) ;
#3830 = PLANE ( 'NONE',  #10 ) ;
#3831 = EDGE_LOOP ( 'NONE', ( #1223, #2964, #1785, #2659, #2395, #3221, #3127, #1757, #1944 ) ) ;
#3832 = CARTESIAN_POINT ( 'NONE',  ( -32.45000000000000995, -26.84966131682163137, -17.00000000000000000 ) ) ;
#3833 = DIRECTION ( 'NONE',  ( 0.000000000000000000, 0.000000000000000000, 1.000000000000000000 ) ) ;
#3834 = CARTESIAN_POINT ( 'NONE',  ( -33.58555426230893914, 13.19145248145150262, -8.749999999999994671 ) ) ;
#3835 = DIRECTION ( 'NONE',  ( 1.106344407639684604E-16, 0.000000000000000000, -1.000000000000000000 ) ) ;
#3836 =( BOUNDED_SURFACE ( )  B_SPLINE_SURFACE ( 3, 2, ( 
 ( #3446, #2575, #3486 ),
 ( #434, #375, #3178 ),
 ( #3745, #126, #2224 ),
 ( #698, #1919, #3139 ),
 ( #395, #2838, #3161 ),
 ( #417, #187, #3861 ),
 ( #2951, #2654, #3276 ),
 ( #451, #1400, #2628 ),
 ( #2280, #1970, #2913 ),
 ( #1449, #2673, #815 ) ),
 .UNSPECIFIED., .F., .F., .F. ) 
 B_SPLINE_SURFACE_WITH_KNOTS ( ( 4, 2, 2, 2, 4 ),
 ( 3, 3 ),
 ( 0.2189728521052549948, 0.5569287207776654203, 0.8948845894500757625, 1.232840458122486105, 1.570796326794896558 ),
 ( 0.000000000000000000, 1.000000000000000000 ),
 .UNSPECIFIED. ) 
 GEOMETRIC_REPRESENTATION_ITEM ( )  RATIONAL_B_SPLINE_SURFACE ( (
 ( 1.000000000000000000, 0.9908247785327554125, 1.000000000000000000),
 ( 1.000000000000000000, 0.9847346324257008066, 1.000000000000000000),
 ( 1.000000000000000000, 0.9739409812448651671, 1.000000000000000000),
 ( 1.000000000000000000, 0.9432853179351787798, 1.000000000000000000),
 ( 1.000000000000000000, 0.9234193774713302938, 1.000000000000000000),
 ( 1.000000000000000000, 0.8751906383471316220, 1.000000000000000000),
 ( 1.000000000000000000, 0.8468282024229627503, 1.000000000000000000),
 ( 1.000000000000000000, 0.7824423272044265243, 1.000000000000000000),
 ( 1.000000000000000000, 0.7464228530304823916, 1.000000000000000000),
 ( 1.000000000000000000, 0.7071067811865475727, 1.000000000000000000) ) ) 
 REPRESENTATION_ITEM ( '' )  SURFACE ( )  );
#3837 = CARTESIAN_POINT ( 'NONE',  ( 9.215994020926752128, -1.799999999999999600, 31.11379041849839311 ) ) ;
#3838 = EDGE_LOOP ( 'NONE', ( #3240, #2707, #216, #478 ) ) ;
#3839 = DIRECTION ( 'NONE',  ( -0.000000000000000000, 0.000000000000000000, 1.000000000000000000 ) ) ;
#3840 = EDGE_CURVE ( 'NONE', #720, #363, #1653, .T. ) ;
#3841 = CARTESIAN_POINT ( 'NONE',  ( -33.58555426230893914, -5.201000000000000512, -5.899999999999991473 ) ) ;
#3842 = FACE_BOUND ( 'NONE', #1119, .T. ) ;
#3843 = VERTEX_POINT ( 'NONE', #962 ) ;
#3844 = EDGE_CURVE ( 'NONE', #2086, #693, #3392, .T. ) ;
#3845 = EDGE_CURVE ( 'NONE', #3522, #3708, #320, .T. ) ;
#3846 = DIRECTION ( 'NONE',  ( 0.000000000000000000, -1.000000000000000000, 0.000000000000000000 ) ) ;
#3847 = DIRECTION ( 'NONE',  ( -0.000000000000000000, -1.000000000000000000, -0.000000000000000000 ) ) ;
#3848 = ORIENTED_EDGE ( 'NONE', *, *, #2767, .T. ) ;
#3849 = EDGE_LOOP ( 'NONE', ( #3902, #1030, #2063, #263 ) ) ;
#3850 = VERTEX_POINT ( 'NONE', #3350 ) ;
#3851 = CIRCLE ( 'NONE', #2117, 0.9999999999999991118 ) ;
#3852 = DIRECTION ( 'NONE',  ( 0.000000000000000000, 0.000000000000000000, -1.000000000000000000 ) ) ;
#3853 = DIRECTION ( 'NONE',  ( 0.000000000000000000, 0.000000000000000000, -1.000000000000000000 ) ) ;
#3854 = CARTESIAN_POINT ( 'NONE',  ( -34.58182881526748531, 12.95996508418654081, -10.77195599933037329 ) ) ;
#3855 = CIRCLE ( 'NONE', #2318, 1.099999999999989875 ) ;
#3856 = CARTESIAN_POINT ( 'NONE',  ( -34.75078754222223409, 14.38631931519456408, -6.066468369397159499 ) ) ;
#3857 = VECTOR ( 'NONE', #1095, 1000.000000000000000 ) ;
#3858 = CARTESIAN_POINT ( 'NONE',  ( -34.00000000000001421, -1.800000000000000044, -3.900000000000002576 ) ) ;
#3859 = AXIS2_PLACEMENT_3D ( 'NONE', #631, #3461, #123 ) ;
#3860 = ORIENTED_EDGE ( 'NONE', *, *, #1929, .F. ) ;
#3861 = CARTESIAN_POINT ( 'NONE',  ( -29.50164335047267627, 11.35351136065151501, -9.569893394593082192 ) ) ;
#3862 =( BOUNDED_CURVE ( )  B_SPLINE_CURVE ( 3, ( #2545, #1656, #2286, #744 ),
 .UNSPECIFIED., .F., .F. ) 
 B_SPLINE_CURVE_WITH_KNOTS ( ( 4, 4 ),
 ( 4.712388980384686121, 4.902076314618103225 ),
 .UNSPECIFIED. ) 
 CURVE ( )  GEOMETRIC_REPRESENTATION_ITEM ( )  RATIONAL_B_SPLINE_CURVE ( ( 1.000000000000000000, 0.9970038065899828883, 0.9970038065899828883, 1.000000000000000000 ) ) 
 REPRESENTATION_ITEM ( '' )  );
#3863 = VECTOR ( 'NONE', #42, 1000.000000000000000 ) ;
#3864 = DIRECTION ( 'NONE',  ( 0.000000000000000000, -1.000000000000000000, -0.000000000000000000 ) ) ;
#3865 = AXIS2_PLACEMENT_3D ( 'NONE', #3194, #150, #3216 ) ;
#3866 = EDGE_CURVE ( 'NONE', #3348, #193, #985, .T. ) ;
#3867 = PLANE ( 'NONE',  #1028 ) ;
#3868 = ORIENTED_EDGE ( 'NONE', *, *, #3104, .T. ) ;
#3869 = AXIS2_PLACEMENT_3D ( 'NONE', #3443, #2434, #2518 ) ;
#3870 = CARTESIAN_POINT ( 'NONE',  ( -34.00000000000001421, -1.800000000000000044, -13.59999999999998188 ) ) ;
#3871 = CARTESIAN_POINT ( 'NONE',  ( -34.00000000000001421, 5.200000000000000178, -12.49999999999999289 ) ) ;
#3872 = ADVANCED_FACE ( 'NONE', ( #343 ), #2189, .F. ) ;
#3873 = ORIENTED_EDGE ( 'NONE', *, *, #3724, .T. ) ;
#3874 = APPROVAL ( #1880, 'ๆช' ) ;
#3875 = VERTEX_POINT ( 'NONE', #1280 ) ;
#3876 = ORIENTED_EDGE ( 'NONE', *, *, #3273, .F. ) ;
#3877 = DIRECTION ( 'NONE',  ( 0.000000000000000000, 0.000000000000000000, 1.000000000000000000 ) ) ;
#3878 = CARTESIAN_POINT ( 'NONE',  ( 33.44999999999999574, 0.000000000000000000, -31.14999999999999147 ) ) ;
#3879 = CARTESIAN_POINT ( 'NONE',  ( -34.77027711854791647, 12.87345099350308786, -10.40715898583290233 ) ) ;
#3880 = CIRCLE ( 'NONE', #2468, 0.7000000000000009548 ) ;
#3881 = AXIS2_PLACEMENT_3D ( 'NONE', #3614, #3312, #2125 ) ;
#3882 = CARTESIAN_POINT ( 'NONE',  ( -35.75824058386046289, 13.93615995949098085, -13.48685018465687868 ) ) ;
#3883 = DIRECTION ( 'NONE',  ( 0.000000000000000000, 0.000000000000000000, 1.000000000000000000 ) ) ;
#3884 = ORIENTED_EDGE ( 'NONE', *, *, #1982, .T. ) ;
#3885 = PLANE ( 'NONE',  #3665 ) ;
#3886 = CIRCLE ( 'NONE', #749, 4.100000000000000533 ) ;
#3887 = CARTESIAN_POINT ( 'NONE',  ( 32.44999999999999574, 0.000000000000000000, 8.500000000000000000 ) ) ;
#3888 = CARTESIAN_POINT ( 'NONE',  ( -36.04999999999984794, -6.684062043356602700, -36.05000000000000426 ) ) ;
#3889 = ORIENTED_EDGE ( 'NONE', *, *, #2423, .F. ) ;
#3890 = VERTEX_POINT ( 'NONE', #302 ) ;
#3891 = LINE ( 'NONE', #2039, #401 ) ;
#3892 = VERTEX_POINT ( 'NONE', #3128 ) ;
#3893 = ORIENTED_EDGE ( 'NONE', *, *, #1534, .F. ) ;
#3894 = ORIENTED_EDGE ( 'NONE', *, *, #1635, .T. ) ;
#3895 = LINE ( 'NONE', #1442, #3023 ) ;
#3896 = EDGE_CURVE ( 'NONE', #1904, #1890, #2472, .T. ) ;
#3897 = DIRECTION ( 'NONE',  ( -0.000000000000000000, 1.000000000000000000, -0.000000000000000000 ) ) ;
#3898 = DIRECTION ( 'NONE',  ( -0.000000000000000000, -1.000000000000000000, -0.000000000000000000 ) ) ;
#3899 = CARTESIAN_POINT ( 'NONE',  ( -37.64362548658375118, 11.73582406017443347, -10.60283141075328395 ) ) ;
#3900 = EDGE_CURVE ( 'NONE', #1333, #483, #1566, .T. ) ;
#3901 = FACE_OUTER_BOUND ( 'NONE', #3355, .T. ) ;
#3902 = ORIENTED_EDGE ( 'NONE', *, *, #1565, .F. ) ;
#3903 = LINE ( 'NONE', #1668, #2641 ) ;
#3904 = DIRECTION ( 'NONE',  ( -0.000000000000000000, -1.000000000000000000, -0.000000000000000000 ) ) ;
#3905 = ORIENTED_EDGE ( 'NONE', *, *, #2794, .T. ) ;
#3906 = EDGE_LOOP ( 'NONE', ( #2365, #180, #639, #3324 ) ) ;
#3907 = EDGE_CURVE ( 'NONE', #108, #297, #1249, .T. ) ;
#3908 = CARTESIAN_POINT ( 'NONE',  ( 24.84999999999998366, 0.000000000000000000, 31.10000000000000497 ) ) ;
#3909 = ORIENTED_EDGE ( 'NONE', *, *, #379, .T. ) ;
#3910 = FACE_OUTER_BOUND ( 'NONE', #443, .T. ) ;
#3911 = CARTESIAN_POINT ( 'NONE',  ( -30.10000000000001208, 9.950000000000001066, -14.49999999999999289 ) ) ;
#3912 = CARTESIAN_POINT ( 'NONE',  ( -33.35000000000000853, 14.59999999999999964, -5.906772155192411944 ) ) ;
#3913 = CIRCLE ( 'NONE', #396, 3.799999999999998046 ) ;
#3914 = CARTESIAN_POINT ( 'NONE',  ( -37.44916041527713446, 12.14701650211441653, -11.37810374040072325 ) ) ;
#3915 = DIRECTION ( 'NONE',  ( -0.1604937965832608504, -8.584380997683587349E-17, 0.9870368489870532391 ) ) ;
#3916 = VECTOR ( 'NONE', #2028, 1000.000000000000000 ) ;
#3917 = EDGE_CURVE ( 'NONE', #3348, #2183, #645, .T. ) ;
#3918 = ADVANCED_FACE ( 'NONE', ( #900 ), #3672, .T. ) ;
#3919 = ORIENTED_EDGE ( 'NONE', *, *, #2562, .F. ) ;
#3920 = FACE_OUTER_BOUND ( 'NONE', #3906, .T. ) ;
#3921 = AXIS2_PLACEMENT_3D ( 'NONE', #2656, #3545, #2378 ) ;
#3922 = CIRCLE ( 'NONE', #1800, 1.550000000000002709 ) ;
#3923 = CARTESIAN_POINT ( 'NONE',  ( 0.000000000000000000, 0.000000000000000000, 0.000000000000000000 ) ) ;
#3924 = AXIS2_PLACEMENT_3D ( 'NONE', #3439, #3456, #3208 ) ;
#3925 = ORIENTED_EDGE ( 'NONE', *, *, #877, .F. ) ;
#3926 = ORIENTED_EDGE ( 'NONE', *, *, #807, .T. ) ;
#3927 = AXIS2_PLACEMENT_3D ( 'NONE', #3001, #1197, #3325 ) ;
#3928 = VECTOR ( 'NONE', #1577, 1000.000000000000000 ) ;
#3929 = CYLINDRICAL_SURFACE ( 'NONE', #3151, 1.000000000000000888 ) ;
#3930 = AXIS2_PLACEMENT_3D ( 'NONE', #722, #1942, #3165 ) ;
#3931 = ORIENTED_EDGE ( 'NONE', *, *, #1857, .T. ) ;
#3932 = EDGE_LOOP ( 'NONE', ( #2314, #1941 ) ) ;
#3933 = DIRECTION ( 'NONE',  ( -0.000000000000000000, 1.000000000000000000, -0.000000000000000000 ) ) ;
#3934 = CARTESIAN_POINT ( 'NONE',  ( 0.000000000000000000, -5.200000000000000178, 32.45000000000000284 ) ) ;
#3935 = CARTESIAN_POINT ( 'NONE',  ( -34.00000000000001421, 1.699999999999999956, -13.19999999999999218 ) ) ;
#3936 = CARTESIAN_POINT ( 'NONE',  ( -37.40498928788380795, 12.22788821066115794, -11.49576580188127473 ) ) ;
#3937 = CARTESIAN_POINT ( 'NONE',  ( -34.35000000000001563, 9.950000000000001066, -2.199999999999993516 ) ) ;
#3938 = EDGE_CURVE ( 'NONE', #175, #3528, #354, .T. ) ;
#3939 = ORIENTED_EDGE ( 'NONE', *, *, #3472, .F. ) ;
#3940 = CIRCLE ( 'NONE', #1632, 1.000000000000000888 ) ;
#3941 = DIRECTION ( 'NONE',  ( -0.000000000000000000, -1.000000000000000000, 0.000000000000000000 ) ) ;
#3942 = DIRECTION ( 'NONE',  ( 0.000000000000000000, 0.000000000000000000, -1.000000000000000000 ) ) ;
#3943 = EDGE_CURVE ( 'NONE', #1908, #1855, #286, .T. ) ;
#3944 = EDGE_CURVE ( 'NONE', #1807, #246, #2534, .T. ) ;
#3946 = LINE ( 'NONE', #2417, #3757 ) ;
#3945 = APPROVAL_PERSON_ORGANIZATION ( #2141, #3458, #357 ) ;
#3947 = ORIENTED_EDGE ( 'NONE', *, *, #1906, .F. ) ;
#3948 = CYLINDRICAL_SURFACE ( 'NONE', #470, 32.45000000000000284 ) ;
#3949 = AXIS2_PLACEMENT_3D ( 'NONE', #1080, #3231, #1288 ) ;
#3950 = EDGE_CURVE ( 'NONE', #997, #3850, #3186, .T. ) ;
#3951 = CARTESIAN_POINT ( 'NONE',  ( -31.22968069010270753, 14.09776043294739267, -6.630213167667019292 ) ) ;
#3952 = VERTEX_POINT ( 'NONE', #81 ) ;
#3953 = VERTEX_POINT ( 'NONE', #2584 ) ;
#3954 = DIRECTION ( 'NONE',  ( -0.000000000000000000, -0.000000000000000000, -1.000000000000000000 ) ) ;
#3955 = LINE ( 'NONE', #1198, #2825 ) ;
#3956 = ORIENTED_EDGE ( 'NONE', *, *, #2649, .F. ) ;
#3957 = CARTESIAN_POINT ( 'NONE',  ( 0.000000000000000000, -1.799999999999999600, 8.500000000000000000 ) ) ;
#3958 = CARTESIAN_POINT ( 'NONE',  ( -32.81654244819909394, 13.15810208748802879, -10.99902907853178569 ) ) ;
#3959 = CARTESIAN_POINT ( 'NONE',  ( -36.10000000000001563, 1.699999999999999956, 36.10000000000000853 ) ) ;
#3960 = ORIENTED_EDGE ( 'NONE', *, *, #2049, .F. ) ;
#3961 = CARTESIAN_POINT ( 'NONE',  ( -32.45000000000000995, 0.000000000000000000, 9.499999999999998224 ) ) ;
#3962 = DIRECTION ( 'NONE',  ( 1.106344407639684480E-16, 0.000000000000000000, -1.000000000000000000 ) ) ;
#3963 = CARTESIAN_POINT ( 'NONE',  ( -36.05000000000001137, 0.000000000000000000, 36.04999999999984084 ) ) ;
#3964 = CARTESIAN_POINT ( 'NONE',  ( 0.000000000000000000, -1.799999999999999600, 0.000000000000000000 ) ) ;
#3965 = ORIENTED_EDGE ( 'NONE', *, *, #2567, .F. ) ;
#3966 = CARTESIAN_POINT ( 'NONE',  ( -36.10000000000001563, 0.000000000000000000, 36.10000000000000853 ) ) ;
#3967 = ADVANCED_FACE ( 'NONE', ( #2270 ), #427, .T. ) ;
#3968 = CARTESIAN_POINT ( 'NONE',  ( -29.71828612437107964, 12.85740373775571044, -11.39832090195860914 ) ) ;
#3969 = ORIENTED_EDGE ( 'NONE', *, *, #878, .T. ) ;
#3970 = EDGE_CURVE ( 'NONE', #2761, #108, #2846, .T. ) ;
#3971 = ADVANCED_FACE ( 'NONE', ( #1035 ), #747, .T. ) ;
#3972 = EDGE_LOOP ( 'NONE', ( #3698, #2332, #3893, #601 ) ) ;
#3973 = CARTESIAN_POINT ( 'NONE',  ( -33.35000000000000853, 9.950000000000001066, -5.899999999999988809 ) ) ;
#3974 = CARTESIAN_POINT ( 'NONE',  ( 32.44999999999999574, -26.84966131682163137, 9.500000000000000000 ) ) ;
#3975 = DIRECTION ( 'NONE',  ( -0.000000000000000000, -1.000000000000000000, -0.000000000000000000 ) ) ;
ENDSEC;
END-ISO-10303-21;
