ISO-10303-21;
HEADER;
FILE_DESCRIPTION (( 'STEP AP203' ),
    '1' );
FILE_NAME ('Sinar_Lensboard_simplified_blank.STEP',
    '2026-09-14T14:24:49',
    ( '' ),
    ( '' ),
    'SwSTEP 2.0',
    'SolidWorks 2023',
    '' );
FILE_SCHEMA (( 'CONFIG_CONTROL_DESIGN' ));
ENDSEC;

DATA;
#1 = DIRECTION ( 'NONE',  ( 0.000000000000000000, -1.000000000000000000, 0.000000000000000000 ) ) ;
#2 = AXIS2_PLACEMENT_3D ( 'NONE', #489, #1816, #297 ) ;
#3 = ORIENTED_EDGE ( 'NONE', *, *, #1854, .T. ) ;
#4 = EDGE_CURVE ( 'NONE', #2343, #1199, #1228, .T. ) ;
#5 = CARTESIAN_POINT ( 'NONE',  ( 8.095376221225095567E-14, 5.000000000000004441, 62.99999999999998579 ) ) ;
#6 = AXIS2_PLACEMENT_3D ( 'NONE', #1559, #2106, #1772 ) ;
#7 = ORIENTED_EDGE ( 'NONE', *, *, #120, .T. ) ;
#8 = DIRECTION ( 'NONE',  ( 0.000000000000000000, 0.000000000000000000, 1.000000000000000000 ) ) ;
#9 = PLANE ( 'NONE',  #1202 ) ;
#10 = EDGE_CURVE ( 'NONE', #806, #1766, #763, .T. ) ;
#11 = SECURITY_CLASSIFICATION_LEVEL ( 'unclassified' ) ;
#12 = ORIENTED_EDGE ( 'NONE', *, *, #758, .F. ) ;
#13 = DIRECTION ( 'NONE',  ( 0.000000000000000000, -1.000000000000000000, 0.000000000000000000 ) ) ;
#14 = EDGE_CURVE ( 'NONE', #877, #1542, #1605, .T. ) ;
#15 = CARTESIAN_POINT ( 'NONE',  ( -65.75000000000000000, 2.200000000000000622, 55.75000000000000000 ) ) ;
#16 = LINE ( 'NONE', #582, #1030 ) ;
#17 = CIRCLE ( 'NONE', #1380, 2.500000000000002220 ) ;
#18 = VERTEX_POINT ( 'NONE', #2366 ) ;
#19 = DIRECTION ( 'NONE',  ( -0.000000000000000000, -1.000000000000000000, -0.000000000000000000 ) ) ;
#20 = ORIENTED_EDGE ( 'NONE', *, *, #2276, .F. ) ;
#21 = DIRECTION ( 'NONE',  ( 0.000000000000000000, 0.000000000000000000, 1.000000000000000000 ) ) ;
#22 = DIRECTION ( 'NONE',  ( 0.000000000000000000, 0.000000000000000000, 1.000000000000000000 ) ) ;
#23 = APPLICATION_PROTOCOL_DEFINITION ( 'international standard', 'config_control_design', 1994, #56 ) ;
#24 = VERTEX_POINT ( 'NONE', #154 ) ;
#25 = DIRECTION ( 'NONE',  ( -0.000000000000000000, 1.000000000000000000, -0.000000000000000000 ) ) ;
#26 = PLANE ( 'NONE',  #1046 ) ;
#27 = DIRECTION ( 'NONE',  ( 0.000000000000000000, 0.000000000000000000, -1.000000000000000000 ) ) ;
#28 = ORIENTED_EDGE ( 'NONE', *, *, #790, .F. ) ;
#29 = CARTESIAN_POINT ( 'NONE',  ( -65.74999999999998579, 2.200000000000000622, -55.75000000000000711 ) ) ;
#30 = VECTOR ( 'NONE', #1771, 1000.000000000000000 ) ;
#31 = ORIENTED_EDGE ( 'NONE', *, *, #541, .T. ) ;
#32 = CARTESIAN_POINT ( 'NONE',  ( 65.75000000000000000, 2.200000000000000622, 55.74999999999999289 ) ) ;
#33 = CARTESIAN_POINT ( 'NONE',  ( -16.96034482758659578, 3.149999999999999911, -39.57413793103288668 ) ) ;
#34 = VECTOR ( 'NONE', #693, 1000.000000000000000 ) ;
#35 = CARTESIAN_POINT ( 'NONE',  ( 0.000000000000000000, 5.000000000000004441, -62.25000000000000000 ) ) ;
#36 = LINE ( 'NONE', #2134, #665 ) ;
#37 = EDGE_CURVE ( 'NONE', #2063, #301, #889, .T. ) ;
#38 = AXIS2_PLACEMENT_3D ( 'NONE', #2240, #1849, #22 ) ;
#39 = FACE_OUTER_BOUND ( 'NONE', #1720, .T. ) ;
#40 = EDGE_CURVE ( 'NONE', #88, #1675, #712, .T. ) ;
#41 = ORIENTED_EDGE ( 'NONE', *, *, #628, .F. ) ;
#42 = ORIENTED_EDGE ( 'NONE', *, *, #1599, .T. ) ;
#43 = AXIS2_PLACEMENT_3D ( 'NONE', #1802, #1583, #478 ) ;
#44 = LINE ( 'NONE', #1899, #1198 ) ;
#45 = VERTEX_POINT ( 'NONE', #1628 ) ;
#46 = DIRECTION ( 'NONE',  ( 0.000000000000000000, 0.000000000000000000, -1.000000000000000000 ) ) ;
#47 = CARTESIAN_POINT ( 'NONE',  ( 50.24999999999998579, 3.149999999999986144, -62.25000000000000000 ) ) ;
#48 = ORIENTED_EDGE ( 'NONE', *, *, #2152, .T. ) ;
#49 = FACE_OUTER_BOUND ( 'NONE', #2378, .T. ) ;
#50 = CARTESIAN_POINT ( 'NONE',  ( 67.75000000000001421, 4.100000000000000533, 67.74999999999998579 ) ) ;
#51 = ORIENTED_EDGE ( 'NONE', *, *, #2140, .T. ) ;
#52 = CARTESIAN_POINT ( 'NONE',  ( 63.00000000000001421, 5.000000000000004441, 37.69999999999998153 ) ) ;
#53 = EDGE_CURVE ( 'NONE', #980, #1059, #1251, .T. ) ;
#54 = ADVANCED_FACE ( 'NONE', ( #1801 ), #2026, .F. ) ;
#55 = EDGE_LOOP ( 'NONE', ( #1619, #538, #1360, #158 ) ) ;
#56 = APPLICATION_CONTEXT ( 'configuration controlled 3d designs of mechanical parts and assemblies' ) ;
#57 = ORIENTED_EDGE ( 'NONE', *, *, #1890, .T. ) ;
#58 = EDGE_CURVE ( 'NONE', #1022, #2043, #1616, .T. ) ;
#59 = CARTESIAN_POINT ( 'NONE',  ( -62.25000000000000000, 5.000000000000004441, 0.000000000000000000 ) ) ;
#60 = DIRECTION ( 'NONE',  ( 0.000000000000000000, 0.000000000000000000, -1.000000000000000000 ) ) ;
#61 = ORIENTED_EDGE ( 'NONE', *, *, #2069, .T. ) ;
#62 = CARTESIAN_POINT ( 'NONE',  ( 39.57413793103403066, 5.000000000000004441, -16.96034482758632578 ) ) ;
#63 = LINE ( 'NONE', #1741, #2365 ) ;
#64 = VECTOR ( 'NONE', #2210, 1000.000000000000000 ) ;
#65 = ORIENTED_EDGE ( 'NONE', *, *, #359, .F. ) ;
#66 = LINE ( 'NONE', #2095, #68 ) ;
#67 = ORIENTED_EDGE ( 'NONE', *, *, #1978, .F. ) ;
#68 = VECTOR ( 'NONE', #1743, 1000.000000000000000 ) ;
#69 = VECTOR ( 'NONE', #863, 1000.000000000000000 ) ;
#70 = CYLINDRICAL_SURFACE ( 'NONE', #1033, 2.000000000000001776 ) ;
#71 = CARTESIAN_POINT ( 'NONE',  ( -67.50000000000000000, 4.100000000000000533, -54.78175416344820547 ) ) ;
#72 = EDGE_CURVE ( 'NONE', #695, #1791, #162, .T. ) ;
#73 = FACE_OUTER_BOUND ( 'NONE', #918, .T. ) ;
#74 = CARTESIAN_POINT ( 'NONE',  ( 37.69999999999998153, 5.000000000000004441, -63.00000000000005684 ) ) ;
#75 = ORIENTED_EDGE ( 'NONE', *, *, #968, .T. ) ;
#76 = AXIS2_PLACEMENT_3D ( 'NONE', #206, #2297, #190 ) ;
#77 = CARTESIAN_POINT ( 'NONE',  ( -64.30000000000002558, 189.0178641211801107, 8.205818371520142052E-15 ) ) ;
#78 = VECTOR ( 'NONE', #1603, 1000.000000000000000 ) ;
#79 = ORIENTED_EDGE ( 'NONE', *, *, #1405, .T. ) ;
#80 = ORIENTED_EDGE ( 'NONE', *, *, #610, .T. ) ;
#81 = DIRECTION ( 'NONE',  ( 0.000000000000000000, 0.000000000000000000, -1.000000000000000000 ) ) ;
#82 = CARTESIAN_POINT ( 'NONE',  ( 67.49999999999998579, 2.200000000000035261, 54.78175416344814153 ) ) ;
#83 = ADVANCED_FACE ( 'NONE', ( #1990 ), #2407, .T. ) ;
#84 = DIRECTION ( 'NONE',  ( 0.9191450300180513677, 0.000000000000000000, 0.3939192985791831192 ) ) ;
#85 = DIRECTION ( 'NONE',  ( 1.387778780781446464E-15, 0.000000000000000000, 1.000000000000000000 ) ) ;
#86 = ORIENTED_EDGE ( 'NONE', *, *, #1855, .F. ) ;
#87 = CARTESIAN_POINT ( 'NONE',  ( -55.75000000000000711, 189.0178641211801107, -63.75000000000005684 ) ) ;
#88 = VERTEX_POINT ( 'NONE', #1464 ) ;
#89 = CYLINDRICAL_SURFACE ( 'NONE', #908, 2.500000000000002220 ) ;
#90 = DIRECTION ( 'NONE',  ( -1.000000000000000000, 0.000000000000000000, -0.000000000000000000 ) ) ;
#91 = LOCAL_TIME ( 22, 24, 49.00000000000000000, #1285 ) ;
#92 = LINE ( 'NONE', #62, #1479 ) ;
#93 = FACE_OUTER_BOUND ( 'NONE', #561, .T. ) ;
#94 = EDGE_CURVE ( 'NONE', #2300, #1735, #2185, .T. ) ;
#95 = ORIENTED_EDGE ( 'NONE', *, *, #1435, .T. ) ;
#96 = FACE_OUTER_BOUND ( 'NONE', #1080, .T. ) ;
#97 = ORIENTED_EDGE ( 'NONE', *, *, #2038, .T. ) ;
#98 = ORIENTED_EDGE ( 'NONE', *, *, #1351, .F. ) ;
#99 = CARTESIAN_POINT ( 'NONE',  ( 48.50000000000000000, 189.0178641211801107, -63.00000000000002842 ) ) ;
#100 = DIRECTION ( 'NONE',  ( -1.266643248261852789E-16, 0.000000000000000000, 1.000000000000000000 ) ) ;
#101 = PLANE ( 'NONE',  #197 ) ;
#102 = CARTESIAN_POINT ( 'NONE',  ( -65.75000000000000000, 4.100000000000000533, 55.75000000000000000 ) ) ;
#103 = AXIS2_PLACEMENT_3D ( 'NONE', #2187, #504, #1810 ) ;
#104 = EDGE_CURVE ( 'NONE', #372, #552, #1042, .T. ) ;
#105 = ORIENTED_EDGE ( 'NONE', *, *, #150, .T. ) ;
#106 = DIRECTION ( 'NONE',  ( 0.000000000000000000, 0.000000000000000000, -1.000000000000000000 ) ) ;
#107 = CIRCLE ( 'NONE', #427, 1.999999999999988010 ) ;
#108 = EDGE_CURVE ( 'NONE', #18, #2007, #1788, .T. ) ;
#109 = ORIENTED_EDGE ( 'NONE', *, *, #359, .T. ) ;
#110 = LINE ( 'NONE', #1245, #902 ) ;
#111 = ORIENTED_EDGE ( 'NONE', *, *, #1169, .T. ) ;
#112 = LINE ( 'NONE', #1985, #1947 ) ;
#113 = FACE_OUTER_BOUND ( 'NONE', #1067, .T. ) ;
#114 = DIRECTION ( 'NONE',  ( -0.000000000000000000, -1.000000000000000000, -0.000000000000000000 ) ) ;
#115 = AXIS2_PLACEMENT_3D ( 'NONE', #545, #1454, #1276 ) ;
#116 = CARTESIAN_POINT ( 'NONE',  ( -55.75000000000000000, 189.0178641211801107, 63.74999999999998579 ) ) ;
#117 = LINE ( 'NONE', #1831, #1790 ) ;
#118 = VECTOR ( 'NONE', #897, 1000.000000000000000 ) ;
#119 = ORIENTED_EDGE ( 'NONE', *, *, #1027, .T. ) ;
#120 = EDGE_CURVE ( 'NONE', #2131, #1377, #1054, .T. ) ;
#121 = ORIENTED_EDGE ( 'NONE', *, *, #1731, .T. ) ;
#122 = DIRECTION ( 'NONE',  ( -1.000000000000000000, 0.000000000000000000, 0.000000000000000000 ) ) ;
#123 = CARTESIAN_POINT ( 'NONE',  ( -67.25000000000000000, 4.100000000000000533, -67.25000000000000000 ) ) ;
#124 = DIRECTION ( 'NONE',  ( -0.000000000000000000, 0.000000000000000000, 1.000000000000000000 ) ) ;
#125 = CARTESIAN_POINT ( 'NONE',  ( 0.000000000000000000, 4.100000000000000533, 69.75000000000000000 ) ) ;
#126 = VECTOR ( 'NONE', #2284, 1000.000000000000000 ) ;
#127 = CARTESIAN_POINT ( 'NONE',  ( 0.000000000000000000, 189.0178641211801107, -62.25000000000000000 ) ) ;
#128 = CARTESIAN_POINT ( 'NONE',  ( 62.25000000000000000, 3.149999999999999911, 0.000000000000000000 ) ) ;
#129 = VERTEX_POINT ( 'NONE', #508 ) ;
#130 = EDGE_LOOP ( 'NONE', ( #1835, #1684, #1104, #1005 ) ) ;
#131 = EDGE_CURVE ( 'NONE', #1166, #1184, #2346, .T. ) ;
#132 = CARTESIAN_POINT ( 'NONE',  ( 67.50000000000000000, 4.100000000000000533, -54.78175416344816284 ) ) ;
#133 = EDGE_CURVE ( 'NONE', #1711, #2296, #959, .T. ) ;
#134 = FACE_BOUND ( 'NONE', #1244, .T. ) ;
#135 = FACE_OUTER_BOUND ( 'NONE', #1296, .T. ) ;
#136 = EDGE_CURVE ( 'NONE', #1369, #1525, #1262, .T. ) ;
#137 = PLANE ( 'NONE',  #1682 ) ;
#138 = ORIENTED_EDGE ( 'NONE', *, *, #1546, .F. ) ;
#139 = VECTOR ( 'NONE', #1062, 1000.000000000000000 ) ;
#140 = DIRECTION ( 'NONE',  ( 0.000000000000000000, 0.000000000000000000, -1.000000000000000000 ) ) ;
#141 = FACE_OUTER_BOUND ( 'NONE', #404, .T. ) ;
#142 = CIRCLE ( 'NONE', #1040, 2.000000000000001776 ) ;
#143 = ORIENTED_EDGE ( 'NONE', *, *, #1148, .T. ) ;
#144 = LINE ( 'NONE', #1221, #1540 ) ;
#145 = VECTOR ( 'NONE', #2383, 1000.000000000000000 ) ;
#146 = ORIENTED_EDGE ( 'NONE', *, *, #2287, .F. ) ;
#147 = CARTESIAN_POINT ( 'NONE',  ( -55.75000000000000000, 4.100000000000000533, 67.75000000000001421 ) ) ;
#148 = CARTESIAN_POINT ( 'NONE',  ( -54.78175416344812731, 2.200000000000007283, 67.50000000000001421 ) ) ;
#149 = LINE ( 'NONE', #349, #632 ) ;
#150 = EDGE_CURVE ( 'NONE', #2063, #1504, #2014, .T. ) ;
#151 = EDGE_CURVE ( 'NONE', #236, #1609, #1275, .T. ) ;
#152 = EDGE_CURVE ( 'NONE', #1833, #1630, #488, .T. ) ;
#153 = CIRCLE ( 'NONE', #815, 2.000000000000015543 ) ;
#154 = CARTESIAN_POINT ( 'NONE',  ( -37.69999999999996732, 5.000000000000004441, 63.00000000000004263 ) ) ;
#155 = LINE ( 'NONE', #128, #433 ) ;
#156 = VERTEX_POINT ( 'NONE', #351 ) ;
#157 = CARTESIAN_POINT ( 'NONE',  ( -35.94999999999998153, 3.149999999999986144, 62.25000000000002842 ) ) ;
#158 = ORIENTED_EDGE ( 'NONE', *, *, #1089, .T. ) ;
#159 = DIRECTION ( 'NONE',  ( -0.000000000000000000, -1.000000000000000000, -0.000000000000000000 ) ) ;
#160 = CARTESIAN_POINT ( 'NONE',  ( 67.25000000000000000, 4.100000000000000533, 67.25000000000000000 ) ) ;
#161 = CARTESIAN_POINT ( 'NONE',  ( -37.69999999999996732, 189.0178641211801107, 63.00000000000002842 ) ) ;
#162 = LINE ( 'NONE', #2394, #1867 ) ;
#163 = CARTESIAN_POINT ( 'NONE',  ( 55.75000000000000711, 2.200000000000007283, 63.74999999999998579 ) ) ;
#164 = DIRECTION ( 'NONE',  ( 0.000000000000000000, -0.000000000000000000, 1.000000000000000000 ) ) ;
#165 = AXIS2_PLACEMENT_3D ( 'NONE', #676, #1427, #2184 ) ;
#166 = ORIENTED_EDGE ( 'NONE', *, *, #2258, .F. ) ;
#167 = CARTESIAN_POINT ( 'NONE',  ( -55.75000000000000711, 4.100000000000000533, -67.74999999999991473 ) ) ;
#168 = VECTOR ( 'NONE', #1713, 1000.000000000000000 ) ;
#169 = VERTEX_POINT ( 'NONE', #1087 ) ;
#170 = ORIENTED_EDGE ( 'NONE', *, *, #1120, .F. ) ;
#171 = CARTESIAN_POINT ( 'NONE',  ( 0.000000000000000000, 4.100000000000000533, -69.75000000000000000 ) ) ;
#172 = DIRECTION ( 'NONE',  ( -8.326672684688672475E-15, 0.000000000000000000, -1.000000000000000000 ) ) ;
#173 = APPROVAL_ROLE ( '' ) ;
#174 = VERTEX_POINT ( 'NONE', #175 ) ;
#175 = CARTESIAN_POINT ( 'NONE',  ( 37.69999999999998153, 3.149999999999986144, -63.00000000000004263 ) ) ;
#176 = LINE ( 'NONE', #890, #653 ) ;
#177 = EDGE_CURVE ( 'NONE', #1519, #262, #566, .T. ) ;
#178 = CARTESIAN_POINT ( 'NONE',  ( 55.75000000000000711, 189.0178641211801107, 65.75000000000000000 ) ) ;
#179 = ORIENTED_EDGE ( 'NONE', *, *, #2123, .T. ) ;
#180 = EDGE_CURVE ( 'NONE', #830, #1344, #219, .T. ) ;
#181 = EDGE_CURVE ( 'NONE', #1871, #830, #951, .T. ) ;
#182 = ORIENTED_EDGE ( 'NONE', *, *, #511, .T. ) ;
#183 = DIRECTION ( 'NONE',  ( -0.000000000000000000, -1.000000000000000000, -0.000000000000000000 ) ) ;
#184 = EDGE_LOOP ( 'NONE', ( #1195, #675, #805, #721 ) ) ;
#185 = VECTOR ( 'NONE', #1865, 1000.000000000000000 ) ;
#186 = CARTESIAN_POINT ( 'NONE',  ( -63.00000000000002842, 5.000000000000004441, 0.000000000000000000 ) ) ;
#187 = DIRECTION ( 'NONE',  ( 0.000000000000000000, 0.000000000000000000, -1.000000000000000000 ) ) ;
#188 = DIRECTION ( 'NONE',  ( -0.9191450300180513677, 0.000000000000000000, -0.3939192985791831192 ) ) ;
#189 = ORIENTED_EDGE ( 'NONE', *, *, #628, .T. ) ;
#190 = DIRECTION ( 'NONE',  ( 0.000000000000000000, 0.000000000000000000, 1.000000000000000000 ) ) ;
#191 = CARTESIAN_POINT ( 'NONE',  ( 55.75000000000000711, 5.000000000000004441, 65.75000000000000000 ) ) ;
#192 = CARTESIAN_POINT ( 'NONE',  ( 64.30000000000001137, 5.000000000000004441, -54.37250226860440705 ) ) ;
#193 = VECTOR ( 'NONE', #713, 1000.000000000000000 ) ;
#194 = EDGE_LOOP ( 'NONE', ( #2360, #515, #1914, #856 ) ) ;
#195 = ORIENTED_EDGE ( 'NONE', *, *, #131, .T. ) ;
#196 = CARTESIAN_POINT ( 'NONE',  ( -55.75000000000000000, 4.100000000000000533, 67.75000000000001421 ) ) ;
#197 = AXIS2_PLACEMENT_3D ( 'NONE', #1569, #1750, #2340 ) ;
#198 = EDGE_CURVE ( 'NONE', #697, #239, #2050, .T. ) ;
#199 = ORIENTED_EDGE ( 'NONE', *, *, #2397, .F. ) ;
#200 = EDGE_LOOP ( 'NONE', ( #1972, #111, #686, #848 ) ) ;
#201 = CARTESIAN_POINT ( 'NONE',  ( -67.75000000000000000, 2.200000000000000622, -67.75000000000000000 ) ) ;
#202 = CARTESIAN_POINT ( 'NONE',  ( 63.75000000000001421, 2.200000000000007283, 63.74999999999998579 ) ) ;
#203 = CARTESIAN_POINT ( 'NONE',  ( 67.75000000000000000, 2.200000000000000622, -55.75000000000000711 ) ) ;
#204 = EDGE_LOOP ( 'NONE', ( #1356, #267, #2410, #368 ) ) ;
#205 = EDGE_CURVE ( 'NONE', #513, #2417, #1536, .T. ) ;
#206 = CARTESIAN_POINT ( 'NONE',  ( 67.50000000000000000, 4.100000000000000533, 0.000000000000000000 ) ) ;
#207 = CARTESIAN_POINT ( 'NONE',  ( 55.74999999999999289, 4.100000000000000533, -65.75000000000000000 ) ) ;
#208 = FACE_OUTER_BOUND ( 'NONE', #1270, .T. ) ;
#209 = VECTOR ( 'NONE', #1110, 1000.000000000000000 ) ;
#210 = AXIS2_PLACEMENT_3D ( 'NONE', #1064, #2202, #1787 ) ;
#211 = ORIENTED_EDGE ( 'NONE', *, *, #610, .F. ) ;
#212 = LINE ( 'NONE', #2220, #701 ) ;
#213 = VERTEX_POINT ( 'NONE', #1154 ) ;
#214 = EDGE_CURVE ( 'NONE', #1791, #1059, #1113, .T. ) ;
#215 = CARTESIAN_POINT ( 'NONE',  ( 55.75000000000000711, 2.200000000000000622, 65.75000000000000000 ) ) ;
#216 = CARTESIAN_POINT ( 'NONE',  ( 63.75000000000000000, 189.0178641211801107, 0.000000000000000000 ) ) ;
#217 = EDGE_LOOP ( 'NONE', ( #882, #1680, #587, #814 ) ) ;
#218 = EDGE_CURVE ( 'NONE', #1784, #1394, #377, .T. ) ;
#219 = LINE ( 'NONE', #1298, #1277 ) ;
#220 = LINE ( 'NONE', #50, #126 ) ;
#221 = CARTESIAN_POINT ( 'NONE',  ( 63.75000000000001421, 5.000000000000004441, 55.74999999999999289 ) ) ;
#222 = ORIENTED_EDGE ( 'NONE', *, *, #1297, .T. ) ;
#223 = VERTEX_POINT ( 'NONE', #913 ) ;
#224 = DIRECTION ( 'NONE',  ( 0.000000000000000000, 0.000000000000000000, -1.000000000000000000 ) ) ;
#225 = AXIS2_PLACEMENT_3D ( 'NONE', #1073, #1826, #886 ) ;
#226 = CARTESIAN_POINT ( 'NONE',  ( 55.74999999999999289, 4.100000000000000533, -67.75000000000000000 ) ) ;
#227 = LINE ( 'NONE', #33, #770 ) ;
#228 = APPROVAL_STATUS ( 'not_yet_approved' ) ;
#229 = ORIENTED_EDGE ( 'NONE', *, *, #781, .F. ) ;
#230 = VECTOR ( 'NONE', #2337, 1000.000000000000000 ) ;
#231 = VECTOR ( 'NONE', #1893, 1000.000000000000000 ) ;
#232 = CARTESIAN_POINT ( 'NONE',  ( -67.75000000000046896, 4.100000000000000533, 4.701100619897174489E-13 ) ) ;
#233 = CARTESIAN_POINT ( 'NONE',  ( -69.75000000000000000, 4.100000000000000533, -67.25000000000000000 ) ) ;
#234 = ADVANCED_FACE ( 'NONE', ( #49 ), #2283, .T. ) ;
#235 = EDGE_CURVE ( 'NONE', #1184, #1561, #1480, .T. ) ;
#236 = VERTEX_POINT ( 'NONE', #2039 ) ;
#237 = CARTESIAN_POINT ( 'NONE',  ( -67.75000000000000000, 4.100000000000000533, -67.75000000000000000 ) ) ;
#238 = VERTEX_POINT ( 'NONE', #1663 ) ;
#239 = VERTEX_POINT ( 'NONE', #741 ) ;
#240 = AXIS2_PLACEMENT_3D ( 'NONE', #15, #927, #757 ) ;
#241 = ORIENTED_EDGE ( 'NONE', *, *, #248, .F. ) ;
#242 = CARTESIAN_POINT ( 'NONE',  ( -67.75000000000002842, 4.100000000000000533, 55.75000000000000000 ) ) ;
#243 = LINE ( 'NONE', #1725, #1223 ) ;
#244 = ORIENTED_EDGE ( 'NONE', *, *, #1989, .F. ) ;
#245 = DIRECTION ( 'NONE',  ( 0.000000000000000000, 0.000000000000000000, 1.000000000000000000 ) ) ;
#246 = PLANE ( 'NONE',  #2193 ) ;
#247 = ORIENTED_EDGE ( 'NONE', *, *, #669, .F. ) ;
#248 = EDGE_CURVE ( 'NONE', #1377, #345, #2243, .T. ) ;
#249 = CARTESIAN_POINT ( 'NONE',  ( 67.75000000000048317, 4.100000000000000533, -4.701100619897175499E-13 ) ) ;
#250 = ORIENTED_EDGE ( 'NONE', *, *, #832, .F. ) ;
#251 = EDGE_CURVE ( 'NONE', #301, #1781, #142, .T. ) ;
#252 = CIRCLE ( 'NONE', #327, 1.999999999999932498 ) ;
#253 = VERTEX_POINT ( 'NONE', #2418 ) ;
#254 = VERTEX_POINT ( 'NONE', #2092 ) ;
#255 = DIRECTION ( 'NONE',  ( -0.000000000000000000, -1.000000000000000000, -0.000000000000000000 ) ) ;
#256 = FACE_OUTER_BOUND ( 'NONE', #204, .T. ) ;
#257 = ORIENTED_EDGE ( 'NONE', *, *, #1045, .T. ) ;
#258 = FACE_OUTER_BOUND ( 'NONE', #1642, .T. ) ;
#259 = CARTESIAN_POINT ( 'NONE',  ( 62.25000000000000000, 5.000000000000004441, -62.25000000000000000 ) ) ;
#260 = ORIENTED_EDGE ( 'NONE', *, *, #2163, .T. ) ;
#261 = PLANE ( 'NONE',  #993 ) ;
#262 = VERTEX_POINT ( 'NONE', #1494 ) ;
#263 = VECTOR ( 'NONE', #2245, 1000.000000000000000 ) ;
#264 = ORIENTED_EDGE ( 'NONE', *, *, #833, .T. ) ;
#265 = ADVANCED_FACE ( 'NONE', ( #2064 ), #1142, .F. ) ;
#266 = EDGE_CURVE ( 'NONE', #2296, #945, #401, .T. ) ;
#267 = ORIENTED_EDGE ( 'NONE', *, *, #2105, .T. ) ;
#268 = VECTOR ( 'NONE', #1517, 1000.000000000000000 ) ;
#269 = CARTESIAN_POINT ( 'NONE',  ( -63.75000000000001421, 2.200000000000007283, -63.75000000000002842 ) ) ;
#270 = CARTESIAN_POINT ( 'NONE',  ( 64.30000000000001137, 189.0178641211801107, -54.37250226860439994 ) ) ;
#271 = CALENDAR_DATE ( 2026, 14, 9 ) ;
#272 = DIRECTION ( 'NONE',  ( 0.000000000000000000, -1.000000000000000000, 0.000000000000000000 ) ) ;
#273 = DIRECTION ( 'NONE',  ( -6.938893903907221278E-15, 0.000000000000000000, -1.000000000000000000 ) ) ;
#274 = ORIENTED_EDGE ( 'NONE', *, *, #1702, .F. ) ;
#275 = CARTESIAN_POINT ( 'NONE',  ( -55.75000000000000711, 2.200000000000007283, -63.75000000000005684 ) ) ;
#276 = VECTOR ( 'NONE', #2188, 999.9999999999998863 ) ;
#277 = EDGE_LOOP ( 'NONE', ( #381, #2198, #807, #420 ) ) ;
#278 = CARTESIAN_POINT ( 'NONE',  ( 62.25000000000000000, 189.0178641211801107, 35.94999999999998153 ) ) ;
#279 = DIRECTION ( 'NONE',  ( 0.000000000000000000, 0.000000000000000000, -1.000000000000000000 ) ) ;
#280 = DIRECTION ( 'NONE',  ( 0.000000000000000000, 1.000000000000000000, -0.000000000000000000 ) ) ;
#281 = LINE ( 'NONE', #1987, #2325 ) ;
#282 = EDGE_LOOP ( 'NONE', ( #244, #1111, #1160, #426 ) ) ;
#283 = VERTEX_POINT ( 'NONE', #756 ) ;
#284 = DIRECTION ( 'NONE',  ( 1.000000000000000000, 0.000000000000000000, -1.284980352575412305E-15 ) ) ;
#285 = ORIENTED_EDGE ( 'NONE', *, *, #2136, .F. ) ;
#286 = ORIENTED_EDGE ( 'NONE', *, *, #642, .T. ) ;
#287 = ORIENTED_EDGE ( 'NONE', *, *, #1443, .F. ) ;
#288 = CARTESIAN_POINT ( 'NONE',  ( 8.847089727481719968E-14, 189.0178641211801107, -63.75000000000008527 ) ) ;
#289 = ORIENTED_EDGE ( 'NONE', *, *, #1267, .T. ) ;
#290 = EDGE_CURVE ( 'NONE', #2302, #740, #1506, .T. ) ;
#291 = DIRECTION ( 'NONE',  ( -1.000000000000000000, 0.000000000000000000, 0.000000000000000000 ) ) ;
#292 = PLANE ( 'NONE',  #1050 ) ;
#293 = CARTESIAN_POINT ( 'NONE',  ( -55.75000000000000711, 4.100000000000000533, -65.74999999999998579 ) ) ;
#294 = AXIS2_PLACEMENT_3D ( 'NONE', #2031, #1641, #1290 ) ;
#295 = EDGE_CURVE ( 'NONE', #1729, #2312, #107, .T. ) ;
#296 = ORIENTED_EDGE ( 'NONE', *, *, #363, .F. ) ;
#297 = DIRECTION ( 'NONE',  ( 0.000000000000000000, 0.000000000000000000, -1.000000000000000000 ) ) ;
#298 = VERTEX_POINT ( 'NONE', #1906 ) ;
#299 = DIRECTION ( 'NONE',  ( 0.000000000000000000, 1.000000000000000000, -0.000000000000000000 ) ) ;
#300 = VECTOR ( 'NONE', #183, 1000.000000000000000 ) ;
#301 = VERTEX_POINT ( 'NONE', #2078 ) ;
#302 = CARTESIAN_POINT ( 'NONE',  ( -54.78175416344812731, 4.100000000000000533, 67.50000000000001421 ) ) ;
#303 = CARTESIAN_POINT ( 'NONE',  ( 30.33620689655305114, 3.149999999999999911, -70.78448275862051275 ) ) ;
#304 = DIRECTION ( 'NONE',  ( 0.000000000000000000, 0.000000000000000000, 1.000000000000000000 ) ) ;
#305 = DIRECTION ( 'NONE',  ( -1.000000000000000000, 0.000000000000000000, 2.533286496523707549E-16 ) ) ;
#306 = FACE_BOUND ( 'NONE', #443, .T. ) ;
#307 = EDGE_CURVE ( 'NONE', #1492, #2007, #1286, .T. ) ;
#308 = VECTOR ( 'NONE', #1852, 1000.000000000000000 ) ;
#309 = ORIENTED_EDGE ( 'NONE', *, *, #2355, .T. ) ;
#310 = CARTESIAN_POINT ( 'NONE',  ( 8.095376221225095567E-14, 3.149999999999999911, 62.99999999999998579 ) ) ;
#311 = LINE ( 'NONE', #1224, #30 ) ;
#312 = CARTESIAN_POINT ( 'NONE',  ( -30.33620689655305469, 189.0178641211801107, 70.78448275862051275 ) ) ;
#313 = CARTESIAN_POINT ( 'NONE',  ( -55.75000000000000000, 189.0178641211801107, 65.75000000000000000 ) ) ;
#314 = AXIS2_PLACEMENT_3D ( 'NONE', #2191, #694, #522 ) ;
#315 = CARTESIAN_POINT ( 'NONE',  ( 55.75000000000000711, 5.000000000000004441, 63.74999999999998579 ) ) ;
#316 = CARTESIAN_POINT ( 'NONE',  ( 0.000000000000000000, 5.000000000000000000, 0.000000000000000000 ) ) ;
#317 = AXIS2_PLACEMENT_3D ( 'NONE', #864, #852, #2350 ) ;
#318 = ORIENTED_EDGE ( 'NONE', *, *, #1330, .F. ) ;
#319 = ADVANCED_FACE ( 'NONE', ( #1193 ), #625, .F. ) ;
#320 = VERTEX_POINT ( 'NONE', #1933 ) ;
#321 = CARTESIAN_POINT ( 'NONE',  ( 62.25000000000000000, 5.000000000000004441, 0.000000000000000000 ) ) ;
#322 = LINE ( 'NONE', #1634, #1271 ) ;
#323 = APPROVAL_PERSON_ORGANIZATION ( #2241, #2192, #1491 ) ;
#324 = DIRECTION ( 'NONE',  ( -0.3939192985791831192, 0.000000000000000000, 0.9191450300180513677 ) ) ;
#325 = DIRECTION ( 'NONE',  ( 0.000000000000000000, 0.000000000000000000, -1.000000000000000000 ) ) ;
#326 = VERTEX_POINT ( 'NONE', #448 ) ;
#327 = AXIS2_PLACEMENT_3D ( 'NONE', #293, #829, #1976 ) ;
#328 = DIRECTION ( 'NONE',  ( 0.000000000000000000, -1.000000000000000000, 0.000000000000000000 ) ) ;
#329 = DIRECTION ( 'NONE',  ( 1.000000000000000000, -0.000000000000000000, 0.000000000000000000 ) ) ;
#330 = ORIENTED_EDGE ( 'NONE', *, *, #1739, .F. ) ;
#331 = DIRECTION ( 'NONE',  ( -0.000000000000000000, -1.000000000000000000, -0.000000000000000000 ) ) ;
#332 = ADVANCED_FACE ( 'NONE', ( #990 ), #101, .T. ) ;
#333 = ADVANCED_FACE ( 'NONE', ( #617 ), #1955, .T. ) ;
#334 = ORIENTED_EDGE ( 'NONE', *, *, #878, .T. ) ;
#335 = PLANE ( 'NONE',  #871 ) ;
#336 = CARTESIAN_POINT ( 'NONE',  ( 63.00000000000002842, 189.0178641211801107, 0.000000000000000000 ) ) ;
#337 = COORDINATED_UNIVERSAL_TIME_OFFSET ( 8, 0, .AHEAD. ) ;
#338 = AXIS2_PLACEMENT_3D ( 'NONE', #2200, #851, #517 ) ;
#339 = DIRECTION ( 'NONE',  ( -0.000000000000000000, -1.000000000000000000, -0.000000000000000000 ) ) ;
#340 = CARTESIAN_POINT ( 'NONE',  ( 62.25000000000000000, 189.0178641211801107, 62.25000000000000000 ) ) ;
#341 = VECTOR ( 'NONE', #2142, 1000.000000000000000 ) ;
#342 = VECTOR ( 'NONE', #866, 1000.000000000000000 ) ;
#343 = ORIENTED_EDGE ( 'NONE', *, *, #2179, .F. ) ;
#344 = DIRECTION ( 'NONE',  ( 0.000000000000000000, 1.000000000000000000, -0.000000000000000000 ) ) ;
#345 = VERTEX_POINT ( 'NONE', #1353 ) ;
#346 = ORIENTED_EDGE ( 'NONE', *, *, #180, .T. ) ;
#347 = DIRECTION ( 'NONE',  ( -0.000000000000000000, -1.000000000000000000, -0.000000000000000000 ) ) ;
#348 = CARTESIAN_POINT ( 'NONE',  ( 54.37250226860437863, 5.000000000000004441, -64.30000000000002558 ) ) ;
#349 = CARTESIAN_POINT ( 'NONE',  ( 30.33620689655305469, 5.000000000000004441, -70.78448275862051275 ) ) ;
#350 = VECTOR ( 'NONE', #1055, 999.9999999999998863 ) ;
#351 = CARTESIAN_POINT ( 'NONE',  ( 67.75000000000000000, 4.100000000000000533, -67.75000000000000000 ) ) ;
#352 = CARTESIAN_POINT ( 'NONE',  ( 0.000000000000000000, 5.000000000000004441, -63.00000000000004263 ) ) ;
#353 = CARTESIAN_POINT ( 'NONE',  ( -67.25000000000000000, 0.000000000000000000, 69.75000000000000000 ) ) ;
#354 = ORIENTED_EDGE ( 'NONE', *, *, #94, .T. ) ;
#355 = CARTESIAN_POINT ( 'NONE',  ( -63.74999999999997158, 2.200000000000007283, 63.74999999999998579 ) ) ;
#356 = ORIENTED_EDGE ( 'NONE', *, *, #393, .F. ) ;
#357 = DIRECTION ( 'NONE',  ( 0.000000000000000000, -1.000000000000000000, 0.000000000000000000 ) ) ;
#358 = DIRECTION ( 'NONE',  ( -0.9191450300180488142, 0.000000000000000000, 0.3939192985791887258 ) ) ;
#359 = EDGE_CURVE ( 'NONE', #1093, #236, #1994, .T. ) ;
#360 = CARTESIAN_POINT ( 'NONE',  ( -54.37250226860434310, 189.0178641211801107, 64.30000000000005400 ) ) ;
#361 = PLANE ( 'NONE',  #1671 ) ;
#362 = VECTOR ( 'NONE', #1751, 1000.000000000000000 ) ;
#363 = EDGE_CURVE ( 'NONE', #1766, #320, #92, .T. ) ;
#364 = EDGE_CURVE ( 'NONE', #1519, #707, #1945, .T. ) ;
#365 = ADVANCED_FACE ( 'NONE', ( #2133 ), #1182, .T. ) ;
#366 = LINE ( 'NONE', #1706, #376 ) ;
#367 = EDGE_CURVE ( 'NONE', #980, #1873, #2326, .T. ) ;
#368 = ORIENTED_EDGE ( 'NONE', *, *, #1842, .F. ) ;
#369 = DIRECTION ( 'NONE',  ( 1.000000000000000000, 0.000000000000000000, -0.000000000000000000 ) ) ;
#370 = CIRCLE ( 'NONE', #1645, 1.999999999999932498 ) ;
#371 = ORIENTED_EDGE ( 'NONE', *, *, #198, .F. ) ;
#372 = VERTEX_POINT ( 'NONE', #820 ) ;
#373 = DIRECTION ( 'NONE',  ( -0.000000000000000000, -1.000000000000000000, 0.000000000000000000 ) ) ;
#374 = FACE_OUTER_BOUND ( 'NONE', #383, .T. ) ;
#375 = ORIENTED_EDGE ( 'NONE', *, *, #1652, .T. ) ;
#376 = VECTOR ( 'NONE', #1843, 1000.000000000000000 ) ;
#377 = LINE ( 'NONE', #941, #185 ) ;
#378 = LINE ( 'NONE', #942, #193 ) ;
#379 = LINE ( 'NONE', #2067, #1308 ) ;
#380 = ORIENTED_EDGE ( 'NONE', *, *, #1227, .T. ) ;
#381 = ORIENTED_EDGE ( 'NONE', *, *, #2388, .F. ) ;
#382 = FACE_OUTER_BOUND ( 'NONE', #2211, .T. ) ;
#383 = EDGE_LOOP ( 'NONE', ( #67, #2081, #143, #1137 ) ) ;
#384 = AXIS2_PLACEMENT_3D ( 'NONE', #127, #700, #1637 ) ;
#385 = DIRECTION ( 'NONE',  ( 0.000000000000000000, 0.000000000000000000, 1.000000000000000000 ) ) ;
#386 = VECTOR ( 'NONE', #1697, 1000.000000000000000 ) ;
#387 = CARTESIAN_POINT ( 'NONE',  ( -67.74999999999991473, 2.200000000000000622, -55.75000000000000000 ) ) ;
#388 = PERSON_AND_ORGANIZATION ( #999, #1378 ) ;
#389 = ORIENTED_EDGE ( 'NONE', *, *, #1558, .F. ) ;
#390 = CARTESIAN_POINT ( 'NONE',  ( -55.75000000000000711, 5.000000000000004441, -63.75000000000005684 ) ) ;
#391 = CARTESIAN_POINT ( 'NONE',  ( 16.96034482758638973, 189.0178641211801107, 39.57413793103380328 ) ) ;
#392 = LINE ( 'NONE', #1868, #565 ) ;
#393 = EDGE_CURVE ( 'NONE', #732, #1640, #730, .T. ) ;
#394 = ORIENTED_EDGE ( 'NONE', *, *, #1339, .T. ) ;
#395 = PLANE ( 'NONE',  #2339 ) ;
#396 = EDGE_LOOP ( 'NONE', ( #835, #525, #801, #1607 ) ) ;
#397 = EDGE_CURVE ( 'NONE', #2007, #1525, #2122, .T. ) ;
#398 = VERTEX_POINT ( 'NONE', #828 ) ;
#399 = DIRECTION ( 'NONE',  ( 0.000000000000000000, 0.000000000000000000, 1.000000000000000000 ) ) ;
#400 = PLANE ( 'NONE',  #1513 ) ;
#401 = LINE ( 'NONE', #787, #766 ) ;
#402 = DIRECTION ( 'NONE',  ( 0.000000000000000000, 0.000000000000000000, 1.000000000000000000 ) ) ;
#403 = PLANE ( 'NONE',  #606 ) ;
#404 = EDGE_LOOP ( 'NONE', ( #412, #222, #61, #1034, #2154, #1958, #2224, #1403, #260, #1070, #717, #1258, #1530, #2309, #1269, #1949, #309, #354, #1732, #884 ) ) ;
#405 = DIRECTION ( 'NONE',  ( -0.000000000000000000, -1.000000000000000000, -0.000000000000000000 ) ) ;
#406 = VERTEX_POINT ( 'NONE', #1579 ) ;
#407 = DIRECTION ( 'NONE',  ( -5.204170427930407873E-15, 0.000000000000000000, 1.000000000000000000 ) ) ;
#408 = VECTOR ( 'NONE', #1973, 1000.000000000000000 ) ;
#409 = FACE_OUTER_BOUND ( 'NONE', #917, .T. ) ;
#410 = ADVANCED_FACE ( 'NONE', ( #258 ), #842, .F. ) ;
#411 = ADVANCED_FACE ( 'NONE', ( #73 ), #292, .F. ) ;
#412 = ORIENTED_EDGE ( 'NONE', *, *, #1925, .T. ) ;
#413 = CARTESIAN_POINT ( 'NONE',  ( 54.78175416344813442, 4.100000000000000533, -67.50000000000000000 ) ) ;
#414 = CARTESIAN_POINT ( 'NONE',  ( -65.75000000000000000, 2.200000000000000622, 55.75000000000000000 ) ) ;
#415 = AXIS2_PLACEMENT_3D ( 'NONE', #1747, #1901, #81 ) ;
#416 = CARTESIAN_POINT ( 'NONE',  ( -55.75000000000000711, 2.200000000000000622, -67.74999999999991473 ) ) ;
#417 = VECTOR ( 'NONE', #906, 1000.000000000000000 ) ;
#418 = ORIENTED_EDGE ( 'NONE', *, *, #1925, .F. ) ;
#419 = EDGE_LOOP ( 'NONE', ( #287, #1760, #2353, #80 ) ) ;
#420 = ORIENTED_EDGE ( 'NONE', *, *, #862, .F. ) ;
#421 = VECTOR ( 'NONE', #1473, 1000.000000000000000 ) ;
#422 = EDGE_LOOP ( 'NONE', ( #1312, #1047, #2089, #1447 ) ) ;
#423 = ORIENTED_EDGE ( 'NONE', *, *, #1526, .F. ) ;
#424 = LINE ( 'NONE', #278, #1455 ) ;
#425 = DIRECTION ( 'NONE',  ( -0.000000000000000000, -1.000000000000000000, -0.000000000000000000 ) ) ;
#426 = ORIENTED_EDGE ( 'NONE', *, *, #1558, .T. ) ;
#427 = AXIS2_PLACEMENT_3D ( 'NONE', #2270, #580, #1327 ) ;
#428 = DIRECTION ( 'NONE',  ( 1.000000000000000000, 0.000000000000000000, 0.000000000000000000 ) ) ;
#429 = DIRECTION ( 'NONE',  ( -0.000000000000000000, -1.000000000000000000, -0.000000000000000000 ) ) ;
#430 = EDGE_LOOP ( 'NONE', ( #2333, #1922, #97, #1320 ) ) ;
#431 = LINE ( 'NONE', #1172, #2352 ) ;
#432 = VERTEX_POINT ( 'NONE', #2156 ) ;
#433 = VECTOR ( 'NONE', #2182, 1000.000000000000000 ) ;
#434 = ORIENTED_EDGE ( 'NONE', *, *, #1938, .F. ) ;
#435 = CYLINDRICAL_SURFACE ( 'NONE', #415, 2.000000000000015543 ) ;
#436 = CARTESIAN_POINT ( 'NONE',  ( -65.75000000000000000, 189.0178641211801107, 55.75000000000000000 ) ) ;
#437 = CARTESIAN_POINT ( 'NONE',  ( -67.25000000000000000, 4.100000000000000533, 67.25000000000000000 ) ) ;
#438 = CARTESIAN_POINT ( 'NONE',  ( 63.75000000000000000, 2.200000000000000622, 0.000000000000000000 ) ) ;
#439 = ADVANCED_FACE ( 'NONE', ( #810 ), #1215, .T. ) ;
#440 = DIRECTION ( 'NONE',  ( -1.000000000000000000, 0.000000000000000000, 1.387778780781463504E-14 ) ) ;
#441 = EDGE_CURVE ( 'NONE', #1456, #651, #1593, .T. ) ;
#442 = EDGE_CURVE ( 'NONE', #1781, #1007, #1919, .T. ) ;
#443 = EDGE_LOOP ( 'NONE', ( #1892, #1821, #241, #600, #1552, #1318, #894, #1813, #296, #1188, #1486, #1484, #1151, #2170, #170, #547, #746, #453, #1915, #2250 ) ) ;
#444 = VECTOR ( 'NONE', #2327, 1000.000000000000000 ) ;
#445 = CARTESIAN_POINT ( 'NONE',  ( -63.75000000000001421, 5.000000000000004441, -63.75000000000002842 ) ) ;
#446 = DIRECTION ( 'NONE',  ( 0.3939192985791737933, 0.000000000000000000, -0.9191450300180552535 ) ) ;
#447 = ORIENTED_EDGE ( 'NONE', *, *, #40, .T. ) ;
#448 = CARTESIAN_POINT ( 'NONE',  ( 54.37250226860437863, 2.200000000000035261, -64.30000000000002558 ) ) ;
#449 = CARTESIAN_POINT ( 'NONE',  ( 62.25000000000000000, 3.149999999999999911, 0.000000000000000000 ) ) ;
#450 = ORIENTED_EDGE ( 'NONE', *, *, #1894, .F. ) ;
#451 = LINE ( 'NONE', #237, #491 ) ;
#452 = EDGE_LOOP ( 'NONE', ( #603, #1346, #195, #1127 ) ) ;
#453 = ORIENTED_EDGE ( 'NONE', *, *, #72, .F. ) ;
#454 = CC_DESIGN_PERSON_AND_ORGANIZATION_ASSIGNMENT ( #388, #2013, ( #2396 ) ) ;
#455 = AXIS2_PLACEMENT_3D ( 'NONE', #619, #1539, #1563 ) ;
#456 = VECTOR ( 'NONE', #1125, 1000.000000000000000 ) ;
#457 = CARTESIAN_POINT ( 'NONE',  ( -54.78175416344812731, 2.200000000000035261, 67.50000000000001421 ) ) ;
#458 = CARTESIAN_POINT ( 'NONE',  ( 62.25000000000000000, 5.000000000000004441, 50.25000000000003553 ) ) ;
#459 = CARTESIAN_POINT ( 'NONE',  ( -67.50000000000001421, 4.100000000000000533, -8.549841925767509355E-15 ) ) ;
#460 = AXIS2_PLACEMENT_3D ( 'NONE', #2103, #1362, #279 ) ;
#461 = LINE ( 'NONE', #449, #2132 ) ;
#462 = ORIENTED_EDGE ( 'NONE', *, *, #1170, .F. ) ;
#463 = AXIS2_PLACEMENT_3D ( 'NONE', #671, #2190, #305 ) ;
#464 = ORIENTED_EDGE ( 'NONE', *, *, #295, .F. ) ;
#465 = DIRECTION ( 'NONE',  ( 0.000000000000000000, 0.000000000000000000, -1.000000000000000000 ) ) ;
#466 = DIRECTION ( 'NONE',  ( -1.000000000000000000, 0.000000000000000000, -0.000000000000000000 ) ) ;
#467 = VECTOR ( 'NONE', #1624, 1000.000000000000000 ) ;
#468 = ORIENTED_EDGE ( 'NONE', *, *, #131, .F. ) ;
#469 = EDGE_CURVE ( 'NONE', #2033, #238, #691, .T. ) ;
#470 = AXIS2_PLACEMENT_3D ( 'NONE', #1207, #1934, #812 ) ;
#471 = EDGE_LOOP ( 'NONE', ( #1233, #1698, #1163, #2096 ) ) ;
#472 = LINE ( 'NONE', #1942, #1851 ) ;
#473 = ORIENTED_EDGE ( 'NONE', *, *, #1648, .T. ) ;
#474 = ADVANCED_FACE ( 'NONE', ( #135 ), #485, .F. ) ;
#475 = CARTESIAN_POINT ( 'NONE',  ( 67.25000000000000000, 2.100000000000000089, -67.25000000000000000 ) ) ;
#476 = DIRECTION ( 'NONE',  ( -0.000000000000000000, -1.000000000000000000, -0.000000000000000000 ) ) ;
#477 = ORIENTED_EDGE ( 'NONE', *, *, #1010, .T. ) ;
#478 = DIRECTION ( 'NONE',  ( -1.000000000000000000, 0.000000000000000000, 3.828531122015618210E-16 ) ) ;
#479 = ORIENTED_EDGE ( 'NONE', *, *, #1891, .T. ) ;
#480 = VERTEX_POINT ( 'NONE', #1613 ) ;
#481 = DIRECTION ( 'NONE',  ( -1.000000000000000000, 0.000000000000000000, 0.000000000000000000 ) ) ;
#482 = EDGE_CURVE ( 'NONE', #1184, #933, #1273, .T. ) ;
#483 = ADVANCED_FACE ( 'NONE', ( #887 ), #1827, .F. ) ;
#484 = DIRECTION ( 'NONE',  ( 0.000000000000000000, 0.000000000000000000, -1.000000000000000000 ) ) ;
#485 = PLANE ( 'NONE',  #817 ) ;
#486 = FACE_OUTER_BOUND ( 'NONE', #1960, .T. ) ;
#487 = VECTOR ( 'NONE', #946, 1000.000000000000000 ) ;
#488 = LINE ( 'NONE', #1441, #1984 ) ;
#489 = CARTESIAN_POINT ( 'NONE',  ( -55.75000000000000000, 5.000000000000004441, 65.75000000000000000 ) ) ;
#490 = ORIENTED_EDGE ( 'NONE', *, *, #669, .T. ) ;
#491 = VECTOR ( 'NONE', #1752, 1000.000000000000000 ) ;
#492 = ORIENTED_EDGE ( 'NONE', *, *, #536, .F. ) ;
#493 = CARTESIAN_POINT ( 'NONE',  ( 67.74999999999998579, 2.200000000000000622, 55.74999999999999289 ) ) ;
#494 = DIRECTION ( 'NONE',  ( 0.000000000000000000, 0.000000000000000000, -1.000000000000000000 ) ) ;
#495 = LINE ( 'NONE', #148, #78 ) ;
#496 = DIRECTION ( 'NONE',  ( 0.000000000000000000, -1.000000000000000000, 0.000000000000000000 ) ) ;
#497 = EDGE_CURVE ( 'NONE', #223, #432, #1074, .T. ) ;
#498 = DIRECTION ( 'NONE',  ( 0.000000000000000000, 0.000000000000000000, 1.000000000000000000 ) ) ;
#499 = CARTESIAN_POINT ( 'NONE',  ( -55.75000000000000000, 2.200000000000000622, 65.75000000000000000 ) ) ;
#500 = VECTOR ( 'NONE', #2386, 1000.000000000000000 ) ;
#501 = VERTEX_POINT ( 'NONE', #2372 ) ;
#502 = CARTESIAN_POINT ( 'NONE',  ( -37.69999999999996732, 3.149999999999986144, 63.00000000000002842 ) ) ;
#503 = VERTEX_POINT ( 'NONE', #528 ) ;
#504 = DIRECTION ( 'NONE',  ( -0.000000000000000000, -1.000000000000000000, -0.000000000000000000 ) ) ;
#505 = DIRECTION ( 'NONE',  ( 0.000000000000000000, 0.000000000000000000, -1.000000000000000000 ) ) ;
#506 = CARTESIAN_POINT ( 'NONE',  ( 70.78448275862064065, 5.000000000000004441, 30.33620689655225533 ) ) ;
#507 = AXIS2_PLACEMENT_3D ( 'NONE', #499, #2344, #1239 ) ;
#508 = CARTESIAN_POINT ( 'NONE',  ( 67.25000000000000000, 4.100000000000000533, 69.75000000000000000 ) ) ;
#509 = DIRECTION ( 'NONE',  ( 0.000000000000000000, 0.000000000000000000, 1.000000000000000000 ) ) ;
#510 = AXIS2_PLACEMENT_3D ( 'NONE', #437, #1363, #1966 ) ;
#511 = EDGE_CURVE ( 'NONE', #830, #1913, #1052, .T. ) ;
#512 = EDGE_CURVE ( 'NONE', #129, #88, #1829, .T. ) ;
#513 = VERTEX_POINT ( 'NONE', #2024 ) ;
#514 = CARTESIAN_POINT ( 'NONE',  ( -48.49999999999998579, 189.0178641211801107, 63.00000000000002842 ) ) ;
#515 = ORIENTED_EDGE ( 'NONE', *, *, #2335, .T. ) ;
#516 = ORIENTED_EDGE ( 'NONE', *, *, #2178, .T. ) ;
#517 = DIRECTION ( 'NONE',  ( 1.387778780781446267E-15, 0.000000000000000000, 1.000000000000000000 ) ) ;
#518 = DIRECTION ( 'NONE',  ( -1.000000000000000000, 0.000000000000000000, -0.000000000000000000 ) ) ;
#519 = LINE ( 'NONE', #161, #209 ) ;
#520 = AXIS2_PLACEMENT_3D ( 'NONE', #876, #1430, #2341 ) ;
#521 = CARTESIAN_POINT ( 'NONE',  ( 69.75000000000000000, 2.100000000000000089, 67.25000000000000000 ) ) ;
#522 = DIRECTION ( 'NONE',  ( 1.000000000000000000, 0.000000000000000000, -0.000000000000000000 ) ) ;
#523 = ORIENTED_EDGE ( 'NONE', *, *, #985, .T. ) ;
#524 = LINE ( 'NONE', #310, #2094 ) ;
#525 = ORIENTED_EDGE ( 'NONE', *, *, #819, .T. ) ;
#526 = CIRCLE ( 'NONE', #1738, 1.999999999999932498 ) ;
#527 = CARTESIAN_POINT ( 'NONE',  ( -64.30000000000003979, 189.0178641211801107, -54.37250226860447100 ) ) ;
#528 = CARTESIAN_POINT ( 'NONE',  ( -67.74999999999998579, 2.200000000000000622, 67.75000000000001421 ) ) ;
#529 = CARTESIAN_POINT ( 'NONE',  ( 0.000000000000000000, 0.000000000000000000, 0.000000000000000000 ) ) ;
#530 = VECTOR ( 'NONE', #1438, 1000.000000000000000 ) ;
#531 = DIRECTION ( 'NONE',  ( 0.000000000000000000, -1.000000000000000000, 0.000000000000000000 ) ) ;
#532 = LINE ( 'NONE', #702, #1876 ) ;
#533 = CARTESIAN_POINT ( 'NONE',  ( -67.74999999999991473, 4.100000000000000533, -55.75000000000000000 ) ) ;
#534 = VECTOR ( 'NONE', #728, 1000.000000000000000 ) ;
#535 = VERTEX_POINT ( 'NONE', #1999 ) ;
#536 = EDGE_CURVE ( 'NONE', #552, #1729, #1439, .T. ) ;
#537 = DIRECTION ( 'NONE',  ( -0.000000000000000000, -1.000000000000000000, -0.000000000000000000 ) ) ;
#538 = ORIENTED_EDGE ( 'NONE', *, *, #1761, .F. ) ;
#539 = DIRECTION ( 'NONE',  ( 0.000000000000000000, 0.000000000000000000, -1.000000000000000000 ) ) ;
#540 = DIRECTION ( 'NONE',  ( -0.3939192985791800106, 0.000000000000000000, 0.9191450300180527000 ) ) ;
#541 = EDGE_CURVE ( 'NONE', #1561, #398, #495, .T. ) ;
#542 = AXIS2_PLACEMENT_3D ( 'NONE', #1088, #2231, #2395 ) ;
#543 = DIRECTION ( 'NONE',  ( 0.000000000000000000, -1.000000000000000000, 0.000000000000000000 ) ) ;
#544 = EDGE_CURVE ( 'NONE', #24, #1912, #2392, .T. ) ;
#545 = CARTESIAN_POINT ( 'NONE',  ( 55.75000000000000711, 2.200000000000000622, 65.75000000000000000 ) ) ;
#546 = CARTESIAN_POINT ( 'NONE',  ( -50.24999999999998579, 189.0178641211801107, 62.25000000000000000 ) ) ;
#547 = ORIENTED_EDGE ( 'NONE', *, *, #1658, .F. ) ;
#548 = DIRECTION ( 'NONE',  ( 0.000000000000000000, 0.000000000000000000, 1.000000000000000000 ) ) ;
#549 = VERTEX_POINT ( 'NONE', #679 ) ;
#550 = CARTESIAN_POINT ( 'NONE',  ( -63.00000000000002842, 3.149999999999999911, -48.50000000000000000 ) ) ;
#551 = CARTESIAN_POINT ( 'NONE',  ( 64.30000000000003979, 2.200000000000035261, 54.37250226860439284 ) ) ;
#552 = VERTEX_POINT ( 'NONE', #1786 ) ;
#553 = CARTESIAN_POINT ( 'NONE',  ( -62.25000000000000000, 189.0178641211801107, 62.25000000000000000 ) ) ;
#554 = CARTESIAN_POINT ( 'NONE',  ( -63.74999999999997158, 189.0178641211801107, 0.000000000000000000 ) ) ;
#555 = CIRCLE ( 'NONE', #1932, 2.000000000000029310 ) ;
#556 = DIRECTION ( 'NONE',  ( -1.000000000000000000, 0.000000000000000000, 0.000000000000000000 ) ) ;
#557 = ORIENTED_EDGE ( 'NONE', *, *, #1351, .T. ) ;
#558 = ORIENTED_EDGE ( 'NONE', *, *, #511, .F. ) ;
#559 = CARTESIAN_POINT ( 'NONE',  ( -63.74999999999997158, 5.000000000000004441, 63.74999999999998579 ) ) ;
#560 = ORIENTED_EDGE ( 'NONE', *, *, #1651, .F. ) ;
#561 = EDGE_LOOP ( 'NONE', ( #1071, #418, #1804, #2368 ) ) ;
#562 = CARTESIAN_POINT ( 'NONE',  ( -67.74999999999945999, 2.200000000000000622, 5.641320743876531233E-13 ) ) ;
#563 = DIRECTION ( 'NONE',  ( 1.000000000000000000, 0.000000000000000000, -8.326672684688672475E-15 ) ) ;
#564 = EDGE_LOOP ( 'NONE', ( #2321, #1870, #673, #1478 ) ) ;
#565 = VECTOR ( 'NONE', #2409, 999.9999999999998863 ) ;
#566 = LINE ( 'NONE', #232, #1117 ) ;
#567 = CARTESIAN_POINT ( 'NONE',  ( -54.37250226860447810, 189.0178641211801107, -64.30000000000002558 ) ) ;
#568 = ADVANCED_FACE ( 'NONE', ( #113 ), #2362, .F. ) ;
#569 = EDGE_CURVE ( 'NONE', #1049, #1784, #1421, .T. ) ;
#570 = CIRCLE ( 'NONE', #1904, 2.000000000000015543 ) ;
#571 = CARTESIAN_POINT ( 'NONE',  ( -62.24999999999997868, 189.0178641211801107, -50.25000000000001421 ) ) ;
#572 = ADVANCED_FACE ( 'NONE', ( #2201 ), #1249, .F. ) ;
#573 = ORIENTED_EDGE ( 'NONE', *, *, #1316, .F. ) ;
#574 = LINE ( 'NONE', #1655, #1538 ) ;
#575 = ORIENTED_EDGE ( 'NONE', *, *, #397, .T. ) ;
#576 = CYLINDRICAL_SURFACE ( 'NONE', #1460, 2.000000000000015543 ) ;
#577 = AXIS2_PLACEMENT_3D ( 'NONE', #1644, #1660, #540 ) ;
#578 = FACE_OUTER_BOUND ( 'NONE', #430, .T. ) ;
#579 = ORIENTED_EDGE ( 'NONE', *, *, #1058, .F. ) ;
#580 = DIRECTION ( 'NONE',  ( 0.000000000000000000, -1.000000000000000000, 0.000000000000000000 ) ) ;
#581 = DIRECTION ( 'NONE',  ( 0.3939192985791770130, -0.000000000000000000, 0.9191450300180539212 ) ) ;
#582 = CARTESIAN_POINT ( 'NONE',  ( -69.75000000000000000, 2.100000000000000089, -67.25000000000000000 ) ) ;
#583 = ADVANCED_FACE ( 'NONE', ( #1450 ), #1986, .F. ) ;
#584 = EDGE_CURVE ( 'NONE', #1819, #1504, #1811, .T. ) ;
#585 = ORIENTED_EDGE ( 'NONE', *, *, #1201, .T. ) ;
#586 = LINE ( 'NONE', #919, #1970 ) ;
#587 = ORIENTED_EDGE ( 'NONE', *, *, #1512, .T. ) ;
#588 = CARTESIAN_POINT ( 'NONE',  ( 67.75000000000001421, 4.100000000000000533, 67.74999999999998579 ) ) ;
#589 = CYLINDRICAL_SURFACE ( 'NONE', #1704, 1.999999999999932498 ) ;
#590 = ORIENTED_EDGE ( 'NONE', *, *, #251, .F. ) ;
#591 = CARTESIAN_POINT ( 'NONE',  ( 67.75000000000000000, 4.100000000000000533, -55.75000000000000711 ) ) ;
#592 = CARTESIAN_POINT ( 'NONE',  ( 54.37250226860439994, 5.000000000000004441, 64.29999999999999716 ) ) ;
#593 = ORIENTED_EDGE ( 'NONE', *, *, #469, .F. ) ;
#594 = CARTESIAN_POINT ( 'NONE',  ( 54.37250226860437863, 5.000000000000004441, -64.30000000000002558 ) ) ;
#595 = VERTEX_POINT ( 'NONE', #387 ) ;
#596 = ORIENTED_EDGE ( 'NONE', *, *, #1793, .F. ) ;
#597 = VECTOR ( 'NONE', #1795, 1000.000000000000000 ) ;
#598 = ADVANCED_FACE ( 'NONE', ( #578 ), #910, .F. ) ;
#599 = VERTEX_POINT ( 'NONE', #202 ) ;
#600 = ORIENTED_EDGE ( 'NONE', *, *, #120, .F. ) ;
#601 = CARTESIAN_POINT ( 'NONE',  ( 63.75000000000000000, 189.0178641211801107, -55.75000000000000711 ) ) ;
#602 = DIRECTION ( 'NONE',  ( -0.000000000000000000, -1.000000000000000000, -0.000000000000000000 ) ) ;
#603 = ORIENTED_EDGE ( 'NONE', *, *, #1890, .F. ) ;
#604 = CARTESIAN_POINT ( 'NONE',  ( 0.000000000000000000, 3.149999999999999911, -62.25000000000000000 ) ) ;
#605 = CARTESIAN_POINT ( 'NONE',  ( -1.880440247958853084E-13, 4.100000000000000533, -67.74999999999985789 ) ) ;
#606 = AXIS2_PLACEMENT_3D ( 'NONE', #1288, #164, #2041 ) ;
#607 = LINE ( 'NONE', #1379, #1817 ) ;
#608 = ORIENTED_EDGE ( 'NONE', *, *, #758, .T. ) ;
#609 = ORIENTED_EDGE ( 'NONE', *, *, #2257, .F. ) ;
#610 = EDGE_CURVE ( 'NONE', #1059, #238, #1294, .T. ) ;
#611 = DIRECTION ( 'NONE',  ( 0.000000000000000000, 1.000000000000000000, -0.000000000000000000 ) ) ;
#612 = CARTESIAN_POINT ( 'NONE',  ( 55.74999999999999289, 2.200000000000000622, -65.75000000000000000 ) ) ;
#613 = DATE_AND_TIME ( #1325, #2205 ) ;
#614 = ORIENTED_EDGE ( 'NONE', *, *, #367, .F. ) ;
#615 = ADVANCED_FACE ( 'NONE', ( #1324 ), #1139, .F. ) ;
#616 = ADVANCED_FACE ( 'NONE', ( #1310 ), #1284, .T. ) ;
#617 = FACE_OUTER_BOUND ( 'NONE', #1220, .T. ) ;
#618 = DIRECTION ( 'NONE',  ( 1.000000000000000000, 0.000000000000000000, -2.775557561562889379E-15 ) ) ;
#619 = CARTESIAN_POINT ( 'NONE',  ( 62.25000000000000000, 189.0178641211801107, 0.000000000000000000 ) ) ;
#620 = ORIENTED_EDGE ( 'NONE', *, *, #512, .T. ) ;
#621 = AXIS2_PLACEMENT_3D ( 'NONE', #1029, #684, #1400 ) ;
#622 = CARTESIAN_POINT ( 'NONE',  ( -54.78175416344832627, 2.200000000000007283, -67.50000000000000000 ) ) ;
#623 = AXIS2_PLACEMENT_3D ( 'NONE', #459, #2316, #1727 ) ;
#624 = LINE ( 'NONE', #1009, #2223 ) ;
#625 = PLANE ( 'NONE',  #2195 ) ;
#626 = FACE_OUTER_BOUND ( 'NONE', #2021, .T. ) ;
#627 = ADVANCED_FACE ( 'NONE', ( #374 ), #400, .F. ) ;
#628 = EDGE_CURVE ( 'NONE', #174, #651, #227, .T. ) ;
#629 = DIRECTION ( 'NONE',  ( -0.3939192985791737933, 0.000000000000000000, -0.9191450300180552535 ) ) ;
#630 = ORIENTED_EDGE ( 'NONE', *, *, #2069, .F. ) ;
#631 = ORIENTED_EDGE ( 'NONE', *, *, #1531, .T. ) ;
#632 = VECTOR ( 'NONE', #188, 999.9999999999998863 ) ;
#633 = LINE ( 'NONE', #226, #2374 ) ;
#634 = FACE_OUTER_BOUND ( 'NONE', #2248, .T. ) ;
#635 = VERTEX_POINT ( 'NONE', #948 ) ;
#636 = CARTESIAN_POINT ( 'NONE',  ( 0.000000000000000000, 189.0178641211801107, 63.74999999999998579 ) ) ;
#637 = CARTESIAN_POINT ( 'NONE',  ( 67.25000000000000000, 2.100000000000000089, -69.75000000000000000 ) ) ;
#638 = ADVANCED_FACE ( 'NONE', ( #2404 ), #1109, .F. ) ;
#639 = CARTESIAN_POINT ( 'NONE',  ( 63.00000000000002842, 3.149999999999999911, 0.000000000000000000 ) ) ;
#640 = PLANE ( 'NONE',  #969 ) ;
#641 = ORIENTED_EDGE ( 'NONE', *, *, #703, .F. ) ;
#642 = EDGE_CURVE ( 'NONE', #1543, #1389, #1862, .T. ) ;
#643 = VECTOR ( 'NONE', #2060, 1000.000000000000000 ) ;
#644 = ORIENTED_EDGE ( 'NONE', *, *, #1134, .T. ) ;
#645 = CARTESIAN_POINT ( 'NONE',  ( 37.69999999999998153, 189.0178641211801107, -63.00000000000004263 ) ) ;
#646 = DIRECTION ( 'NONE',  ( 0.3939192985791831192, 0.000000000000000000, -0.9191450300180513677 ) ) ;
#647 = DIRECTION ( 'NONE',  ( 0.000000000000000000, 1.000000000000000000, -0.000000000000000000 ) ) ;
#648 = VERTEX_POINT ( 'NONE', #1097 ) ;
#649 = DIRECTION ( 'NONE',  ( 0.000000000000000000, -1.000000000000000000, 0.000000000000000000 ) ) ;
#650 = ORIENTED_EDGE ( 'NONE', *, *, #2355, .F. ) ;
#651 = VERTEX_POINT ( 'NONE', #1474 ) ;
#652 = EDGE_CURVE ( 'NONE', #1118, #767, #1079, .T. ) ;
#653 = VECTOR ( 'NONE', #2419, 1000.000000000000000 ) ;
#654 = VERTEX_POINT ( 'NONE', #551 ) ;
#655 = LINE ( 'NONE', #1622, #64 ) ;
#656 = ORIENTED_EDGE ( 'NONE', *, *, #1951, .T. ) ;
#657 = LINE ( 'NONE', #2371, #530 ) ;
#658 = CARTESIAN_POINT ( 'NONE',  ( 4.701100619897174489E-13, 2.200000000000000622, 67.75000000000046896 ) ) ;
#659 = FACE_OUTER_BOUND ( 'NONE', #184, .T. ) ;
#660 = ORIENTED_EDGE ( 'NONE', *, *, #1382, .T. ) ;
#661 = DIRECTION ( 'NONE',  ( -0.000000000000000000, -1.000000000000000000, -0.000000000000000000 ) ) ;
#662 = ORIENTED_EDGE ( 'NONE', *, *, #997, .T. ) ;
#663 = LINE ( 'NONE', #514, #1342 ) ;
#664 = ADVANCED_FACE ( 'NONE', ( #771 ), #9, .T. ) ;
#665 = VECTOR ( 'NONE', #273, 1000.000000000000000 ) ;
#666 = VERTEX_POINT ( 'NONE', #2061 ) ;
#667 = CYLINDRICAL_SURFACE ( 'NONE', #1699, 2.000000000000001776 ) ;
#668 = DIRECTION ( 'NONE',  ( -0.3939192985791887813, 0.000000000000000000, -0.9191450300180489252 ) ) ;
#669 = EDGE_CURVE ( 'NONE', #998, #654, #1126, .T. ) ;
#670 = CARTESIAN_POINT ( 'NONE',  ( -64.30000000000001137, 2.200000000000007283, 54.37250226860435021 ) ) ;
#671 = CARTESIAN_POINT ( 'NONE',  ( 1.709968385153502818E-14, 4.100000000000000533, 67.50000000000000000 ) ) ;
#672 = CARTESIAN_POINT ( 'NONE',  ( 67.75000000000000000, 2.200000000000000622, -67.75000000000004263 ) ) ;
#673 = ORIENTED_EDGE ( 'NONE', *, *, #307, .T. ) ;
#674 = AXIS2_PLACEMENT_3D ( 'NONE', #1763, #1936, #1158 ) ;
#675 = ORIENTED_EDGE ( 'NONE', *, *, #248, .T. ) ;
#676 = CARTESIAN_POINT ( 'NONE',  ( -69.75000000000000000, 2.100000000000000089, -69.75000000000000000 ) ) ;
#677 = VECTOR ( 'NONE', #678, 1000.000000000000000 ) ;
#678 = DIRECTION ( 'NONE',  ( -0.000000000000000000, -1.000000000000000000, -0.000000000000000000 ) ) ;
#679 = CARTESIAN_POINT ( 'NONE',  ( 63.75000000000000000, 2.200000000000007283, -55.75000000000000711 ) ) ;
#680 = DIRECTION ( 'NONE',  ( 0.000000000000000000, 0.000000000000000000, -1.000000000000000000 ) ) ;
#681 = EDGE_CURVE ( 'NONE', #939, #599, #2281, .T. ) ;
#682 = ADVANCED_FACE ( 'NONE', ( #1337 ), #589, .F. ) ;
#683 = DIRECTION ( 'NONE',  ( -1.000000000000000000, 0.000000000000000000, 5.104708162687497849E-16 ) ) ;
#684 = DIRECTION ( 'NONE',  ( 0.000000000000000000, 0.000000000000000000, -1.000000000000000000 ) ) ;
#685 = ADVANCED_FACE ( 'NONE', ( #409 ), #1462, .F. ) ;
#686 = ORIENTED_EDGE ( 'NONE', *, *, #1103, .T. ) ;
#687 = AXIS2_PLACEMENT_3D ( 'NONE', #312, #324, #1063 ) ;
#688 = VERTEX_POINT ( 'NONE', #458 ) ;
#689 = DIRECTION ( 'NONE',  ( -0.000000000000000000, -1.000000000000000000, -0.000000000000000000 ) ) ;
#690 = CARTESIAN_POINT ( 'NONE',  ( 55.74999999999999289, 189.0178641211801107, -63.75000000000000000 ) ) ;
#691 = LINE ( 'NONE', #1975, #1175 ) ;
#692 = DIRECTION ( 'NONE',  ( 1.000000000000000000, 0.000000000000000000, -0.000000000000000000 ) ) ;
#693 = DIRECTION ( 'NONE',  ( 0.000000000000000000, -1.000000000000000000, 0.000000000000000000 ) ) ;
#694 = DIRECTION ( 'NONE',  ( 0.000000000000000000, -0.000000000000000000, 1.000000000000000000 ) ) ;
#695 = VERTEX_POINT ( 'NONE', #2295 ) ;
#696 = CARTESIAN_POINT ( 'NONE',  ( -55.75000000000000711, 5.000000000000004441, -65.74999999999998579 ) ) ;
#697 = VERTEX_POINT ( 'NONE', #2323 ) ;
#698 = CARTESIAN_POINT ( 'NONE',  ( -48.49999999999998579, 5.000000000000004441, 63.00000000000004263 ) ) ;
#699 = DIRECTION ( 'NONE',  ( 1.000000000000000000, 0.000000000000000000, 0.000000000000000000 ) ) ;
#700 = DIRECTION ( 'NONE',  ( 0.000000000000000000, 0.000000000000000000, -1.000000000000000000 ) ) ;
#701 = VECTOR ( 'NONE', #2249, 1000.000000000000000 ) ;
#702 = CARTESIAN_POINT ( 'NONE',  ( -63.00000000000001421, 189.0178641211801107, -48.50000000000000000 ) ) ;
#703 = EDGE_CURVE ( 'NONE', #1304, #762, #797, .T. ) ;
#704 = EDGE_CURVE ( 'NONE', #2131, #174, #1001, .T. ) ;
#705 = ORIENTED_EDGE ( 'NONE', *, *, #1253, .T. ) ;
#706 = CARTESIAN_POINT ( 'NONE',  ( -54.37250226860447810, 5.000000000000004441, -64.30000000000002558 ) ) ;
#707 = VERTEX_POINT ( 'NONE', #1568 ) ;
#708 = AXIS2_PLACEMENT_3D ( 'NONE', #1544, #2102, #1361 ) ;
#709 = CARTESIAN_POINT ( 'NONE',  ( 55.75000000000000711, 4.100000000000000533, 65.75000000000000000 ) ) ;
#710 = DIRECTION ( 'NONE',  ( 1.387778780781446662E-15, 0.000000000000000000, 1.000000000000000000 ) ) ;
#711 = CIRCLE ( 'NONE', #1654, 2.000000000000001776 ) ;
#712 = LINE ( 'NONE', #521, #2310 ) ;
#713 = DIRECTION ( 'NONE',  ( -0.000000000000000000, -1.000000000000000000, -0.000000000000000000 ) ) ;
#714 = ORIENTED_EDGE ( 'NONE', *, *, #14, .F. ) ;
#715 = DIRECTION ( 'NONE',  ( 1.000000000000000000, 0.000000000000000000, -6.938893903907221278E-15 ) ) ;
#716 = VECTOR ( 'NONE', #465, 1000.000000000000000 ) ;
#717 = ORIENTED_EDGE ( 'NONE', *, *, #251, .T. ) ;
#718 = CARTESIAN_POINT ( 'NONE',  ( 0.000000000000000000, 189.0178641211801107, -64.30000000000002558 ) ) ;
#719 = ADVANCED_FACE ( 'NONE', ( #256 ), #2118, .F. ) ;
#720 = ADVANCED_FACE ( 'NONE', ( #634 ), #1533, .F. ) ;
#721 = ORIENTED_EDGE ( 'NONE', *, *, #441, .T. ) ;
#722 = ORIENTED_EDGE ( 'NONE', *, *, #364, .T. ) ;
#723 = CARTESIAN_POINT ( 'NONE',  ( -62.25000000000000000, 189.0178641211801107, -35.95000000000000995 ) ) ;
#724 = CARTESIAN_POINT ( 'NONE',  ( -70.78448275862055539, 3.149999999999999911, -30.33620689655279179 ) ) ;
#725 = APPROVAL_DATE_TIME ( #924, #2192 ) ;
#726 = ORIENTED_EDGE ( 'NONE', *, *, #937, .T. ) ;
#727 = AXIS2_PLACEMENT_3D ( 'NONE', #391, #581, #1114 ) ;
#728 = DIRECTION ( 'NONE',  ( -0.000000000000000000, -1.000000000000000000, -0.000000000000000000 ) ) ;
#729 = FACE_OUTER_BOUND ( 'NONE', #1056, .T. ) ;
#730 = CIRCLE ( 'NONE', #1247, 1.999999999999988010 ) ;
#731 = LINE ( 'NONE', #1482, #1618 ) ;
#732 = VERTEX_POINT ( 'NONE', #1953 ) ;
#733 = ORIENTED_EDGE ( 'NONE', *, *, #2397, .T. ) ;
#734 = DIRECTION ( 'NONE',  ( 1.000000000000000000, 0.000000000000000000, -1.284980352575412305E-15 ) ) ;
#735 = ORIENTED_EDGE ( 'NONE', *, *, #862, .T. ) ;
#736 = ORIENTED_EDGE ( 'NONE', *, *, #180, .F. ) ;
#737 = LINE ( 'NONE', #2239, #1584 ) ;
#738 = CARTESIAN_POINT ( 'NONE',  ( 64.30000000000001137, 2.200000000000007283, -54.37250226860439994 ) ) ;
#739 = PERSON_AND_ORGANIZATION_ROLE ( 'creator' ) ;
#740 = VERTEX_POINT ( 'NONE', #1748 ) ;
#741 = CARTESIAN_POINT ( 'NONE',  ( -63.75000000000001421, 5.000000000000004441, -63.75000000000002842 ) ) ;
#742 = FACE_OUTER_BOUND ( 'NONE', #277, .T. ) ;
#743 = CIRCLE ( 'NONE', #2167, 2.000000000000001776 ) ;
#744 = APPLICATION_CONTEXT ( 'configuration controlled 3d designs of mechanical parts and assemblies' ) ;
#745 = CARTESIAN_POINT ( 'NONE',  ( 55.75000000000000711, 189.0178641211801107, 63.74999999999998579 ) ) ;
#746 = ORIENTED_EDGE ( 'NONE', *, *, #1778, .F. ) ;
#747 = ORIENTED_EDGE ( 'NONE', *, *, #2140, .F. ) ;
#748 = LINE ( 'NONE', #2071, #1265 ) ;
#749 = ORIENTED_EDGE ( 'NONE', *, *, #497, .T. ) ;
#750 = VERTEX_POINT ( 'NONE', #82 ) ;
#751 = LINE ( 'NONE', #527, #2104 ) ;
#752 = CARTESIAN_POINT ( 'NONE',  ( 63.74999999999992895, 2.200000000000000622, -8.847089727481711133E-14 ) ) ;
#753 = PERSON_AND_ORGANIZATION ( #999, #1378 ) ;
#754 = EDGE_LOOP ( 'NONE', ( #921, #955, #394, #1670 ) ) ;
#755 = VECTOR ( 'NONE', #1572, 1000.000000000000000 ) ;
#756 = CARTESIAN_POINT ( 'NONE',  ( 63.75000000000000000, 5.000000000000004441, -55.75000000000000711 ) ) ;
#757 = DIRECTION ( 'NONE',  ( 0.000000000000000000, 0.000000000000000000, 1.000000000000000000 ) ) ;
#758 = EDGE_CURVE ( 'NONE', #1264, #2033, #1930, .T. ) ;
#759 = ADVANCED_FACE ( 'NONE', ( #989 ), #1737, .F. ) ;
#760 = VECTOR ( 'NONE', #1000, 1000.000000000000000 ) ;
#761 = PLANE ( 'NONE',  #1857 ) ;
#762 = VERTEX_POINT ( 'NONE', #1165 ) ;
#763 = LINE ( 'NONE', #2146, #716 ) ;
#764 = DIRECTION ( 'NONE',  ( 0.000000000000000000, 0.000000000000000000, 1.000000000000000000 ) ) ;
#765 = ORIENTED_EDGE ( 'NONE', *, *, #1526, .T. ) ;
#766 = VECTOR ( 'NONE', #25, 1000.000000000000000 ) ;
#767 = VERTEX_POINT ( 'NONE', #1556 ) ;
#768 = ORIENTED_EDGE ( 'NONE', *, *, #833, .F. ) ;
#769 = DIRECTION ( 'NONE',  ( 0.000000000000000000, 0.000000000000000000, -1.000000000000000000 ) ) ;
#770 = VECTOR ( 'NONE', #358, 1000.000000000000000 ) ;
#771 = FACE_OUTER_BOUND ( 'NONE', #55, .T. ) ;
#772 = ORIENTED_EDGE ( 'NONE', *, *, #1330, .T. ) ;
#773 = DIRECTION ( 'NONE',  ( 0.000000000000000000, 0.000000000000000000, -1.000000000000000000 ) ) ;
#774 = CARTESIAN_POINT ( 'NONE',  ( -63.74999999999997158, 189.0178641211801107, 55.75000000000000000 ) ) ;
#775 = EDGE_LOOP ( 'NONE', ( #2149, #1770, #786, #423 ) ) ;
#776 = VECTOR ( 'NONE', #329, 1000.000000000000000 ) ;
#777 = CARTESIAN_POINT ( 'NONE',  ( 39.57413793103403066, 3.149999999999999911, -16.96034482758632578 ) ) ;
#778 = EDGE_LOOP ( 'NONE', ( #98, #650, #1591, #146 ) ) ;
#779 = VERTEX_POINT ( 'NONE', #1395 ) ;
#780 = ORIENTED_EDGE ( 'NONE', *, *, #916, .T. ) ;
#781 = EDGE_CURVE ( 'NONE', #666, #326, #624, .T. ) ;
#782 = DIRECTION ( 'NONE',  ( 6.938893903907221278E-15, 0.000000000000000000, 1.000000000000000000 ) ) ;
#783 = ORIENTED_EDGE ( 'NONE', *, *, #1384, .T. ) ;
#784 = CARTESIAN_POINT ( 'NONE',  ( -65.74999999999998579, 4.100000000000000533, -55.75000000000000711 ) ) ;
#785 = PLANE ( 'NONE',  #1452 ) ;
#786 = ORIENTED_EDGE ( 'NONE', *, *, #1874, .F. ) ;
#787 = CARTESIAN_POINT ( 'NONE',  ( 69.75000000000000000, 2.100000000000000089, -67.25000000000000000 ) ) ;
#788 = CARTESIAN_POINT ( 'NONE',  ( -55.75000000000000711, 189.0178641211801107, -65.74999999999998579 ) ) ;
#789 = DIRECTION ( 'NONE',  ( -1.276177040671872244E-16, 0.000000000000000000, -1.000000000000000000 ) ) ;
#790 = EDGE_CURVE ( 'NONE', #1683, #998, #1755, .T. ) ;
#791 = ORIENTED_EDGE ( 'NONE', *, *, #2152, .F. ) ;
#792 = ORIENTED_EDGE ( 'NONE', *, *, #891, .F. ) ;
#793 = ORIENTED_EDGE ( 'NONE', *, *, #1761, .T. ) ;
#794 = EDGE_LOOP ( 'NONE', ( #2289, #1656, #318, #447 ) ) ;
#795 = EDGE_CURVE ( 'NONE', #2312, #1683, #963, .T. ) ;
#796 = DIRECTION ( 'NONE',  ( 0.000000000000000000, 0.000000000000000000, 1.000000000000000000 ) ) ;
#797 = LINE ( 'NONE', #71, #230 ) ;
#798 = EDGE_CURVE ( 'NONE', #1729, #939, #2129, .T. ) ;
#799 = DIRECTION ( 'NONE',  ( -0.000000000000000000, -1.000000000000000000, -0.000000000000000000 ) ) ;
#800 = DIRECTION ( 'NONE',  ( -0.000000000000000000, -1.000000000000000000, -0.000000000000000000 ) ) ;
#801 = ORIENTED_EDGE ( 'NONE', *, *, #1978, .T. ) ;
#802 = VECTOR ( 'NONE', #1186, 1000.000000000000000 ) ;
#803 = CARTESIAN_POINT ( 'NONE',  ( 0.000000000000000000, 5.000000000000004441, -62.25000000000000000 ) ) ;
#804 = AXIS2_PLACEMENT_3D ( 'NONE', #2034, #357, #1877 ) ;
#805 = ORIENTED_EDGE ( 'NONE', *, *, #2037, .T. ) ;
#806 = VERTEX_POINT ( 'NONE', #827 ) ;
#807 = ORIENTED_EDGE ( 'NONE', *, *, #1905, .T. ) ;
#808 = CARTESIAN_POINT ( 'NONE',  ( -55.75000000000000711, 2.200000000000000622, -65.74999999999998579 ) ) ;
#809 = CARTESIAN_POINT ( 'NONE',  ( -63.00000000000002842, 189.0178641211801107, -37.69999999999999574 ) ) ;
#810 = FACE_OUTER_BOUND ( 'NONE', #130, .T. ) ;
#811 = ADVANCED_FACE ( 'NONE', ( #2306 ), #785, .F. ) ;
#812 = DIRECTION ( 'NONE',  ( 0.000000000000000000, 0.000000000000000000, 1.000000000000000000 ) ) ;
#813 = PLANE ( 'NONE',  #455 ) ;
#814 = ORIENTED_EDGE ( 'NONE', *, *, #2178, .F. ) ;
#815 = AXIS2_PLACEMENT_3D ( 'NONE', #191, #2051, #1481 ) ;
#816 = CARTESIAN_POINT ( 'NONE',  ( 67.75000000000000000, 4.100000000000000533, -67.75000000000000000 ) ) ;
#817 = AXIS2_PLACEMENT_3D ( 'NONE', #1798, #518, #124 ) ;
#818 = DIRECTION ( 'NONE',  ( 1.000000000000000000, 0.000000000000000000, 0.000000000000000000 ) ) ;
#819 = EDGE_CURVE ( 'NONE', #1912, #779, #472, .T. ) ;
#820 = CARTESIAN_POINT ( 'NONE',  ( 55.75000000000000711, 5.000000000000004441, 63.74999999999998579 ) ) ;
#821 = CYLINDRICAL_SURFACE ( 'NONE', #1413, 1.999999999999932498 ) ;
#822 = ORIENTED_EDGE ( 'NONE', *, *, #469, .T. ) ;
#823 = EDGE_CURVE ( 'NONE', #2312, #654, #1213, .T. ) ;
#824 = FACE_OUTER_BOUND ( 'NONE', #200, .T. ) ;
#825 = ORIENTED_EDGE ( 'NONE', *, *, #823, .F. ) ;
#826 = CYLINDRICAL_SURFACE ( 'NONE', #2177, 1.999999999999932498 ) ;
#827 = CARTESIAN_POINT ( 'NONE',  ( 63.00000000000002842, 5.000000000000004441, 48.49999999999999289 ) ) ;
#828 = CARTESIAN_POINT ( 'NONE',  ( 54.78175416344816995, 2.200000000000007283, 67.49999999999998579 ) ) ;
#829 = DIRECTION ( 'NONE',  ( 0.000000000000000000, 1.000000000000000000, -0.000000000000000000 ) ) ;
#830 = VERTEX_POINT ( 'NONE', #47 ) ;
#831 = DIRECTION ( 'NONE',  ( -1.000000000000000000, 0.000000000000000000, 0.000000000000000000 ) ) ;
#832 = EDGE_CURVE ( 'NONE', #1640, #2161, #243, .T. ) ;
#833 = EDGE_CURVE ( 'NONE', #1338, #740, #1023, .T. ) ;
#834 = AXIS2_PLACEMENT_3D ( 'NONE', #1929, #2313, #46 ) ;
#835 = ORIENTED_EDGE ( 'NONE', *, *, #1905, .F. ) ;
#836 = VERTEX_POINT ( 'NONE', #493 ) ;
#837 = AXIS2_PLACEMENT_3D ( 'NONE', #1672, #373, #1848 ) ;
#838 = ORIENTED_EDGE ( 'NONE', *, *, #1809, .T. ) ;
#839 = LINE ( 'NONE', #1415, #1020 ) ;
#840 = EDGE_LOOP ( 'NONE', ( #42, #1014, #166, #1768 ) ) ;
#841 = CARTESIAN_POINT ( 'NONE',  ( -63.00000000000002842, 5.000000000000004441, -37.69999999999999574 ) ) ;
#842 = PLANE ( 'NONE',  #1881 ) ;
#843 = DIRECTION ( 'NONE',  ( 0.3939192985791737378, 0.000000000000000000, -0.9191450300180552535 ) ) ;
#844 = VERTEX_POINT ( 'NONE', #1257 ) ;
#845 = CARTESIAN_POINT ( 'NONE',  ( 67.25000000000000000, 0.000000000000000000, 67.25000000000000000 ) ) ;
#846 = ORIENTED_EDGE ( 'NONE', *, *, #2221, .F. ) ;
#847 = CIRCLE ( 'NONE', #115, 2.000000000000015543 ) ;
#848 = ORIENTED_EDGE ( 'NONE', *, *, #1894, .T. ) ;
#849 = CARTESIAN_POINT ( 'NONE',  ( 54.78175416344817705, 4.100000000000000533, 67.49999999999998579 ) ) ;
#850 = ORIENTED_EDGE ( 'NONE', *, *, #1842, .T. ) ;
#851 = DIRECTION ( 'NONE',  ( -1.000000000000000000, 0.000000000000000000, 1.387778780781446267E-15 ) ) ;
#852 = DIRECTION ( 'NONE',  ( -1.000000000000000000, 0.000000000000000000, 1.276177040671872737E-16 ) ) ;
#853 = DIRECTION ( 'NONE',  ( 0.000000000000000000, 0.000000000000000000, -1.000000000000000000 ) ) ;
#854 = DIRECTION ( 'NONE',  ( -0.000000000000000000, -1.000000000000000000, -0.000000000000000000 ) ) ;
#855 = CARTESIAN_POINT ( 'NONE',  ( -69.75000000000000000, 2.100000000000000089, 69.75000000000000000 ) ) ;
#856 = ORIENTED_EDGE ( 'NONE', *, *, #985, .F. ) ;
#857 = EDGE_CURVE ( 'NONE', #552, #599, #144, .T. ) ;
#858 = VERTEX_POINT ( 'NONE', #2380 ) ;
#859 = CARTESIAN_POINT ( 'NONE',  ( -50.24999999999998579, 3.149999999999986144, 62.25000000000000000 ) ) ;
#860 = VECTOR ( 'NONE', #843, 1000.000000000000000 ) ;
#861 = EDGE_CURVE ( 'NONE', #779, #688, #2348, .T. ) ;
#862 = EDGE_CURVE ( 'NONE', #987, #1091, #1060, .T. ) ;
#863 = DIRECTION ( 'NONE',  ( 1.000000000000000000, 0.000000000000000000, -3.828531122015621661E-16 ) ) ;
#864 = CARTESIAN_POINT ( 'NONE',  ( 64.30000000000002558, 189.0178641211801107, -8.205818371520145207E-15 ) ) ;
#865 = CARTESIAN_POINT ( 'NONE',  ( -63.74999999999997158, 189.0178641211801107, 63.74999999999998579 ) ) ;
#866 = DIRECTION ( 'NONE',  ( -1.000000000000000000, 0.000000000000000000, 0.000000000000000000 ) ) ;
#867 = PLANE ( 'NONE',  #1243 ) ;
#868 = VECTOR ( 'NONE', #629, 1000.000000000000114 ) ;
#869 = ORIENTED_EDGE ( 'NONE', *, *, #1068, .F. ) ;
#870 = CARTESIAN_POINT ( 'NONE',  ( -69.75000000000000000, 0.000000000000000000, -69.75000000000000000 ) ) ;
#871 = AXIS2_PLACEMENT_3D ( 'NONE', #1965, #291, #2212 ) ;
#872 = PRODUCT_DEFINITION_SHAPE ( 'NONE', 'NONE',  #1611 ) ;
#873 = CC_DESIGN_PERSON_AND_ORGANIZATION_ASSIGNMENT ( #2048, #1674, ( #2291 ) ) ;
#874 = CARTESIAN_POINT ( 'NONE',  ( 55.74999999999999289, 189.0178641211801107, -65.75000000000000000 ) ) ;
#875 = CARTESIAN_POINT ( 'NONE',  ( 8.847089727481719968E-14, 2.200000000000000622, -63.75000000000008527 ) ) ;
#876 = CARTESIAN_POINT ( 'NONE',  ( 0.000000000000000000, 3.149999999999999911, 0.000000000000000000 ) ) ;
#877 = VERTEX_POINT ( 'NONE', #883 ) ;
#878 = EDGE_CURVE ( 'NONE', #933, #398, #655, .T. ) ;
#879 = CARTESIAN_POINT ( 'NONE',  ( -67.25000000000000000, 2.100000000000000089, 69.75000000000000000 ) ) ;
#880 = DIRECTION ( 'NONE',  ( 0.000000000000000000, -0.000000000000000000, -1.000000000000000000 ) ) ;
#881 = VECTOR ( 'NONE', #187, 1000.000000000000000 ) ;
#882 = ORIENTED_EDGE ( 'NONE', *, *, #150, .F. ) ;
#883 = CARTESIAN_POINT ( 'NONE',  ( -54.78175416344814863, 4.100000000000000533, -67.50000000000000000 ) ) ;
#884 = ORIENTED_EDGE ( 'NONE', *, *, #1058, .T. ) ;
#885 = VECTOR ( 'NONE', #800, 1000.000000000000000 ) ;
#886 = DIRECTION ( 'NONE',  ( 0.000000000000000000, 0.000000000000000000, 1.000000000000000000 ) ) ;
#887 = FACE_OUTER_BOUND ( 'NONE', #973, .T. ) ;
#888 = ADVANCED_FACE ( 'NONE', ( #1035 ), #1807, .F. ) ;
#889 = LINE ( 'NONE', #1830, #342 ) ;
#890 = CARTESIAN_POINT ( 'NONE',  ( -1.880440247958853084E-13, 2.200000000000000622, -67.74999999999985789 ) ) ;
#891 = EDGE_CURVE ( 'NONE', #1007, #697, #370, .T. ) ;
#892 = EDGE_LOOP ( 'NONE', ( #2020, #2017, #2275, #1281 ) ) ;
#893 = CARTESIAN_POINT ( 'NONE',  ( 64.30000000000001137, 2.200000000000000622, -54.37250226860439994 ) ) ;
#894 = ORIENTED_EDGE ( 'NONE', *, *, #1809, .F. ) ;
#895 = LINE ( 'NONE', #562, #643 ) ;
#896 = VECTOR ( 'NONE', #1086, 1000.000000000000000 ) ;
#897 = DIRECTION ( 'NONE',  ( -1.000000000000000000, 0.000000000000000000, 0.000000000000000000 ) ) ;
#898 = APPROVAL_STATUS ( 'not_yet_approved' ) ;
#899 = CARTESIAN_POINT ( 'NONE',  ( 63.75000000000000000, 189.0178641211801107, -63.75000000000000000 ) ) ;
#900 = VECTOR ( 'NONE', #932, 1000.000000000000000 ) ;
#901 = DIRECTION ( 'NONE',  ( -1.000000000000000000, 0.000000000000000000, 0.000000000000000000 ) ) ;
#902 = VECTOR ( 'NONE', #481, 1000.000000000000000 ) ;
#903 = EDGE_CURVE ( 'NONE', #1711, #535, #1446, .T. ) ;
#904 = DIRECTION ( 'NONE',  ( 0.3939192985791800106, 0.000000000000000000, 0.9191450300180527000 ) ) ;
#905 = EDGE_LOOP ( 'NONE', ( #1988, #869, #286, #2338, #822, #211, #1132, #2172, #780, #735, #1887, #846, #523, #1847, #121, #450, #736, #182, #850, #189 ) ) ;
#906 = DIRECTION ( 'NONE',  ( 0.000000000000000000, 0.000000000000000000, -1.000000000000000000 ) ) ;
#907 = EDGE_LOOP ( 'NONE', ( #462, #371, #1358, #1410 ) ) ;
#908 = AXIS2_PLACEMENT_3D ( 'NONE', #962, #1, #2274 ) ;
#909 = DIRECTION ( 'NONE',  ( -1.000000000000000000, 0.000000000000000000, 0.000000000000000000 ) ) ;
#910 = PLANE ( 'NONE',  #577 ) ;
#911 =( NAMED_UNIT ( * ) SI_UNIT ( $, .STERADIAN. ) SOLID_ANGLE_UNIT ( ) );
#912 = ORIENTED_EDGE ( 'NONE', *, *, #1153, .F. ) ;
#913 = CARTESIAN_POINT ( 'NONE',  ( 55.75000000000000711, 2.200000000000000622, 67.75000000000007105 ) ) ;
#914 = FACE_BOUND ( 'NONE', #2379, .T. ) ;
#915 = DIRECTION ( 'NONE',  ( -0.9191450300180527000, 0.000000000000000000, 0.3939192985791800106 ) ) ;
#916 = EDGE_CURVE ( 'NONE', #1873, #987, #524, .T. ) ;
#917 = EDGE_LOOP ( 'NONE', ( #274, #1174, #1471, #1823 ) ) ;
#918 = EDGE_LOOP ( 'NONE', ( #1146, #1800, #2293, #558 ) ) ;
#919 = CARTESIAN_POINT ( 'NONE',  ( 0.000000000000000000, 4.100000000000000533, -67.50000000000000000 ) ) ;
#920 = EDGE_CURVE ( 'NONE', #740, #1542, #110, .T. ) ;
#921 = ORIENTED_EDGE ( 'NONE', *, *, #2101, .F. ) ;
#922 = CARTESIAN_POINT ( 'NONE',  ( -69.75000000000000000, 0.000000000000000000, 69.75000000000000000 ) ) ;
#923 = CARTESIAN_POINT ( 'NONE',  ( -1.769417945496345003E-13, 189.0178641211801107, -63.75000000000020606 ) ) ;
#924 = DATE_AND_TIME ( #2062, #1018 ) ;
#925 = VECTOR ( 'NONE', #2271, 1000.000000000000000 ) ;
#926 = CARTESIAN_POINT ( 'NONE',  ( -54.78175416344812731, 4.100000000000000533, 67.50000000000001421 ) ) ;
#927 = DIRECTION ( 'NONE',  ( 0.000000000000000000, 1.000000000000000000, -0.000000000000000000 ) ) ;
#928 = VECTOR ( 'NONE', #799, 1000.000000000000000 ) ;
#929 = CARTESIAN_POINT ( 'NONE',  ( 67.50000000000000000, 4.100000000000000533, 54.78175416344813442 ) ) ;
#930 = ORIENTED_EDGE ( 'NONE', *, *, #218, .T. ) ;
#931 = ORIENTED_EDGE ( 'NONE', *, *, #541, .F. ) ;
#932 = DIRECTION ( 'NONE',  ( 0.000000000000000000, 1.000000000000000000, -0.000000000000000000 ) ) ;
#933 = VERTEX_POINT ( 'NONE', #849 ) ;
#934 = LINE ( 'NONE', #171, #2218 ) ;
#935 = CARTESIAN_POINT ( 'NONE',  ( 67.25000000000000000, 2.100000000000000089, 67.25000000000000000 ) ) ;
#936 = ADVANCED_FACE ( 'NONE', ( #2197 ), #1266, .F. ) ;
#937 = EDGE_CURVE ( 'NONE', #2161, #844, #1021, .T. ) ;
#938 =( LENGTH_UNIT ( ) NAMED_UNIT ( * ) SI_UNIT ( .MILLI., .METRE. ) );
#939 = VERTEX_POINT ( 'NONE', #1769 ) ;
#940 = AXIS2_PLACEMENT_3D ( 'NONE', #529, #2416, #2405 ) ;
#941 = CARTESIAN_POINT ( 'NONE',  ( -9.402201239794546887E-13, 2.200000000000000622, -67.75000000000095213 ) ) ;
#942 = CARTESIAN_POINT ( 'NONE',  ( -62.25000000000000000, 189.0178641211801107, -62.25000000000000000 ) ) ;
#943 = AXIS2_PLACEMENT_3D ( 'NONE', #1604, #496, #325 ) ;
#944 = DIRECTION ( 'NONE',  ( -0.000000000000000000, -1.000000000000000000, -0.000000000000000000 ) ) ;
#945 = VERTEX_POINT ( 'NONE', #2357 ) ;
#946 = DIRECTION ( 'NONE',  ( -1.387778780781446464E-15, 0.000000000000000000, -1.000000000000000000 ) ) ;
#947 = DIRECTION ( 'NONE',  ( -0.000000000000000000, -1.000000000000000000, -0.000000000000000000 ) ) ;
#948 = CARTESIAN_POINT ( 'NONE',  ( 55.74999999999999289, 4.100000000000000533, -67.75000000000000000 ) ) ;
#949 = PERSON_AND_ORGANIZATION ( #999, #1378 ) ;
#950 = ORIENTED_EDGE ( 'NONE', *, *, #832, .T. ) ;
#951 = LINE ( 'NONE', #1314, #534 ) ;
#952 = DIRECTION ( 'NONE',  ( 2.775557561562889379E-15, -0.000000000000000000, 1.000000000000000000 ) ) ;
#953 = CIRCLE ( 'NONE', #1157, 1.999999999999988010 ) ;
#954 = LINE ( 'NONE', #777, #868 ) ;
#955 = ORIENTED_EDGE ( 'NONE', *, *, #878, .F. ) ;
#956 = ORIENTED_EDGE ( 'NONE', *, *, #177, .T. ) ;
#957 = AXIS2_PLACEMENT_3D ( 'NONE', #1150, #2227, #1192 ) ;
#958 = CARTESIAN_POINT ( 'NONE',  ( -67.74999999999998579, 4.100000000000000533, 67.75000000000001421 ) ) ;
#959 = CIRCLE ( 'NONE', #2109, 2.500000000000002220 ) ;
#960 = ORIENTED_EDGE ( 'NONE', *, *, #136, .F. ) ;
#961 = VERTEX_POINT ( 'NONE', #1996 ) ;
#962 = CARTESIAN_POINT ( 'NONE',  ( -67.25000000000000000, 2.100000000000000089, 67.25000000000000000 ) ) ;
#963 = LINE ( 'NONE', #1545, #1822 ) ;
#964 = APPROVAL_DATE_TIME ( #1181, #2273 ) ;
#965 = ORIENTED_EDGE ( 'NONE', *, *, #1778, .T. ) ;
#966 = DIRECTION ( 'NONE',  ( -0.000000000000000000, -1.000000000000000000, -0.000000000000000000 ) ) ;
#967 = CARTESIAN_POINT ( 'NONE',  ( -67.50000000000001421, 4.100000000000000533, 54.78175416344816284 ) ) ;
#968 = EDGE_CURVE ( 'NONE', #1211, #1873, #663, .T. ) ;
#969 = AXIS2_PLACEMENT_3D ( 'NONE', #970, #1390, #466 ) ;
#970 = CARTESIAN_POINT ( 'NONE',  ( 0.000000000000000000, 4.100000000000000533, 67.75000000000001421 ) ) ;
#971 = EDGE_CURVE ( 'NONE', #1523, #1913, #1048, .T. ) ;
#972 = ORIENTED_EDGE ( 'NONE', *, *, #704, .F. ) ;
#973 = EDGE_LOOP ( 'NONE', ( #28, #2085, #1190, #247 ) ) ;
#974 = VERTEX_POINT ( 'NONE', #1820 ) ;
#975 = CARTESIAN_POINT ( 'NONE',  ( 48.50000000000000000, 5.000000000000004441, -63.00000000000004263 ) ) ;
#976 = DIRECTION ( 'NONE',  ( 0.000000000000000000, 0.000000000000000000, -1.000000000000000000 ) ) ;
#977 = COORDINATED_UNIVERSAL_TIME_OFFSET ( 8, 0, .AHEAD. ) ;
#978 = DIRECTION ( 'NONE',  ( 0.000000000000000000, 0.000000000000000000, -1.000000000000000000 ) ) ;
#979 = DIRECTION ( 'NONE',  ( 0.000000000000000000, 1.000000000000000000, -0.000000000000000000 ) ) ;
#980 = VERTEX_POINT ( 'NONE', #859 ) ;
#981 = DIRECTION ( 'NONE',  ( 0.000000000000000000, 1.000000000000000000, -0.000000000000000000 ) ) ;
#982 = VECTOR ( 'NONE', #1440, 1000.000000000000000 ) ;
#983 = EDGE_LOOP ( 'NONE', ( #960, #579, #1961, #434 ) ) ;
#984 = ORIENTED_EDGE ( 'NONE', *, *, #2292, .F. ) ;
#985 = EDGE_CURVE ( 'NONE', #2070, #2343, #839, .T. ) ;
#986 = ADVANCED_FACE ( 'NONE', ( #1610 ), #2369, .F. ) ;
#987 = VERTEX_POINT ( 'NONE', #502 ) ;
#988 = CARTESIAN_POINT ( 'NONE',  ( 65.75000000000000000, 189.0178641211801107, -55.75000000000000711 ) ) ;
#989 = FACE_OUTER_BOUND ( 'NONE', #1106, .T. ) ;
#990 = FACE_OUTER_BOUND ( 'NONE', #1015, .T. ) ;
#991 = FACE_OUTER_BOUND ( 'NONE', #2030, .T. ) ;
#992 = ORIENTED_EDGE ( 'NONE', *, *, #2053, .T. ) ;
#993 = AXIS2_PLACEMENT_3D ( 'NONE', #2299, #1197, #284 ) ;
#994 = FACE_OUTER_BOUND ( 'NONE', #778, .T. ) ;
#995 = VECTOR ( 'NONE', #2011, 1000.000000000000000 ) ;
#996 = ORIENTED_EDGE ( 'NONE', *, *, #2123, .F. ) ;
#997 = EDGE_CURVE ( 'NONE', #2302, #877, #586, .T. ) ;
#998 = VERTEX_POINT ( 'NONE', #893 ) ;
#1000 = DIRECTION ( 'NONE',  ( -1.000000000000000000, 0.000000000000000000, 0.000000000000000000 ) ) ;
#999 = PERSON ( '未', '未', '未', ('未'), ('未'), ('未') ) ;
#1001 = LINE ( 'NONE', #645, #1909 ) ;
#1002 = AXIS2_PLACEMENT_3D ( 'NONE', #2012, #668, #1260 ) ;
#1003 = CARTESIAN_POINT ( 'NONE',  ( -30.33620689655305114, 3.149999999999999911, 70.78448275862051275 ) ) ;
#1004 = DIRECTION ( 'NONE',  ( 0.000000000000000000, 0.000000000000000000, 1.000000000000000000 ) ) ;
#1005 = ORIENTED_EDGE ( 'NONE', *, *, #2179, .T. ) ;
#1006 = FACE_OUTER_BOUND ( 'NONE', #1217, .T. ) ;
#1007 = VERTEX_POINT ( 'NONE', #706 ) ;
#1008 = CARTESIAN_POINT ( 'NONE',  ( -65.74999999999998579, 189.0178641211801107, -55.75000000000000711 ) ) ;
#1009 = CARTESIAN_POINT ( 'NONE',  ( -54.37250226860447810, 2.200000000000007283, -64.30000000000002558 ) ) ;
#1010 = EDGE_CURVE ( 'NONE', #844, #2417, #1144, .T. ) ;
#1011 = EDGE_CURVE ( 'NONE', #806, #2343, #574, .T. ) ;
#1012 = DIRECTION ( 'NONE',  ( 0.000000000000000000, 0.000000000000000000, 1.000000000000000000 ) ) ;
#1013 = DIRECTION ( 'NONE',  ( 0.000000000000000000, 0.000000000000000000, -1.000000000000000000 ) ) ;
#1014 = ORIENTED_EDGE ( 'NONE', *, *, #2242, .T. ) ;
#1015 = EDGE_LOOP ( 'NONE', ( #1926, #1279, #2004, #793 ) ) ;
#1016 = PLANE ( 'NONE',  #2143 ) ;
#1017 = ORIENTED_EDGE ( 'NONE', *, *, #94, .F. ) ;
#1018 = LOCAL_TIME ( 22, 24, 49.00000000000000000, #2036 ) ;
#1019 = ORIENTED_EDGE ( 'NONE', *, *, #2025, .F. ) ;
#1020 = VECTOR ( 'NONE', #2171, 1000.000000000000114 ) ;
#1021 = LINE ( 'NONE', #132, #2207 ) ;
#1022 = VERTEX_POINT ( 'NONE', #355 ) ;
#1023 = CIRCLE ( 'NONE', #1971, 2.000000000000001776 ) ;
#1024 = CARTESIAN_POINT ( 'NONE',  ( 54.37250226860437863, 189.0178641211801107, -64.30000000000002558 ) ) ;
#1025 = CARTESIAN_POINT ( 'NONE',  ( 30.33620689655305469, 189.0178641211801107, -70.78448275862051275 ) ) ;
#1026 = FACE_OUTER_BOUND ( 'NONE', #905, .T. ) ;
#1027 = EDGE_CURVE ( 'NONE', #253, #1093, #1845, .T. ) ;
#1028 = EDGE_LOOP ( 'NONE', ( #1753, #2254, #2347, #229 ) ) ;
#1029 = CARTESIAN_POINT ( 'NONE',  ( 0.000000000000000000, 189.0178641211801107, 63.74999999999998579 ) ) ;
#1030 = VECTOR ( 'NONE', #1856, 1000.000000000000000 ) ;
#1031 = ORIENTED_EDGE ( 'NONE', *, *, #1598, .F. ) ;
#1032 = MANIFOLD_SOLID_BREP ( '͹̨-����11', #2225 ) ;
#1033 = AXIS2_PLACEMENT_3D ( 'NONE', #988, #1952, #1179 ) ;
#1034 = ORIENTED_EDGE ( 'NONE', *, *, #104, .T. ) ;
#1035 = FACE_OUTER_BOUND ( 'NONE', #794, .T. ) ;
#1036 = EDGE_LOOP ( 'NONE', ( #2251, #1541, #956, #2099 ) ) ;
#1037 = LINE ( 'NONE', #1234, #69 ) ;
#1038 = DIRECTION ( 'NONE',  ( 1.000000000000000000, -0.000000000000000000, -6.938893903907221278E-15 ) ) ;
#1039 = CYLINDRICAL_SURFACE ( 'NONE', #210, 1.999999999999988010 ) ;
#1040 = AXIS2_PLACEMENT_3D ( 'NONE', #1340, #13, #773 ) ;
#1041 = EDGE_CURVE ( 'NONE', #1487, #732, #2044, .T. ) ;
#1042 = LINE ( 'NONE', #315, #500 ) ;
#1043 = DIRECTION ( 'NONE',  ( -1.000000000000000000, 0.000000000000000000, 0.000000000000000000 ) ) ;
#1044 = EDGE_CURVE ( 'NONE', #2168, #1123, #212, .T. ) ;
#1045 = EDGE_CURVE ( 'NONE', #767, #1516, #1499, .T. ) ;
#1046 = AXIS2_PLACEMENT_3D ( 'NONE', #1143, #1895, #1638 ) ;
#1047 = ORIENTED_EDGE ( 'NONE', *, *, #2083, .F. ) ;
#1048 = LINE ( 'NONE', #99, #597 ) ;
#1049 = VERTEX_POINT ( 'NONE', #167 ) ;
#1050 = AXIS2_PLACEMENT_3D ( 'NONE', #1025, #646, #1397 ) ;
#1051 = DIRECTION ( 'NONE',  ( -0.000000000000000000, -1.000000000000000000, -0.000000000000000000 ) ) ;
#1052 = LINE ( 'NONE', #303, #276 ) ;
#1053 = CARTESIAN_POINT ( 'NONE',  ( -64.30000000000001137, 5.000000000000004441, 54.37250226860435731 ) ) ;
#1054 = LINE ( 'NONE', #1433, #1665 ) ;
#1055 = DIRECTION ( 'NONE',  ( 0.3939192985791800106, 0.000000000000000000, 0.9191450300180527000 ) ) ;
#1056 = EDGE_LOOP ( 'NONE', ( #31, #1746, #749, #1742, #2010, #1689, #477, #95, #1719, #264, #1908, #3, #930, #1140, #1307, #1292, #2345, #644, #705, #57 ) ) ;
#1057 = EDGE_CURVE ( 'NONE', #1166, #480, #1695, .T. ) ;
#1058 = EDGE_CURVE ( 'NONE', #501, #1369, #1305, .T. ) ;
#1059 = VERTEX_POINT ( 'NONE', #1834 ) ;
#1060 = LINE ( 'NONE', #1631, #1101 ) ;
#1061 = VECTOR ( 'NONE', #429, 1000.000000000000000 ) ;
#1062 = DIRECTION ( 'NONE',  ( -0.000000000000000000, -1.000000000000000000, -0.000000000000000000 ) ) ;
#1063 = DIRECTION ( 'NONE',  ( 0.9191450300180513677, 0.000000000000000000, 0.3939192985791831192 ) ) ;
#1064 = CARTESIAN_POINT ( 'NONE',  ( 65.75000000000000000, 189.0178641211801107, 55.74999999999999289 ) ) ;
#1065 = DIRECTION ( 'NONE',  ( -1.000000000000000000, 0.000000000000000000, 0.000000000000000000 ) ) ;
#1066 = CARTESIAN_POINT ( 'NONE',  ( 48.50000000000000000, 3.149999999999986144, -63.00000000000002842 ) ) ;
#1067 = EDGE_LOOP ( 'NONE', ( #972, #7, #1657, #41 ) ) ;
#1068 = EDGE_CURVE ( 'NONE', #1543, #1456, #2057, .T. ) ;
#1069 = DIRECTION ( 'NONE',  ( 0.000000000000000000, 0.000000000000000000, 1.000000000000000000 ) ) ;
#1070 = ORIENTED_EDGE ( 'NONE', *, *, #37, .T. ) ;
#1071 = ORIENTED_EDGE ( 'NONE', *, *, #307, .F. ) ;
#1072 = VECTOR ( 'NONE', #405, 1000.000000000000000 ) ;
#1073 = CARTESIAN_POINT ( 'NONE',  ( 0.000000000000000000, 4.100000000000000533, 0.000000000000000000 ) ) ;
#1074 = LINE ( 'NONE', #658, #1676 ) ;
#1075 = ADVANCED_FACE ( 'NONE', ( #2411 ), #395, .F. ) ;
#1076 = VECTOR ( 'NONE', #1373, 1000.000000000000000 ) ;
#1077 = CARTESIAN_POINT ( 'NONE',  ( 67.25000000000000000, 0.000000000000000000, -67.25000000000000000 ) ) ;
#1078 = DIRECTION ( 'NONE',  ( -0.000000000000000000, -1.000000000000000000, -0.000000000000000000 ) ) ;
#1079 = CIRCLE ( 'NONE', #38, 1.999999999999932498 ) ;
#1080 = EDGE_LOOP ( 'NONE', ( #1995, #2049, #1082, #1335 ) ) ;
#1081 = CYLINDRICAL_SURFACE ( 'NONE', #2342, 1.999999999999932498 ) ;
#1082 = ORIENTED_EDGE ( 'NONE', *, *, #2388, .T. ) ;
#1083 = VECTOR ( 'NONE', #509, 1000.000000000000000 ) ;
#1084 = LINE ( 'NONE', #922, #2263 ) ;
#1085 = DIRECTION ( 'NONE',  ( 0.3939192985791800106, 0.000000000000000000, 0.9191450300180525890 ) ) ;
#1086 = DIRECTION ( 'NONE',  ( -0.000000000000000000, -1.000000000000000000, -0.000000000000000000 ) ) ;
#1087 = CARTESIAN_POINT ( 'NONE',  ( -63.00000000000001421, 5.000000000000004441, -48.50000000000000000 ) ) ;
#1088 = CARTESIAN_POINT ( 'NONE',  ( 65.75000000000000000, 5.000000000000004441, -55.75000000000000711 ) ) ;
#1089 = EDGE_CURVE ( 'NONE', #1630, #595, #748, .T. ) ;
#1090 = FACE_OUTER_BOUND ( 'NONE', #1844, .T. ) ;
#1091 = VERTEX_POINT ( 'NONE', #157 ) ;
#1092 = DIRECTION ( 'NONE',  ( 1.000000000000000000, 0.000000000000000000, 0.000000000000000000 ) ) ;
#1093 = VERTEX_POINT ( 'NONE', #1470 ) ;
#1094 = ORIENTED_EDGE ( 'NONE', *, *, #1733, .F. ) ;
#1095 = CARTESIAN_POINT ( 'NONE',  ( 35.95000000000002416, 5.000000000000004441, -62.25000000000000000 ) ) ;
#1096 = VECTOR ( 'NONE', #476, 1000.000000000000000 ) ;
#1097 = CARTESIAN_POINT ( 'NONE',  ( 62.25000000000000000, 3.149999999999986144, 62.25000000000000000 ) ) ;
#1098 = EDGE_LOOP ( 'NONE', ( #1935, #65, #1306, #609 ) ) ;
#1099 = DIRECTION ( 'NONE',  ( -0.000000000000000000, -1.000000000000000000, -0.000000000000000000 ) ) ;
#1100 = CARTESIAN_POINT ( 'NONE',  ( 62.25000000000000000, 3.149999999999986144, 50.25000000000003553 ) ) ;
#1101 = VECTOR ( 'NONE', #2162, 1000.000000000000114 ) ;
#1102 = CARTESIAN_POINT ( 'NONE',  ( 67.74999999999990052, 2.200000000000000622, -9.402201239794288141E-14 ) ) ;
#1103 = EDGE_CURVE ( 'NONE', #2196, #1344, #1105, .T. ) ;
#1104 = ORIENTED_EDGE ( 'NONE', *, *, #1651, .T. ) ;
#1105 = LINE ( 'NONE', #1458, #300 ) ;
#1106 = EDGE_LOOP ( 'NONE', ( #1371, #199, #2264, #585 ) ) ;
#1107 = VECTOR ( 'NONE', #2138, 1000.000000000000000 ) ;
#1108 = LINE ( 'NONE', #1659, #268 ) ;
#1109 = PLANE ( 'NONE',  #2151 ) ;
#1110 = DIRECTION ( 'NONE',  ( -0.000000000000000000, -1.000000000000000000, -0.000000000000000000 ) ) ;
#1111 = ORIENTED_EDGE ( 'NONE', *, *, #1508, .F. ) ;
#1112 = CIRCLE ( 'NONE', #2180, 2.000000000000015543 ) ;
#1113 = LINE ( 'NONE', #553, #1910 ) ;
#1114 = DIRECTION ( 'NONE',  ( 0.9191450300180539212, 0.000000000000000000, -0.3939192985791770130 ) ) ;
#1115 = EDGE_CURVE ( 'NONE', #595, #762, #1457, .T. ) ;
#1116 = DIRECTION ( 'NONE',  ( 1.000000000000000000, -0.000000000000000000, -2.775557561562885435E-15 ) ) ;
#1117 = VECTOR ( 'NONE', #1677, 1000.000000000000000 ) ;
#1118 = VERTEX_POINT ( 'NONE', #2019 ) ;
#1119 = EDGE_CURVE ( 'NONE', #326, #1819, #711, .T. ) ;
#1120 = EDGE_CURVE ( 'NONE', #1211, #24, #1668, .T. ) ;
#1121 = EDGE_LOOP ( 'NONE', ( #20, #1094, #1326, #2282 ) ) ;
#1122 = DIRECTION ( 'NONE',  ( -0.000000000000000000, -1.000000000000000000, -0.000000000000000000 ) ) ;
#1123 = VERTEX_POINT ( 'NONE', #1485 ) ;
#1124 = ADVANCED_FACE ( 'NONE', ( #382 ), #1081, .F. ) ;
#1125 = DIRECTION ( 'NONE',  ( 0.000000000000000000, 0.000000000000000000, 1.000000000000000000 ) ) ;
#1126 = LINE ( 'NONE', #738, #2148 ) ;
#1127 = ORIENTED_EDGE ( 'NONE', *, *, #235, .T. ) ;
#1128 = CIRCLE ( 'NONE', #470, 2.000000000000001776 ) ;
#1129 = DIRECTION ( 'NONE',  ( -1.000000000000000000, 0.000000000000000000, 3.469446951953611428E-15 ) ) ;
#1130 = CARTESIAN_POINT ( 'NONE',  ( 0.000000000000000000, 2.200000000000000622, 0.000000000000000000 ) ) ;
#1131 = LINE ( 'NONE', #1102, #1425 ) ;
#1132 = ORIENTED_EDGE ( 'NONE', *, *, #53, .F. ) ;
#1133 = DIRECTION ( 'NONE',  ( -0.000000000000000000, -1.000000000000000000, -0.000000000000000000 ) ) ;
#1134 = EDGE_CURVE ( 'NONE', #707, #503, #1332, .T. ) ;
#1135 = EDGE_CURVE ( 'NONE', #262, #503, #1709, .T. ) ;
#1136 = ORIENTED_EDGE ( 'NONE', *, *, #1041, .T. ) ;
#1137 = ORIENTED_EDGE ( 'NONE', *, *, #2221, .T. ) ;
#1138 = CARTESIAN_POINT ( 'NONE',  ( -55.75000000000000000, 4.100000000000000533, 65.75000000000000000 ) ) ;
#1139 = PLANE ( 'NONE',  #2272 ) ;
#1140 = ORIENTED_EDGE ( 'NONE', *, *, #1366, .T. ) ;
#1141 =( GEOMETRIC_REPRESENTATION_CONTEXT ( 3 ) GLOBAL_UNCERTAINTY_ASSIGNED_CONTEXT ( ( #2116 ) ) GLOBAL_UNIT_ASSIGNED_CONTEXT ( ( #938, #1274, #911 ) ) REPRESENTATION_CONTEXT ( 'NONE', 'WORKASPACE' ) );
#1142 = PLANE ( 'NONE',  #1825 ) ;
#1143 = CARTESIAN_POINT ( 'NONE',  ( -62.25000000000000000, 189.0178641211801107, 0.000000000000000000 ) ) ;
#1144 = CIRCLE ( 'NONE', #294, 2.000000000000001776 ) ;
#1145 = CARTESIAN_POINT ( 'NONE',  ( 67.25000000000000000, 0.000000000000000000, -69.75000000000000000 ) ) ;
#1146 = ORIENTED_EDGE ( 'NONE', *, *, #181, .F. ) ;
#1147 = CARTESIAN_POINT ( 'NONE',  ( -67.75000000000046896, 2.200000000000000622, 4.701100619897174489E-13 ) ) ;
#1148 = EDGE_CURVE ( 'NONE', #688, #2070, #2290, .T. ) ;
#1149 = DIRECTION ( 'NONE',  ( 0.000000000000000000, 0.000000000000000000, -1.000000000000000000 ) ) ;
#1150 = CARTESIAN_POINT ( 'NONE',  ( -63.75000000000036238, 189.0178641211801107, -3.538835890992708687E-13 ) ) ;
#1151 = ORIENTED_EDGE ( 'NONE', *, *, #819, .F. ) ;
#1152 = CIRCLE ( 'NONE', #834, 2.500000000000002220 ) ;
#1153 = EDGE_CURVE ( 'NONE', #1675, #2296, #44, .T. ) ;
#1154 = CARTESIAN_POINT ( 'NONE',  ( -50.24999999999998579, 5.000000000000004441, 62.25000000000000000 ) ) ;
#1155 = DIRECTION ( 'NONE',  ( 0.000000000000000000, 1.000000000000000000, -0.000000000000000000 ) ) ;
#1156 = ORIENTED_EDGE ( 'NONE', *, *, #1200, .T. ) ;
#1157 = AXIS2_PLACEMENT_3D ( 'NONE', #32, #1686, #21 ) ;
#1158 = DIRECTION ( 'NONE',  ( 0.000000000000000000, 0.000000000000000000, 1.000000000000000000 ) ) ;
#1159 = ORIENTED_EDGE ( 'NONE', *, *, #1041, .F. ) ;
#1160 = ORIENTED_EDGE ( 'NONE', *, *, #1739, .T. ) ;
#1161 = VECTOR ( 'NONE', #602, 1000.000000000000000 ) ;
#1162 = VECTOR ( 'NONE', #1815, 1000.000000000000000 ) ;
#1163 = ORIENTED_EDGE ( 'NONE', *, *, #1581, .T. ) ;
#1164 = DIRECTION ( 'NONE',  ( -0.000000000000000000, -1.000000000000000000, -0.000000000000000000 ) ) ;
#1165 = CARTESIAN_POINT ( 'NONE',  ( -67.49999999999997158, 2.200000000000035261, -54.78175416344821969 ) ) ;
#1166 = VERTEX_POINT ( 'NONE', #147 ) ;
#1167 = DIRECTION ( 'NONE',  ( 0.9191450300180552535, 0.000000000000000000, -0.3939192985791737933 ) ) ;
#1168 = LINE ( 'NONE', #2093, #2042 ) ;
#1169 = EDGE_CURVE ( 'NONE', #320, #2196, #322, .T. ) ;
#1170 = EDGE_CURVE ( 'NONE', #239, #1516, #657, .T. ) ;
#1171 = CIRCLE ( 'NONE', #240, 2.000000000000029310 ) ;
#1172 = CARTESIAN_POINT ( 'NONE',  ( 0.000000000000000000, 3.149999999999999911, -63.00000000000004263 ) ) ;
#1173 = ORIENTED_EDGE ( 'NONE', *, *, #290, .T. ) ;
#1174 = ORIENTED_EDGE ( 'NONE', *, *, #1476, .F. ) ;
#1175 = VECTOR ( 'NONE', #1085, 1000.000000000000000 ) ;
#1176 = EDGE_LOOP ( 'NONE', ( #1850, #1241, #75, #614 ) ) ;
#1177 = ORIENTED_EDGE ( 'NONE', *, *, #1512, .F. ) ;
#1178 = DESIGN_CONTEXT ( 'detailed design', #744, 'design' ) ;
#1179 = DIRECTION ( 'NONE',  ( 0.000000000000000000, 0.000000000000000000, -1.000000000000000000 ) ) ;
#1180 = DIRECTION ( 'NONE',  ( 0.000000000000000000, 0.000000000000000000, -1.000000000000000000 ) ) ;
#1181 = DATE_AND_TIME ( #271, #1931 ) ;
#1182 = CYLINDRICAL_SURFACE ( 'NONE', #2318, 2.500000000000002220 ) ;
#1183 = CARTESIAN_POINT ( 'NONE',  ( 65.75000000000000000, 4.100000000000000533, -55.75000000000000711 ) ) ;
#1184 = VERTEX_POINT ( 'NONE', #302 ) ;
#1185 = CC_DESIGN_PERSON_AND_ORGANIZATION_ASSIGNMENT ( #2267, #739, ( #1611 ) ) ;
#1186 = DIRECTION ( 'NONE',  ( 1.000000000000000000, 0.000000000000000000, 0.000000000000000000 ) ) ;
#1187 = VECTOR ( 'NONE', #1522, 1000.000000000000000 ) ;
#1188 = ORIENTED_EDGE ( 'NONE', *, *, #10, .F. ) ;
#1189 = EDGE_CURVE ( 'NONE', #1781, #326, #1420, .T. ) ;
#1190 = ORIENTED_EDGE ( 'NONE', *, *, #823, .T. ) ;
#1191 = DIRECTION ( 'NONE',  ( -0.000000000000000000, -1.000000000000000000, -0.000000000000000000 ) ) ;
#1192 = DIRECTION ( 'NONE',  ( 5.551115123125785069E-15, 0.000000000000000000, -1.000000000000000000 ) ) ;
#1193 = FACE_OUTER_BOUND ( 'NONE', #983, .T. ) ;
#1194 = CARTESIAN_POINT ( 'NONE',  ( 67.50000000000000000, 4.100000000000000533, -54.78175416344816284 ) ) ;
#1195 = ORIENTED_EDGE ( 'NONE', *, *, #2222, .F. ) ;
#1196 = VECTOR ( 'NONE', #1164, 1000.000000000000000 ) ;
#1197 = DIRECTION ( 'NONE',  ( 1.284980352575412305E-15, -0.000000000000000000, 1.000000000000000000 ) ) ;
#1198 = VECTOR ( 'NONE', #224, 1000.000000000000000 ) ;
#1199 = VERTEX_POINT ( 'NONE', #2391 ) ;
#1200 = EDGE_CURVE ( 'NONE', #301, #1819, #1785, .T. ) ;
#1201 = EDGE_CURVE ( 'NONE', #1640, #750, #112, .T. ) ;
#1202 = AXIS2_PLACEMENT_3D ( 'NONE', #2047, #563, #172 ) ;
#1203 = FACE_OUTER_BOUND ( 'NONE', #1098, .T. ) ;
#1204 = CARTESIAN_POINT ( 'NONE',  ( 0.000000000000000000, 189.0178641211801107, -63.00000000000004263 ) ) ;
#1205 = VECTOR ( 'NONE', #683, 1000.000000000000000 ) ;
#1206 = DIRECTION ( 'NONE',  ( 0.000000000000000000, 1.000000000000000000, -0.000000000000000000 ) ) ;
#1207 = CARTESIAN_POINT ( 'NONE',  ( 65.75000000000000000, 4.100000000000000533, -55.75000000000000711 ) ) ;
#1208 = ORIENTED_EDGE ( 'NONE', *, *, #681, .F. ) ;
#1209 = CARTESIAN_POINT ( 'NONE',  ( -62.25000000000000000, 5.000000000000004441, 62.25000000000000000 ) ) ;
#1210 = VECTOR ( 'NONE', #1078, 1000.000000000000000 ) ;
#1211 = VERTEX_POINT ( 'NONE', #698 ) ;
#1212 = ORIENTED_EDGE ( 'NONE', *, *, #569, .T. ) ;
#1213 = LINE ( 'NONE', #1962, #168 ) ;
#1214 = CARTESIAN_POINT ( 'NONE',  ( -70.78448275862054118, 5.000000000000004441, -30.33620689655278113 ) ) ;
#1215 = PLANE ( 'NONE',  #6 ) ;
#1216 = CARTESIAN_POINT ( 'NONE',  ( 55.75000000000000711, 4.100000000000000533, 67.75000000000001421 ) ) ;
#1217 = EDGE_LOOP ( 'NONE', ( #2115, #1345, #1303, #1806 ) ) ;
#1218 = CARTESIAN_POINT ( 'NONE',  ( -35.94999999999998153, 189.0178641211801107, 62.25000000000002842 ) ) ;
#1219 = CC_DESIGN_APPROVAL ( #2192, ( #2291 ) ) ;
#1220 = EDGE_LOOP ( 'NONE', ( #1897, #641, #380, #1406 ) ) ;
#1221 = CARTESIAN_POINT ( 'NONE',  ( 63.75000000000001421, 189.0178641211801107, 63.74999999999998579 ) ) ;
#1222 = EDGE_CURVE ( 'NONE', #762, #1123, #311, .T. ) ;
#1223 = VECTOR ( 'NONE', #60, 1000.000000000000000 ) ;
#1224 = CARTESIAN_POINT ( 'NONE',  ( -67.50000000000000000, 2.200000000000007283, -54.78175416344820547 ) ) ;
#1225 = DIRECTION ( 'NONE',  ( 0.000000000000000000, 0.000000000000000000, 1.000000000000000000 ) ) ;
#1226 = DIRECTION ( 'NONE',  ( 0.000000000000000000, -1.000000000000000000, 0.000000000000000000 ) ) ;
#1227 = EDGE_CURVE ( 'NONE', #1304, #2168, #1797, .T. ) ;
#1228 = LINE ( 'NONE', #639, #1396 ) ;
#1229 = LINE ( 'NONE', #1606, #1083 ) ;
#1230 = CIRCLE ( 'NONE', #674, 1.999999999999988010 ) ;
#1231 = ORIENTED_EDGE ( 'NONE', *, *, #1384, .F. ) ;
#1232 = DIRECTION ( 'NONE',  ( 0.000000000000000000, 0.000000000000000000, -1.000000000000000000 ) ) ;
#1233 = ORIENTED_EDGE ( 'NONE', *, *, #2037, .F. ) ;
#1234 = CARTESIAN_POINT ( 'NONE',  ( -54.37250226860434310, 5.000000000000004441, 64.30000000000003979 ) ) ;
#1235 = DIRECTION ( 'NONE',  ( 0.000000000000000000, 0.000000000000000000, -1.000000000000000000 ) ) ;
#1236 = CARTESIAN_POINT ( 'NONE',  ( -64.30000000000001137, 2.200000000000007283, 54.37250226860435021 ) ) ;
#1237 = VECTOR ( 'NONE', #1129, 1000.000000000000000 ) ;
#1238 = CARTESIAN_POINT ( 'NONE',  ( 54.37250226860439284, 2.200000000000007283, 64.29999999999999716 ) ) ;
#1239 = DIRECTION ( 'NONE',  ( 0.000000000000000000, 0.000000000000000000, 1.000000000000000000 ) ) ;
#1240 = ADVANCED_FACE ( 'NONE', ( #1998 ), #1259, .F. ) ;
#1241 = ORIENTED_EDGE ( 'NONE', *, *, #1658, .T. ) ;
#1242 = EDGE_CURVE ( 'NONE', #298, #169, #1602, .T. ) ;
#1243 = AXIS2_PLACEMENT_3D ( 'NONE', #316, #1424, #880 ) ;
#1244 = EDGE_LOOP ( 'NONE', ( #2234, #2246, #138, #1707, #2402, #984, #2219, #1019, #330, #1550, #996, #250, #356, #1159, #560, #2055, #1498, #468, #1600, #1875 ) ) ;
#1245 = CARTESIAN_POINT ( 'NONE',  ( 54.78175416344813442, 2.200000000000007283, -67.50000000000000000 ) ) ;
#1246 = ORIENTED_EDGE ( 'NONE', *, *, #1508, .T. ) ;
#1247 = AXIS2_PLACEMENT_3D ( 'NONE', #2144, #1206, #245 ) ;
#1248 = DIRECTION ( 'NONE',  ( 0.000000000000000000, 1.000000000000000000, -0.000000000000000000 ) ) ;
#1249 = PLANE ( 'NONE',  #1626 ) ;
#1250 = CARTESIAN_POINT ( 'NONE',  ( 0.000000000000000000, 189.0178641211801107, -62.25000000000000000 ) ) ;
#1251 = LINE ( 'NONE', #1979, #1705 ) ;
#1252 = CARTESIAN_POINT ( 'NONE',  ( 50.24999999999998579, 5.000000000000004441, -62.25000000000000000 ) ) ;
#1253 = EDGE_CURVE ( 'NONE', #503, #480, #1407, .T. ) ;
#1254 = EDGE_LOOP ( 'NONE', ( #119, #86, #473, #660 ) ) ;
#1255 = ADVANCED_FACE ( 'NONE', ( #1428 ), #335, .F. ) ;
#1256 = ORIENTED_EDGE ( 'NONE', *, *, #133, .T. ) ;
#1257 = CARTESIAN_POINT ( 'NONE',  ( 67.50000000000000000, 2.200000000000007283, -54.78175416344815574 ) ) ;
#1258 = ORIENTED_EDGE ( 'NONE', *, *, #442, .T. ) ;
#1259 = PLANE ( 'NONE',  #338 ) ;
#1260 = DIRECTION ( 'NONE',  ( -0.9191450300180488142, 0.000000000000000000, 0.3939192985791887258 ) ) ;
#1261 = PERSON_AND_ORGANIZATION ( #999, #1378 ) ;
#1262 = LINE ( 'NONE', #116, #2150 ) ;
#1263 = PLANE ( 'NONE',  #43 ) ;
#1264 = VERTEX_POINT ( 'NONE', #841 ) ;
#1265 = VECTOR ( 'NONE', #1133, 1000.000000000000000 ) ;
#1266 = PLANE ( 'NONE',  #2401 ) ;
#1267 = EDGE_CURVE ( 'NONE', #406, #2111, #1313, .T. ) ;
#1268 = ADVANCED_FACE ( 'NONE', ( #2361 ), #667, .F. ) ;
#1269 = ORIENTED_EDGE ( 'NONE', *, *, #1476, .T. ) ;
#1270 = EDGE_LOOP ( 'NONE', ( #1574, #965, #375, #1468 ) ) ;
#1271 = VECTOR ( 'NONE', #484, 1000.000000000000000 ) ;
#1272 = LINE ( 'NONE', #1283, #456 ) ;
#1273 = LINE ( 'NONE', #2213, #1370 ) ;
#1274 =( NAMED_UNIT ( * ) PLANE_ANGLE_UNIT ( ) SI_UNIT ( $, .RADIAN. ) );
#1275 = LINE ( 'NONE', #879, #34 ) ;
#1276 = DIRECTION ( 'NONE',  ( 0.000000000000000000, 0.000000000000000000, 1.000000000000000000 ) ) ;
#1277 = VECTOR ( 'NONE', #1521, 1000.000000000000000 ) ;
#1278 = LINE ( 'NONE', #571, #2098 ) ;
#1279 = ORIENTED_EDGE ( 'NONE', *, *, #569, .F. ) ;
#1280 = CARTESIAN_POINT ( 'NONE',  ( -69.75000000000000000, 2.100000000000000089, 67.25000000000000000 ) ) ;
#1281 = ORIENTED_EDGE ( 'NONE', *, *, #1475, .F. ) ;
#1282 = CIRCLE ( 'NONE', #1472, 2.000000000000001776 ) ;
#1283 = CARTESIAN_POINT ( 'NONE',  ( -63.00000000000002842, 3.149999999999999911, 0.000000000000000000 ) ) ;
#1284 = CYLINDRICAL_SURFACE ( 'NONE', #1432, 2.500000000000002220 ) ;
#1285 = COORDINATED_UNIVERSAL_TIME_OFFSET ( 8, 0, .AHEAD. ) ;
#1286 = LINE ( 'NONE', #360, #1783 ) ;
#1287 = FACE_OUTER_BOUND ( 'NONE', #1864, .T. ) ;
#1288 = CARTESIAN_POINT ( 'NONE',  ( 0.000000000000000000, 189.0178641211801107, 62.25000000000000000 ) ) ;
#1289 = ORIENTED_EDGE ( 'NONE', *, *, #652, .F. ) ;
#1290 = DIRECTION ( 'NONE',  ( 0.000000000000000000, 0.000000000000000000, 1.000000000000000000 ) ) ;
#1291 = APPROVAL_PERSON_ORGANIZATION ( #949, #2273, #2077 ) ;
#1292 = ORIENTED_EDGE ( 'NONE', *, *, #1222, .T. ) ;
#1293 = CARTESIAN_POINT ( 'NONE',  ( 69.75000000000000000, 4.100000000000000533, 0.000000000000000000 ) ) ;
#1294 = LINE ( 'NONE', #1878, #881 ) ;
#1295 = COORDINATED_UNIVERSAL_TIME_OFFSET ( 8, 0, .AHEAD. ) ;
#1296 = EDGE_LOOP ( 'NONE', ( #2356, #1846, #608, #2159 ) ) ;
#1297 = EDGE_CURVE ( 'NONE', #1492, #2199, #1037, .T. ) ;
#1298 = CARTESIAN_POINT ( 'NONE',  ( 0.000000000000000000, 3.149999999999999911, -62.25000000000000000 ) ) ;
#1299 = CARTESIAN_POINT ( 'NONE',  ( -63.00000000000002842, 3.149999999999986144, -37.69999999999999574 ) ) ;
#1300 = ADVANCED_FACE ( 'NONE', ( #2164 ), #1612, .F. ) ;
#1301 = LINE ( 'NONE', #2259, #1500 ) ;
#1302 = ADVANCED_FACE ( 'NONE', ( #134, #1623 ), #2382, .T. ) ;
#1303 = ORIENTED_EDGE ( 'NONE', *, *, #1924, .T. ) ;
#1304 = VERTEX_POINT ( 'NONE', #2226 ) ;
#1305 = LINE ( 'NONE', #559, #2091 ) ;
#1306 = ORIENTED_EDGE ( 'NONE', *, *, #1027, .F. ) ;
#1307 = ORIENTED_EDGE ( 'NONE', *, *, #1115, .T. ) ;
#1308 = VECTOR ( 'NONE', #1116, 1000.000000000000000 ) ;
#1309 = CARTESIAN_POINT ( 'NONE',  ( -55.75000000000000000, 5.000000000000004441, 63.74999999999998579 ) ) ;
#1310 = FACE_OUTER_BOUND ( 'NONE', #2086, .T. ) ;
#1311 = APPROVAL_STATUS ( 'not_yet_approved' ) ;
#1312 = ORIENTED_EDGE ( 'NONE', *, *, #2173, .F. ) ;
#1313 = CIRCLE ( 'NONE', #2375, 2.500000000000002220 ) ;
#1314 = CARTESIAN_POINT ( 'NONE',  ( 50.24999999999998579, 189.0178641211801107, -62.25000000000000000 ) ) ;
#1315 = CARTESIAN_POINT ( 'NONE',  ( -63.74999999999997158, 2.200000000000007283, 55.75000000000000000 ) ) ;
#1316 = EDGE_CURVE ( 'NONE', #45, #1118, #751, .T. ) ;
#1317 = CARTESIAN_POINT ( 'NONE',  ( 69.75000000000000000, 0.000000000000000000, 67.25000000000000000 ) ) ;
#1318 = ORIENTED_EDGE ( 'NONE', *, *, #2398, .F. ) ;
#1319 = DIRECTION ( 'NONE',  ( 5.551115123125786646E-15, -0.000000000000000000, -1.000000000000000000 ) ) ;
#1320 = ORIENTED_EDGE ( 'NONE', *, *, #642, .F. ) ;
#1321 = EDGE_LOOP ( 'NONE', ( #1982, #1588, #1416, #1246 ) ) ;
#1322 = ADVANCED_BREP_SHAPE_REPRESENTATION ( 'Sinar_Lensboard_simplified_blank', ( #1032, #940 ), #1141 ) ;
#1323 = CARTESIAN_POINT ( 'NONE',  ( 55.74999999999999289, 2.200000000000000622, -67.75000000000000000 ) ) ;
#1324 = FACE_OUTER_BOUND ( 'NONE', #907, .T. ) ;
#1325 = CALENDAR_DATE ( 2026, 14, 9 ) ;
#1326 = ORIENTED_EDGE ( 'NONE', *, *, #2136, .T. ) ;
#1327 = DIRECTION ( 'NONE',  ( 0.000000000000000000, 0.000000000000000000, -1.000000000000000000 ) ) ;
#1328 = PLANE ( 'NONE',  #727 ) ;
#1329 = CYLINDRICAL_SURFACE ( 'NONE', #2303, 2.000000000000015543 ) ;
#1330 = EDGE_CURVE ( 'NONE', #88, #945, #1488, .T. ) ;
#1331 = ORIENTED_EDGE ( 'NONE', *, *, #1089, .F. ) ;
#1332 = LINE ( 'NONE', #1147, #1818 ) ;
#1333 = ORIENTED_EDGE ( 'NONE', *, *, #2258, .T. ) ;
#1334 = EDGE_CURVE ( 'NONE', #1389, #2033, #1272, .T. ) ;
#1335 = ORIENTED_EDGE ( 'NONE', *, *, #916, .F. ) ;
#1336 = CYLINDRICAL_SURFACE ( 'NONE', #708, 2.000000000000001776 ) ;
#1337 = FACE_OUTER_BOUND ( 'NONE', #1756, .T. ) ;
#1338 = VERTEX_POINT ( 'NONE', #1323 ) ;
#1339 = EDGE_CURVE ( 'NONE', #933, #2334, #1112, .T. ) ;
#1340 = CARTESIAN_POINT ( 'NONE',  ( 55.74999999999999289, 5.000000000000004441, -65.75000000000000000 ) ) ;
#1341 = CARTESIAN_POINT ( 'NONE',  ( 63.00000000000002842, 189.0178641211801107, 37.69999999999998153 ) ) ;
#1342 = VECTOR ( 'NONE', #331, 1000.000000000000000 ) ;
#1343 = LINE ( 'NONE', #803, #755 ) ;
#1344 = VERTEX_POINT ( 'NONE', #2046 ) ;
#1345 = ORIENTED_EDGE ( 'NONE', *, *, #1135, .F. ) ;
#1346 = ORIENTED_EDGE ( 'NONE', *, *, #1057, .F. ) ;
#1347 = EDGE_LOOP ( 'NONE', ( #573, #1595, #2288, #1289 ) ) ;
#1348 = CARTESIAN_POINT ( 'NONE',  ( -54.37250226860434310, 5.000000000000004441, 64.30000000000003979 ) ) ;
#1349 = DIRECTION ( 'NONE',  ( -1.276177040671873476E-16, 0.000000000000000000, -1.000000000000000000 ) ) ;
#1350 = ADVANCED_FACE ( 'NONE', ( #2023 ), #2252, .T. ) ;
#1351 = EDGE_CURVE ( 'NONE', #2300, #2268, #737, .T. ) ;
#1352 = ORIENTED_EDGE ( 'NONE', *, *, #584, .F. ) ;
#1353 = CARTESIAN_POINT ( 'NONE',  ( -62.25000000000000000, 5.000000000000004441, -62.25000000000000000 ) ) ;
#1354 = LINE ( 'NONE', #2107, #362 ) ;
#1355 = DIRECTION ( 'NONE',  ( -1.000000000000000000, 0.000000000000000000, 6.938893903907221278E-15 ) ) ;
#1356 = ORIENTED_EDGE ( 'NONE', *, *, #971, .F. ) ;
#1357 = ORIENTED_EDGE ( 'NONE', *, *, #781, .T. ) ;
#1358 = ORIENTED_EDGE ( 'NONE', *, *, #1793, .T. ) ;
#1359 = ORIENTED_EDGE ( 'NONE', *, *, #1993, .F. ) ;
#1360 = ORIENTED_EDGE ( 'NONE', *, *, #152, .T. ) ;
#1361 = DIRECTION ( 'NONE',  ( 0.000000000000000000, 0.000000000000000000, -1.000000000000000000 ) ) ;
#1362 = DIRECTION ( 'NONE',  ( -0.000000000000000000, -1.000000000000000000, -0.000000000000000000 ) ) ;
#1363 = DIRECTION ( 'NONE',  ( 0.000000000000000000, 1.000000000000000000, -0.000000000000000000 ) ) ;
#1364 = DIRECTION ( 'NONE',  ( 0.000000000000000000, 0.000000000000000000, 1.000000000000000000 ) ) ;
#1365 = ORIENTED_EDGE ( 'NONE', *, *, #2173, .T. ) ;
#1366 = EDGE_CURVE ( 'NONE', #1394, #595, #895, .T. ) ;
#1367 = CIRCLE ( 'NONE', #2, 2.000000000000015543 ) ;
#1368 = DIRECTION ( 'NONE',  ( -1.000000000000000000, 0.000000000000000000, 2.775557561562888984E-15 ) ) ;
#1369 = VERTEX_POINT ( 'NONE', #1309 ) ;
#1370 = VECTOR ( 'NONE', #1635, 1000.000000000000000 ) ;
#1371 = ORIENTED_EDGE ( 'NONE', *, *, #1734, .F. ) ;
#1372 = CARTESIAN_POINT ( 'NONE',  ( -62.24999999999997868, 3.149999999999986144, -50.25000000000001421 ) ) ;
#1373 = DIRECTION ( 'NONE',  ( -0.000000000000000000, -1.000000000000000000, -0.000000000000000000 ) ) ;
#1374 = ORIENTED_EDGE ( 'NONE', *, *, #681, .T. ) ;
#1375 = CARTESIAN_POINT ( 'NONE',  ( -67.75000000000002842, 4.100000000000000533, 55.75000000000000000 ) ) ;
#1376 = DIRECTION ( 'NONE',  ( -0.000000000000000000, -1.000000000000000000, -0.000000000000000000 ) ) ;
#1377 = VERTEX_POINT ( 'NONE', #1095 ) ;
#1378 = ORGANIZATION ( '未', '未', '' ) ;
#1379 = CARTESIAN_POINT ( 'NONE',  ( -9.402201239794546887E-13, 4.100000000000000533, -67.75000000000095213 ) ) ;
#1380 = AXIS2_PLACEMENT_3D ( 'NONE', #2176, #1226, #1013 ) ;
#1381 = EDGE_CURVE ( 'NONE', #2334, #223, #1888, .T. ) ;
#1382 = EDGE_CURVE ( 'NONE', #974, #253, #1084, .T. ) ;
#1383 = ORIENTED_EDGE ( 'NONE', *, *, #2229, .F. ) ;
#1384 = EDGE_CURVE ( 'NONE', #2045, #18, #570, .T. ) ;
#1385 = CARTESIAN_POINT ( 'NONE',  ( 0.000000000000000000, 2.200000000000000622, 63.74999999999998579 ) ) ;
#1386 = DIRECTION ( 'NONE',  ( -0.000000000000000000, -1.000000000000000000, -0.000000000000000000 ) ) ;
#1387 = DIRECTION ( 'NONE',  ( 0.000000000000000000, 0.000000000000000000, -1.000000000000000000 ) ) ;
#1388 = LINE ( 'NONE', #438, #444 ) ;
#1389 = VERTEX_POINT ( 'NONE', #550 ) ;
#1390 = DIRECTION ( 'NONE',  ( 0.000000000000000000, 0.000000000000000000, -1.000000000000000000 ) ) ;
#1391 = VECTOR ( 'NONE', #100, 1000.000000000000000 ) ;
#1392 = ORIENTED_EDGE ( 'NONE', *, *, #58, .T. ) ;
#1393 = AXIS2_PLACEMENT_3D ( 'NONE', #436, #1386, #1180 ) ;
#1394 = VERTEX_POINT ( 'NONE', #201 ) ;
#1395 = CARTESIAN_POINT ( 'NONE',  ( 62.25000000000000000, 5.000000000000004441, 62.25000000000000000 ) ) ;
#1396 = VECTOR ( 'NONE', #1694, 1000.000000000000000 ) ;
#1397 = DIRECTION ( 'NONE',  ( -0.9191450300180513677, 0.000000000000000000, -0.3939192985791831192 ) ) ;
#1398 = CARTESIAN_POINT ( 'NONE',  ( 63.00000000000002842, 3.149999999999986144, 48.49999999999999289 ) ) ;
#1399 = ORIENTED_EDGE ( 'NONE', *, *, #40, .F. ) ;
#1400 = DIRECTION ( 'NONE',  ( -1.000000000000000000, 0.000000000000000000, -0.000000000000000000 ) ) ;
#1401 = AXIS2_PLACEMENT_3D ( 'NONE', #845, #649, #2354 ) ;
#1402 = ADVANCED_FACE ( 'NONE', ( #1836 ), #1461, .T. ) ;
#1403 = ORIENTED_EDGE ( 'NONE', *, *, #2090, .T. ) ;
#1404 = DIRECTION ( 'NONE',  ( 0.000000000000000000, -1.000000000000000000, 0.000000000000000000 ) ) ;
#1405 = EDGE_CURVE ( 'NONE', #858, #406, #934, .T. ) ;
#1406 = ORIENTED_EDGE ( 'NONE', *, *, #1044, .T. ) ;
#1407 = LINE ( 'NONE', #1449, #995 ) ;
#1408 = DIRECTION ( 'NONE',  ( 0.000000000000000000, 1.000000000000000000, -0.000000000000000000 ) ) ;
#1409 = PLANE ( 'NONE',  #1687 ) ;
#1410 = ORIENTED_EDGE ( 'NONE', *, *, #1587, .F. ) ;
#1411 = CARTESIAN_POINT ( 'NONE',  ( 0.000000000000000000, 4.100000000000000533, 67.75000000000001421 ) ) ;
#1412 = APPROVAL_PERSON_ORGANIZATION ( #1261, #1639, #173 ) ;
#1413 = AXIS2_PLACEMENT_3D ( 'NONE', #788, #2308, #1907 ) ;
#1414 = EDGE_LOOP ( 'NONE', ( #2097, #1722, #2412, #1365 ) ) ;
#1415 = CARTESIAN_POINT ( 'NONE',  ( 70.78448275862064065, 3.149999999999999911, 30.33620689655225533 ) ) ;
#1416 = ORIENTED_EDGE ( 'NONE', *, *, #2208, .T. ) ;
#1417 = AXIS2_PLACEMENT_3D ( 'NONE', #2390, #122, #1069 ) ;
#1418 = EDGE_CURVE ( 'NONE', #654, #939, #953, .T. ) ;
#1419 = ADVANCED_FACE ( 'NONE', ( #1501 ), #576, .F. ) ;
#1420 = LINE ( 'NONE', #1024, #677 ) ;
#1421 = LINE ( 'NONE', #1429, #2381 ) ;
#1422 = CARTESIAN_POINT ( 'NONE',  ( -64.30000000000003979, 5.000000000000004441, -54.37250226860447100 ) ) ;
#1423 = DIRECTION ( 'NONE',  ( -0.9191450300180488142, 0.000000000000000000, 0.3939192985791887258 ) ) ;
#1424 = DIRECTION ( 'NONE',  ( 0.000000000000000000, -1.000000000000000000, 0.000000000000000000 ) ) ;
#1425 = VECTOR ( 'NONE', #2028, 1000.000000000000000 ) ;
#1426 = ORIENTED_EDGE ( 'NONE', *, *, #2025, .T. ) ;
#1427 = DIRECTION ( 'NONE',  ( 0.000000000000000000, 0.000000000000000000, 1.000000000000000000 ) ) ;
#1428 = FACE_OUTER_BOUND ( 'NONE', #471, .T. ) ;
#1429 = CARTESIAN_POINT ( 'NONE',  ( -55.75000000000000711, 4.100000000000000533, -67.74999999999991473 ) ) ;
#1430 = DIRECTION ( 'NONE',  ( 0.000000000000000000, -1.000000000000000000, 0.000000000000000000 ) ) ;
#1431 = VECTOR ( 'NONE', #966, 1000.000000000000000 ) ;
#1432 = AXIS2_PLACEMENT_3D ( 'NONE', #935, #1889, #1673 ) ;
#1433 = CARTESIAN_POINT ( 'NONE',  ( -16.96034482758659578, 5.000000000000004441, -39.57413793103288668 ) ) ;
#1434 = PLANE ( 'NONE',  #314 ) ;
#1435 = EDGE_CURVE ( 'NONE', #2417, #1885, #1108, .T. ) ;
#1436 = ORIENTED_EDGE ( 'NONE', *, *, #10, .T. ) ;
#1437 = DIRECTION ( 'NONE',  ( 1.000000000000000000, 0.000000000000000000, -1.284980352575412305E-15 ) ) ;
#1438 = DIRECTION ( 'NONE',  ( -0.000000000000000000, -1.000000000000000000, -0.000000000000000000 ) ) ;
#1439 = LINE ( 'NONE', #1837, #1745 ) ;
#1440 = DIRECTION ( 'NONE',  ( -2.552354081343746459E-16, 0.000000000000000000, -1.000000000000000000 ) ) ;
#1441 = CARTESIAN_POINT ( 'NONE',  ( -67.74999999999945999, 4.100000000000000533, 5.641320743876531233E-13 ) ) ;
#1442 = CARTESIAN_POINT ( 'NONE',  ( -35.94999999999998153, 5.000000000000004441, 62.25000000000000000 ) ) ;
#1443 = EDGE_CURVE ( 'NONE', #695, #238, #2414, .T. ) ;
#1444 = EDGE_CURVE ( 'NONE', #169, #1264, #1861, .T. ) ;
#1445 = ORIENTED_EDGE ( 'NONE', *, *, #235, .F. ) ;
#1446 = LINE ( 'NONE', #870, #408 ) ;
#1447 = ORIENTED_EDGE ( 'NONE', *, *, #133, .F. ) ;
#1448 = VECTOR ( 'NONE', #1319, 1000.000000000000000 ) ;
#1449 = CARTESIAN_POINT ( 'NONE',  ( 0.000000000000000000, 2.200000000000000622, 67.75000000000001421 ) ) ;
#1450 = FACE_OUTER_BOUND ( 'NONE', #1176, .T. ) ;
#1451 = CALENDAR_DATE ( 2026, 14, 9 ) ;
#1452 = AXIS2_PLACEMENT_3D ( 'NONE', #1576, #2155, #446 ) ;
#1453 = CARTESIAN_POINT ( 'NONE',  ( -65.75000000000000000, 5.000000000000004441, 55.75000000000000000 ) ) ;
#1454 = DIRECTION ( 'NONE',  ( 0.000000000000000000, 1.000000000000000000, -0.000000000000000000 ) ) ;
#1455 = VECTOR ( 'NONE', #2305, 1000.000000000000000 ) ;
#1456 = VERTEX_POINT ( 'NONE', #1712 ) ;
#1457 = CIRCLE ( 'NONE', #1775, 1.999999999999932498 ) ;
#1458 = CARTESIAN_POINT ( 'NONE',  ( 62.25000000000000000, 189.0178641211801107, -62.25000000000000000 ) ) ;
#1459 = ORIENTED_EDGE ( 'NONE', *, *, #903, .F. ) ;
#1460 = AXIS2_PLACEMENT_3D ( 'NONE', #1138, #159, #769 ) ;
#1461 = CYLINDRICAL_SURFACE ( 'NONE', #837, 2.500000000000002220 ) ;
#1462 = PLANE ( 'NONE',  #957 ) ;
#1463 = DATE_AND_TIME ( #1636, #2130 ) ;
#1464 = CARTESIAN_POINT ( 'NONE',  ( 69.75000000000000000, 4.100000000000000533, 67.25000000000000000 ) ) ;
#1465 = CARTESIAN_POINT ( 'NONE',  ( 54.37250226860439284, 189.0178641211801107, 64.29999999999999716 ) ) ;
#1466 = VECTOR ( 'NONE', #339, 1000.000000000000000 ) ;
#1467 = DIRECTION ( 'NONE',  ( -6.938893903907221278E-15, 0.000000000000000000, -1.000000000000000000 ) ) ;
#1468 = ORIENTED_EDGE ( 'NONE', *, *, #53, .T. ) ;
#1469 = ADVANCED_FACE ( 'NONE', ( #2280 ), #70, .F. ) ;
#1470 = CARTESIAN_POINT ( 'NONE',  ( -69.75000000000000000, 4.100000000000000533, 67.25000000000000000 ) ) ;
#1471 = ORIENTED_EDGE ( 'NONE', *, *, #1170, .T. ) ;
#1472 = AXIS2_PLACEMENT_3D ( 'NONE', #207, #2217, #402 ) ;
#1473 = DIRECTION ( 'NONE',  ( -0.000000000000000000, -1.000000000000000000, -0.000000000000000000 ) ) ;
#1474 = CARTESIAN_POINT ( 'NONE',  ( 35.95000000000002416, 3.149999999999986144, -62.25000000000001421 ) ) ;
#1475 = EDGE_CURVE ( 'NONE', #599, #2045, #1567, .T. ) ;
#1476 = EDGE_CURVE ( 'NONE', #239, #2237, #2294, .T. ) ;
#1477 = PERSON_AND_ORGANIZATION ( #999, #1378 ) ;
#1478 = ORIENTED_EDGE ( 'NONE', *, *, #108, .F. ) ;
#1479 = VECTOR ( 'NONE', #2120, 1000.000000000000000 ) ;
#1480 = LINE ( 'NONE', #926, #1431 ) ;
#1481 = DIRECTION ( 'NONE',  ( 0.000000000000000000, 0.000000000000000000, -1.000000000000000000 ) ) ;
#1482 = CARTESIAN_POINT ( 'NONE',  ( 0.000000000000000000, 3.149999999999999911, 62.25000000000000000 ) ) ;
#1483 = ORIENTED_EDGE ( 'NONE', *, *, #1731, .F. ) ;
#1484 = ORIENTED_EDGE ( 'NONE', *, *, #861, .F. ) ;
#1485 = CARTESIAN_POINT ( 'NONE',  ( -67.50000000000001421, 2.200000000000007283, 54.78175416344816995 ) ) ;
#1486 = ORIENTED_EDGE ( 'NONE', *, *, #2335, .F. ) ;
#1487 = VERTEX_POINT ( 'NONE', #588 ) ;
#1488 = LINE ( 'NONE', #1293, #1620 ) ;
#1489 = AXIS2_PLACEMENT_3D ( 'NONE', #414, #979, #1364 ) ;
#1490 = DIRECTION ( 'NONE',  ( 2.552354081343746953E-16, 0.000000000000000000, 1.000000000000000000 ) ) ;
#1491 = APPROVAL_ROLE ( '' ) ;
#1492 = VERTEX_POINT ( 'NONE', #1348 ) ;
#1493 = ADVANCED_FACE ( 'NONE', ( #1532 ), #1336, .F. ) ;
#1494 = CARTESIAN_POINT ( 'NONE',  ( -67.74999999999998579, 4.100000000000000533, 67.75000000000001421 ) ) ;
#1495 = FACE_OUTER_BOUND ( 'NONE', #1121, .T. ) ;
#1496 = EDGE_CURVE ( 'NONE', #320, #254, #424, .T. ) ;
#1497 = LINE ( 'NONE', #1511, #1977 ) ;
#1498 = ORIENTED_EDGE ( 'NONE', *, *, #482, .F. ) ;
#1499 = LINE ( 'NONE', #1859, #1448 ) ;
#1500 = VECTOR ( 'NONE', #1679, 1000.000000000000000 ) ;
#1501 = FACE_OUTER_BOUND ( 'NONE', #452, .T. ) ;
#1502 = CARTESIAN_POINT ( 'NONE',  ( -65.74999999999998579, 4.100000000000000533, -55.75000000000000711 ) ) ;
#1503 = PERSON_AND_ORGANIZATION_ROLE ( 'design_owner' ) ;
#1504 = VERTEX_POINT ( 'NONE', #2117 ) ;
#1505 = VECTOR ( 'NONE', #2174, 999.9999999999998863 ) ;
#1506 = LINE ( 'NONE', #413, #231 ) ;
#1507 = DIRECTION ( 'NONE',  ( 1.000000000000000000, 0.000000000000000000, 0.000000000000000000 ) ) ;
#1508 = EDGE_CURVE ( 'NONE', #156, #1885, #1555, .T. ) ;
#1509 = CC_DESIGN_DATE_AND_TIME_ASSIGNMENT ( #1661, #1879, ( #1611 ) ) ;
#1510 = AXIS2_PLACEMENT_3D ( 'NONE', #1204, #976, #90 ) ;
#1511 = CARTESIAN_POINT ( 'NONE',  ( -63.75000000000005684, 189.0178641211801107, -55.75000000000000711 ) ) ;
#1512 = EDGE_CURVE ( 'NONE', #283, #549, #1916, .T. ) ;
#1513 = AXIS2_PLACEMENT_3D ( 'NONE', #2076, #2035, #1688 ) ;
#1514 = ORIENTED_EDGE ( 'NONE', *, *, #1010, .F. ) ;
#1515 = DIRECTION ( 'NONE',  ( 0.000000000000000000, 0.000000000000000000, -1.000000000000000000 ) ) ;
#1516 = VERTEX_POINT ( 'NONE', #269 ) ;
#1517 = DIRECTION ( 'NONE',  ( -6.938893903907221278E-15, 0.000000000000000000, -1.000000000000000000 ) ) ;
#1518 = DIRECTION ( 'NONE',  ( -0.000000000000000000, 0.000000000000000000, 1.000000000000000000 ) ) ;
#1519 = VERTEX_POINT ( 'NONE', #242 ) ;
#1520 = CIRCLE ( 'NONE', #507, 2.000000000000015543 ) ;
#1521 = DIRECTION ( 'NONE',  ( 1.000000000000000000, 0.000000000000000000, 0.000000000000000000 ) ) ;
#1522 = DIRECTION ( 'NONE',  ( 0.000000000000000000, -1.000000000000000000, 0.000000000000000000 ) ) ;
#1523 = VERTEX_POINT ( 'NONE', #975 ) ;
#1524 = PLANE ( 'NONE',  #1944 ) ;
#1525 = VERTEX_POINT ( 'NONE', #1724 ) ;
#1526 = EDGE_CURVE ( 'NONE', #974, #535, #1152, .T. ) ;
#1527 = EDGE_CURVE ( 'NONE', #345, #298, #2087, .T. ) ;
#1528 = EDGE_LOOP ( 'NONE', ( #1582, #79, #289, #1939, #109, #1333, #620, #772 ) ) ;
#1529 = CARTESIAN_POINT ( 'NONE',  ( 62.25000000000000000, 189.0178641211801107, 50.25000000000003553 ) ) ;
#1530 = ORIENTED_EDGE ( 'NONE', *, *, #891, .T. ) ;
#1531 = EDGE_CURVE ( 'NONE', #1776, #666, #1898, .T. ) ;
#1532 = FACE_OUTER_BOUND ( 'NONE', #2112, .T. ) ;
#1533 = CYLINDRICAL_SURFACE ( 'NONE', #1393, 2.000000000000029310 ) ;
#1534 = SHAPE_DEFINITION_REPRESENTATION ( #872, #1322 ) ;
#1535 = EDGE_LOOP ( 'NONE', ( #1937, #765, #1459, #1256, #912, #479, #2135, #1566 ) ) ;
#1536 = LINE ( 'NONE', #591, #308 ) ;
#1537 = CYLINDRICAL_SURFACE ( 'NONE', #1805, 2.000000000000001776 ) ;
#1538 = VECTOR ( 'NONE', #1122, 1000.000000000000000 ) ;
#1539 = DIRECTION ( 'NONE',  ( 1.000000000000000000, 0.000000000000000000, 0.000000000000000000 ) ) ;
#1540 = VECTOR ( 'NONE', #2008, 1000.000000000000000 ) ;
#1541 = ORIENTED_EDGE ( 'NONE', *, *, #364, .F. ) ;
#1542 = VERTEX_POINT ( 'NONE', #622 ) ;
#1543 = VERTEX_POINT ( 'NONE', #1372 ) ;
#1544 = CARTESIAN_POINT ( 'NONE',  ( 55.74999999999999289, 4.100000000000000533, -65.75000000000000000 ) ) ;
#1545 = CARTESIAN_POINT ( 'NONE',  ( 64.30000000000002558, 5.000000000000004441, 54.37250226860439284 ) ) ;
#1546 = EDGE_CURVE ( 'NONE', #1630, #1304, #526, .T. ) ;
#1547 = AXIS2_PLACEMENT_3D ( 'NONE', #77, #2311, #789 ) ;
#1548 = CARTESIAN_POINT ( 'NONE',  ( -55.75000000000000000, 2.200000000000000622, 65.75000000000000000 ) ) ;
#1549 = DIRECTION ( 'NONE',  ( 0.000000000000000000, 0.000000000000000000, -1.000000000000000000 ) ) ;
#1550 = ORIENTED_EDGE ( 'NONE', *, *, #2208, .F. ) ;
#1551 = LINE ( 'NONE', #2286, #2054 ) ;
#1552 = ORIENTED_EDGE ( 'NONE', *, *, #2105, .F. ) ;
#1553 = VECTOR ( 'NONE', #1716, 1000.000000000000000 ) ;
#1554 = ADVANCED_FACE ( 'NONE', ( #1941 ), #826, .F. ) ;
#1555 = LINE ( 'NONE', #816, #1196 ) ;
#1556 = CARTESIAN_POINT ( 'NONE',  ( -63.75000000000005684, 2.200000000000007283, -55.75000000000000711 ) ) ;
#1557 = ADVANCED_FACE ( 'NONE', ( #1754 ), #435, .F. ) ;
#1558 = EDGE_CURVE ( 'NONE', #635, #1338, #633, .T. ) ;
#1559 = CARTESIAN_POINT ( 'NONE',  ( 4.701100619897174489E-13, 4.100000000000000533, 67.75000000000046896 ) ) ;
#1560 = LINE ( 'NONE', #637, #1187 ) ;
#1561 = VERTEX_POINT ( 'NONE', #457 ) ;
#1562 = VECTOR ( 'NONE', #901, 1000.000000000000000 ) ;
#1563 = DIRECTION ( 'NONE',  ( 0.000000000000000000, 0.000000000000000000, -1.000000000000000000 ) ) ;
#1564 = ORIENTED_EDGE ( 'NONE', *, *, #1938, .T. ) ;
#1565 = VECTOR ( 'NONE', #428, 1000.000000000000000 ) ;
#1566 = ORIENTED_EDGE ( 'NONE', *, *, #2257, .T. ) ;
#1567 = LINE ( 'NONE', #1385, #760 ) ;
#1568 = CARTESIAN_POINT ( 'NONE',  ( -67.75000000000002842, 2.200000000000000622, 55.75000000000000000 ) ) ;
#1569 = CARTESIAN_POINT ( 'NONE',  ( -9.402201239794546887E-13, 4.100000000000000533, -67.75000000000095213 ) ) ;
#1570 = LINE ( 'NONE', #1341, #1061 ) ;
#1571 = ADVANCED_FACE ( 'NONE', ( #1203 ), #89, .T. ) ;
#1572 = DIRECTION ( 'NONE',  ( -1.000000000000000000, 0.000000000000000000, 0.000000000000000000 ) ) ;
#1573 = AXIS2_PLACEMENT_3D ( 'NONE', #313, #114, #680 ) ;
#1574 = ORIENTED_EDGE ( 'NONE', *, *, #214, .F. ) ;
#1575 = ORIENTED_EDGE ( 'NONE', *, *, #290, .F. ) ;
#1576 = CARTESIAN_POINT ( 'NONE',  ( 70.78448275862064065, 189.0178641211801107, 30.33620689655225533 ) ) ;
#1577 = ORIENTED_EDGE ( 'NONE', *, *, #1103, .F. ) ;
#1578 = ORIENTED_EDGE ( 'NONE', *, *, #798, .T. ) ;
#1579 = CARTESIAN_POINT ( 'NONE',  ( -67.25000000000000000, 4.100000000000000533, -69.75000000000000000 ) ) ;
#1580 = CYLINDRICAL_SURFACE ( 'NONE', #1573, 2.000000000000015543 ) ;
#1581 = EDGE_CURVE ( 'NONE', #298, #1543, #1278, .T. ) ;
#1582 = ORIENTED_EDGE ( 'NONE', *, *, #2083, .T. ) ;
#1583 = DIRECTION ( 'NONE',  ( -3.828531122015618210E-16, 0.000000000000000000, -1.000000000000000000 ) ) ;
#1584 = VECTOR ( 'NONE', #947, 1000.000000000000000 ) ;
#1585 = EDGE_LOOP ( 'NONE', ( #1860, #1575, #662, #2370 ) ) ;
#1586 = ORIENTED_EDGE ( 'NONE', *, *, #205, .T. ) ;
#1587 = EDGE_CURVE ( 'NONE', #1516, #1776, #379, .T. ) ;
#1588 = ORIENTED_EDGE ( 'NONE', *, *, #205, .F. ) ;
#1589 = DIRECTION ( 'NONE',  ( 0.000000000000000000, 0.000000000000000000, 1.000000000000000000 ) ) ;
#1590 = AXIS2_PLACEMENT_3D ( 'NONE', #2001, #2181, #2216 ) ;
#1591 = ORIENTED_EDGE ( 'NONE', *, *, #1316, .T. ) ;
#1592 = DIRECTION ( 'NONE',  ( 0.000000000000000000, 0.000000000000000000, 1.000000000000000000 ) ) ;
#1593 = LINE ( 'NONE', #604, #1565 ) ;
#1594 = DIRECTION ( 'NONE',  ( 2.552354081343746459E-16, 0.000000000000000000, 1.000000000000000000 ) ) ;
#1595 = ORIENTED_EDGE ( 'NONE', *, *, #2364, .F. ) ;
#1596 = CARTESIAN_POINT ( 'NONE',  ( -48.49999999999998579, 3.149999999999986144, 63.00000000000002842 ) ) ;
#1597 = CIRCLE ( 'NONE', #2119, 2.500000000000002220 ) ;
#1598 = EDGE_CURVE ( 'NONE', #372, #2045, #1884, .T. ) ;
#1599 = EDGE_CURVE ( 'NONE', #1609, #961, #366, .T. ) ;
#1600 = ORIENTED_EDGE ( 'NONE', *, *, #1924, .F. ) ;
#1601 = DIRECTION ( 'NONE',  ( 1.000000000000000000, 0.000000000000000000, 1.387778780781444492E-15 ) ) ;
#1602 = LINE ( 'NONE', #1214, #1505 ) ;
#1603 = DIRECTION ( 'NONE',  ( 1.000000000000000000, -0.000000000000000000, -2.533286496523707549E-16 ) ) ;
#1604 = CARTESIAN_POINT ( 'NONE',  ( -65.74999999999998579, 5.000000000000004441, -55.75000000000000711 ) ) ;
#1605 = LINE ( 'NONE', #1646, #1466 ) ;
#1606 = CARTESIAN_POINT ( 'NONE',  ( -69.75000000000000000, 4.100000000000000533, 0.000000000000000000 ) ) ;
#1607 = ORIENTED_EDGE ( 'NONE', *, *, #1703, .T. ) ;
#1608 = VECTOR ( 'NONE', #2351, 1000.000000000000000 ) ;
#1609 = VERTEX_POINT ( 'NONE', #353 ) ;
#1610 = FACE_OUTER_BOUND ( 'NONE', #1414, .T. ) ;
#1611 = PRODUCT_DEFINITION ( '�', '', #2291, #1178 ) ;
#1612 = CYLINDRICAL_SURFACE ( 'NONE', #103, 2.000000000000029310 ) ;
#1613 = CARTESIAN_POINT ( 'NONE',  ( -55.75000000000000000, 2.200000000000000622, 67.75000000000001421 ) ) ;
#1614 = ADVANCED_FACE ( 'NONE', ( #208 ), #403, .F. ) ;
#1615 = LINE ( 'NONE', #670, #982 ) ;
#1616 = LINE ( 'NONE', #2376, #2413 ) ;
#1617 = PLANE ( 'NONE',  #1715 ) ;
#1618 = VECTOR ( 'NONE', #556, 1000.000000000000000 ) ;
#1619 = ORIENTED_EDGE ( 'NONE', *, *, #1366, .F. ) ;
#1620 = VECTOR ( 'NONE', #539, 1000.000000000000000 ) ;
#1621 = EDGE_LOOP ( 'NONE', ( #1577, #838, #1940, #346 ) ) ;
#1622 = CARTESIAN_POINT ( 'NONE',  ( 54.78175416344817705, 4.100000000000000533, 67.49999999999998579 ) ) ;
#1623 = FACE_OUTER_BOUND ( 'NONE', #1528, .T. ) ;
#1624 = DIRECTION ( 'NONE',  ( 0.9191450300180539212, 0.000000000000000000, -0.3939192985791770130 ) ) ;
#1625 = CARTESIAN_POINT ( 'NONE',  ( 0.000000000000000000, 4.100000000000000533, -67.50000000000000000 ) ) ;
#1626 = AXIS2_PLACEMENT_3D ( 'NONE', #336, #699, #1235 ) ;
#1627 = EDGE_CURVE ( 'NONE', #432, #836, #1131, .T. ) ;
#1628 = CARTESIAN_POINT ( 'NONE',  ( -64.30000000000003979, 5.000000000000004441, -54.37250226860447100 ) ) ;
#1629 = CARTESIAN_POINT ( 'NONE',  ( -39.57413793103354749, 5.000000000000004441, 16.96034482758643236 ) ) ;
#1630 = VERTEX_POINT ( 'NONE', #533 ) ;
#1631 = CARTESIAN_POINT ( 'NONE',  ( 16.96034482758638617, 3.149999999999999911, 39.57413793103380328 ) ) ;
#1632 = EDGE_LOOP ( 'NONE', ( #1900, #590, #1156, #2329 ) ) ;
#1633 = ORIENTED_EDGE ( 'NONE', *, *, #790, .T. ) ;
#1634 = CARTESIAN_POINT ( 'NONE',  ( 62.25000000000000000, 5.000000000000004441, 0.000000000000000000 ) ) ;
#1635 = DIRECTION ( 'NONE',  ( 1.000000000000000000, 0.000000000000000000, -2.533286496523707549E-16 ) ) ;
#1636 = CALENDAR_DATE ( 2026, 14, 9 ) ;
#1637 = DIRECTION ( 'NONE',  ( -1.000000000000000000, 0.000000000000000000, -0.000000000000000000 ) ) ;
#1638 = DIRECTION ( 'NONE',  ( 0.000000000000000000, 0.000000000000000000, 1.000000000000000000 ) ) ;
#1639 = APPROVAL ( #898, '未' ) ;
#1640 = VERTEX_POINT ( 'NONE', #929 ) ;
#1641 = DIRECTION ( 'NONE',  ( 0.000000000000000000, 1.000000000000000000, -0.000000000000000000 ) ) ;
#1642 = EDGE_LOOP ( 'NONE', ( #1383, #2389, #1667, #1483 ) ) ;
#1643 = CARTESIAN_POINT ( 'NONE',  ( 55.75000000000000711, 4.100000000000000533, 67.75000000000001421 ) ) ;
#1644 = CARTESIAN_POINT ( 'NONE',  ( -70.78448275862054118, 189.0178641211801107, -30.33620689655278113 ) ) ;
#1645 = AXIS2_PLACEMENT_3D ( 'NONE', #696, #1404, #1232 ) ;
#1646 = CARTESIAN_POINT ( 'NONE',  ( -54.78175416344814863, 4.100000000000000533, -67.50000000000000000 ) ) ;
#1647 = DIRECTION ( 'NONE',  ( 0.000000000000000000, 0.000000000000000000, -1.000000000000000000 ) ) ;
#1648 = EDGE_CURVE ( 'NONE', #2111, #974, #16, .T. ) ;
#1649 = FACE_OUTER_BOUND ( 'NONE', #1036, .T. ) ;
#1650 = VECTOR ( 'NONE', #407, 1000.000000000000000 ) ;
#1651 = EDGE_CURVE ( 'NONE', #2334, #1487, #1301, .T. ) ;
#1652 = EDGE_CURVE ( 'NONE', #213, #980, #2052, .T. ) ;
#1653 = EDGE_LOOP ( 'NONE', ( #931, #1445, #1903, #334 ) ) ;
#1654 = AXIS2_PLACEMENT_3D ( 'NONE', #2278, #344, #548 ) ;
#1655 = CARTESIAN_POINT ( 'NONE',  ( 63.00000000000002842, 189.0178641211801107, 48.49999999999999289 ) ) ;
#1656 = ORIENTED_EDGE ( 'NONE', *, *, #266, .T. ) ;
#1657 = ORIENTED_EDGE ( 'NONE', *, *, #2222, .T. ) ;
#1658 = EDGE_CURVE ( 'NONE', #213, #1211, #392, .T. ) ;
#1659 = CARTESIAN_POINT ( 'NONE',  ( 67.75000000000048317, 2.200000000000000622, -4.701100619897175499E-13 ) ) ;
#1660 = DIRECTION ( 'NONE',  ( -0.9191450300180527000, 0.000000000000000000, -0.3939192985791800106 ) ) ;
#1661 = DATE_AND_TIME ( #1451, #91 ) ;
#1662 = ORIENTED_EDGE ( 'NONE', *, *, #1418, .F. ) ;
#1663 = CARTESIAN_POINT ( 'NONE',  ( -62.25000000000000000, 3.149999999999986144, -35.95000000000000995 ) ) ;
#1664 = DIRECTION ( 'NONE',  ( -0.000000000000000000, -1.000000000000000000, -0.000000000000000000 ) ) ;
#1665 = VECTOR ( 'NONE', #1423, 1000.000000000000000 ) ;
#1666 = CARTESIAN_POINT ( 'NONE',  ( -67.75000000000046896, 4.100000000000000533, 4.701100619897174489E-13 ) ) ;
#1667 = ORIENTED_EDGE ( 'NONE', *, *, #1496, .T. ) ;
#1668 = LINE ( 'NONE', #5, #2100 ) ;
#1669 = ADVANCED_FACE ( 'NONE', ( #1090 ), #1329, .F. ) ;
#1670 = ORIENTED_EDGE ( 'NONE', *, *, #1381, .T. ) ;
#1671 = AXIS2_PLACEMENT_3D ( 'NONE', #1130, #2408, #2079 ) ;
#1672 = CARTESIAN_POINT ( 'NONE',  ( -67.25000000000000000, 2.100000000000000089, -67.25000000000000000 ) ) ;
#1673 = DIRECTION ( 'NONE',  ( 0.000000000000000000, 0.000000000000000000, -1.000000000000000000 ) ) ;
#1674 = PERSON_AND_ORGANIZATION_ROLE ( 'design_supplier' ) ;
#1675 = VERTEX_POINT ( 'NONE', #1317 ) ;
#1676 = VECTOR ( 'NONE', #1038, 1000.000000000000000 ) ;
#1677 = DIRECTION ( 'NONE',  ( 6.938893903907221278E-15, 0.000000000000000000, 1.000000000000000000 ) ) ;
#1678 = DIRECTION ( 'NONE',  ( 0.000000000000000000, 0.000000000000000000, 1.000000000000000000 ) ) ;
#1679 = DIRECTION ( 'NONE',  ( 1.000000000000000000, 0.000000000000000000, -6.938893903907221278E-15 ) ) ;
#1680 = ORIENTED_EDGE ( 'NONE', *, *, #2163, .F. ) ;
#1681 = CARTESIAN_POINT ( 'NONE',  ( -55.75000000000000711, 4.100000000000000533, -65.74999999999998579 ) ) ;
#1682 = AXIS2_PLACEMENT_3D ( 'NONE', #1625, #2384, #692 ) ;
#1683 = VERTEX_POINT ( 'NONE', #192 ) ;
#1684 = ORIENTED_EDGE ( 'NONE', *, *, #1381, .F. ) ;
#1685 = ADVANCED_FACE ( 'NONE', ( #39 ), #761, .F. ) ;
#1686 = DIRECTION ( 'NONE',  ( 0.000000000000000000, 1.000000000000000000, -0.000000000000000000 ) ) ;
#1687 = AXIS2_PLACEMENT_3D ( 'NONE', #1250, #853, #2000 ) ;
#1688 = DIRECTION ( 'NONE',  ( 0.000000000000000000, 0.000000000000000000, -1.000000000000000000 ) ) ;
#1689 = ORIENTED_EDGE ( 'NONE', *, *, #2238, .T. ) ;
#1690 = ADVANCED_FACE ( 'NONE', ( #1649 ), #1524, .T. ) ;
#1691 = DIRECTION ( 'NONE',  ( 0.000000000000000000, 0.000000000000000000, -1.000000000000000000 ) ) ;
#1692 = FACE_OUTER_BOUND ( 'NONE', #419, .T. ) ;
#1693 = DIRECTION ( 'NONE',  ( -0.000000000000000000, -1.000000000000000000, -0.000000000000000000 ) ) ;
#1694 = DIRECTION ( 'NONE',  ( 0.000000000000000000, 0.000000000000000000, -1.000000000000000000 ) ) ;
#1695 = LINE ( 'NONE', #196, #1765 ) ;
#1696 = DIRECTION ( 'NONE',  ( -0.000000000000000000, -0.000000000000000000, 1.000000000000000000 ) ) ;
#1697 = DIRECTION ( 'NONE',  ( -0.3939192985791800106, 0.000000000000000000, 0.9191450300180525890 ) ) ;
#1698 = ORIENTED_EDGE ( 'NONE', *, *, #1527, .T. ) ;
#1699 = AXIS2_PLACEMENT_3D ( 'NONE', #874, #2349, #494 ) ;
#1700 = DIRECTION ( 'NONE',  ( -0.000000000000000000, -1.000000000000000000, -0.000000000000000000 ) ) ;
#1701 = DIRECTION ( 'NONE',  ( 0.000000000000000000, 0.000000000000000000, -1.000000000000000000 ) ) ;
#1702 = EDGE_CURVE ( 'NONE', #2237, #767, #1497, .T. ) ;
#1703 = EDGE_CURVE ( 'NONE', #648, #1091, #731, .T. ) ;
#1704 = AXIS2_PLACEMENT_3D ( 'NONE', #1502, #2266, #2088 ) ;
#1705 = VECTOR ( 'NONE', #1065, 1000.000000000000000 ) ;
#1706 = CARTESIAN_POINT ( 'NONE',  ( -69.75000000000000000, 0.000000000000000000, 69.75000000000000000 ) ) ;
#1707 = ORIENTED_EDGE ( 'NONE', *, *, #152, .F. ) ;
#1708 = ORIENTED_EDGE ( 'NONE', *, *, #1200, .F. ) ;
#1709 = LINE ( 'NONE', #958, #2016 ) ;
#1710 = ORIENTED_EDGE ( 'NONE', *, *, #512, .F. ) ;
#1711 = VERTEX_POINT ( 'NONE', #1145 ) ;
#1712 = CARTESIAN_POINT ( 'NONE',  ( -62.25000000000000000, 3.149999999999986144, -62.25000000000000000 ) ) ;
#1713 = DIRECTION ( 'NONE',  ( -0.000000000000000000, -1.000000000000000000, -0.000000000000000000 ) ) ;
#1714 = ORIENTED_EDGE ( 'NONE', *, *, #1531, .F. ) ;
#1715 = AXIS2_PLACEMENT_3D ( 'NONE', #855, #106, #2204 ) ;
#1716 = DIRECTION ( 'NONE',  ( -1.000000000000000000, 0.000000000000000000, 0.000000000000000000 ) ) ;
#1717 = DIRECTION ( 'NONE',  ( 0.000000000000000000, 0.000000000000000000, 1.000000000000000000 ) ) ;
#1718 = PLANE ( 'NONE',  #1547 ) ;
#1719 = ORIENTED_EDGE ( 'NONE', *, *, #1989, .T. ) ;
#1720 = EDGE_LOOP ( 'NONE', ( #12, #656, #2072, #593 ) ) ;
#1721 = ORIENTED_EDGE ( 'NONE', *, *, #1418, .T. ) ;
#1722 = ORIENTED_EDGE ( 'NONE', *, *, #1874, .T. ) ;
#1723 = EDGE_LOOP ( 'NONE', ( #1708, #1858, #105, #1352 ) ) ;
#1724 = CARTESIAN_POINT ( 'NONE',  ( -55.75000000000000000, 2.200000000000007283, 63.74999999999998579 ) ) ;
#1725 = CARTESIAN_POINT ( 'NONE',  ( 67.50000000000000000, 4.100000000000000533, 0.000000000000000000 ) ) ;
#1726 = AXIS2_PLACEMENT_3D ( 'NONE', #605, #952, #618 ) ;
#1727 = DIRECTION ( 'NONE',  ( 1.266643248261853035E-16, 0.000000000000000000, -1.000000000000000000 ) ) ;
#1728 = FACE_OUTER_BOUND ( 'NONE', #282, .T. ) ;
#1729 = VERTEX_POINT ( 'NONE', #221 ) ;
#1730 = DIRECTION ( 'NONE',  ( 0.000000000000000000, 0.000000000000000000, 1.000000000000000000 ) ) ;
#1731 = EDGE_CURVE ( 'NONE', #1199, #254, #954, .T. ) ;
#1732 = ORIENTED_EDGE ( 'NONE', *, *, #1733, .T. ) ;
#1733 = EDGE_CURVE ( 'NONE', #1735, #501, #66, .T. ) ;
#1734 = EDGE_CURVE ( 'NONE', #836, #750, #1230, .T. ) ;
#1735 = VERTEX_POINT ( 'NONE', #2110 ) ;
#1736 = DIRECTION ( 'NONE',  ( 0.000000000000000000, 0.000000000000000000, 1.000000000000000000 ) ) ;
#1737 = CYLINDRICAL_SURFACE ( 'NONE', #460, 1.999999999999988010 ) ;
#1738 = AXIS2_PLACEMENT_3D ( 'NONE', #784, #611, #2128 ) ;
#1739 = EDGE_CURVE ( 'NONE', #156, #635, #1551, .T. ) ;
#1740 = DIRECTION ( 'NONE',  ( -0.3939192985791737933, 0.000000000000000000, -0.9191450300180552535 ) ) ;
#1741 = CARTESIAN_POINT ( 'NONE',  ( 63.75000000000000000, 5.000000000000004441, -55.75000000000000711 ) ) ;
#1742 = ORIENTED_EDGE ( 'NONE', *, *, #1627, .T. ) ;
#1743 = DIRECTION ( 'NONE',  ( 0.000000000000000000, 0.000000000000000000, 1.000000000000000000 ) ) ;
#1744 = ORIENTED_EDGE ( 'NONE', *, *, #1891, .F. ) ;
#1745 = VECTOR ( 'NONE', #505, 1000.000000000000000 ) ;
#1746 = ORIENTED_EDGE ( 'NONE', *, *, #2101, .T. ) ;
#1747 = CARTESIAN_POINT ( 'NONE',  ( 55.75000000000000711, 4.100000000000000533, 65.75000000000000000 ) ) ;
#1748 = CARTESIAN_POINT ( 'NONE',  ( 54.78175416344813442, 2.200000000000035261, -67.50000000000000000 ) ) ;
#1749 = CC_DESIGN_PERSON_AND_ORGANIZATION_ASSIGNMENT ( #1477, #2214, ( #2291 ) ) ;
#1750 = DIRECTION ( 'NONE',  ( 1.387778780781463504E-14, -0.000000000000000000, 1.000000000000000000 ) ) ;
#1751 = DIRECTION ( 'NONE',  ( -0.000000000000000000, -1.000000000000000000, -0.000000000000000000 ) ) ;
#1752 = DIRECTION ( 'NONE',  ( -0.000000000000000000, -1.000000000000000000, -0.000000000000000000 ) ) ;
#1753 = ORIENTED_EDGE ( 'NONE', *, *, #2053, .F. ) ;
#1754 = FACE_OUTER_BOUND ( 'NONE', #754, .T. ) ;
#1755 = LINE ( 'NONE', #270, #1161 ) ;
#1756 = EDGE_LOOP ( 'NONE', ( #2304, #1331, #1968, #1880 ) ) ;
#1757 = ADVANCED_FACE ( 'NONE', ( #994 ), #1718, .F. ) ;
#1758 = DIRECTION ( 'NONE',  ( -1.000000000000000000, 0.000000000000000000, -0.000000000000000000 ) ) ;
#1759 = CARTESIAN_POINT ( 'NONE',  ( 69.75000000000000000, 0.000000000000000000, -67.25000000000000000 ) ) ;
#1760 = ORIENTED_EDGE ( 'NONE', *, *, #72, .T. ) ;
#1761 = EDGE_CURVE ( 'NONE', #1833, #1394, #451, .T. ) ;
#1762 = ORIENTED_EDGE ( 'NONE', *, *, #2229, .T. ) ;
#1763 = CARTESIAN_POINT ( 'NONE',  ( 65.75000000000000000, 2.200000000000000622, 55.74999999999999289 ) ) ;
#1764 = ADVANCED_FACE ( 'NONE', ( #824 ), #813, .F. ) ;
#1765 = VECTOR ( 'NONE', #537, 1000.000000000000000 ) ;
#1766 = VERTEX_POINT ( 'NONE', #52 ) ;
#1767 = VECTOR ( 'NONE', #1782, 1000.000000000000000 ) ;
#1768 = ORIENTED_EDGE ( 'NONE', *, *, #151, .T. ) ;
#1769 = CARTESIAN_POINT ( 'NONE',  ( 63.75000000000001421, 2.200000000000007283, 55.74999999999999289 ) ) ;
#1770 = ORIENTED_EDGE ( 'NONE', *, *, #1267, .F. ) ;
#1771 = DIRECTION ( 'NONE',  ( -1.266643248261852789E-16, 0.000000000000000000, 1.000000000000000000 ) ) ;
#1772 = DIRECTION ( 'NONE',  ( -1.000000000000000000, 0.000000000000000000, 6.938893903907221278E-15 ) ) ;
#1773 = PLANE ( 'NONE',  #520 ) ;
#1774 = AXIS2_PLACEMENT_3D ( 'NONE', #808, #2322, #796 ) ;
#1775 = AXIS2_PLACEMENT_3D ( 'NONE', #29, #2235, #764 ) ;
#1776 = VERTEX_POINT ( 'NONE', #275 ) ;
#1777 = CARTESIAN_POINT ( 'NONE',  ( 0.000000000000000000, 2.200000000000000622, 63.74999999999998579 ) ) ;
#1778 = EDGE_CURVE ( 'NONE', #1791, #213, #2320, .T. ) ;
#1779 = EDGE_CURVE ( 'NONE', #1049, #1833, #607, .T. ) ;
#1780 = VECTOR ( 'NONE', #8, 1000.000000000000000 ) ;
#1781 = VERTEX_POINT ( 'NONE', #594 ) ;
#1782 = DIRECTION ( 'NONE',  ( 0.000000000000000000, 0.000000000000000000, -1.000000000000000000 ) ) ;
#1783 = VECTOR ( 'NONE', #1099, 1000.000000000000000 ) ;
#1784 = VERTEX_POINT ( 'NONE', #416 ) ;
#1785 = LINE ( 'NONE', #690, #139 ) ;
#1786 = CARTESIAN_POINT ( 'NONE',  ( 63.75000000000001421, 5.000000000000004441, 63.74999999999998579 ) ) ;
#1787 = DIRECTION ( 'NONE',  ( 0.000000000000000000, 0.000000000000000000, -1.000000000000000000 ) ) ;
#1788 = LINE ( 'NONE', #1238, #1205 ) ;
#1789 = FACE_OUTER_BOUND ( 'NONE', #564, .T. ) ;
#1790 = VECTOR ( 'NONE', #2367, 1000.000000000000000 ) ;
#1791 = VERTEX_POINT ( 'NONE', #1209 ) ;
#1792 = VECTOR ( 'NONE', #84, 999.9999999999998863 ) ;
#1793 = EDGE_CURVE ( 'NONE', #697, #1776, #1959, .T. ) ;
#1794 = ORIENTED_EDGE ( 'NONE', *, *, #1119, .T. ) ;
#1795 = DIRECTION ( 'NONE',  ( -0.000000000000000000, -1.000000000000000000, -0.000000000000000000 ) ) ;
#1796 = ORIENTED_EDGE ( 'NONE', *, *, #108, .T. ) ;
#1797 = LINE ( 'NONE', #1974, #1391 ) ;
#1798 = CARTESIAN_POINT ( 'NONE',  ( -63.00000000000002842, 189.0178641211801107, 0.000000000000000000 ) ) ;
#1799 = CARTESIAN_POINT ( 'NONE',  ( 54.78175416344813442, 4.100000000000000533, -67.50000000000000000 ) ) ;
#1800 = ORIENTED_EDGE ( 'NONE', *, *, #2398, .T. ) ;
#1801 = FACE_OUTER_BOUND ( 'NONE', #1621, .T. ) ;
#1802 = CARTESIAN_POINT ( 'NONE',  ( 2.461745511456043247E-14, 189.0178641211801107, 64.30000000000002558 ) ) ;
#1803 = CC_DESIGN_APPROVAL ( #2273, ( #2396 ) ) ;
#1804 = ORIENTED_EDGE ( 'NONE', *, *, #136, .T. ) ;
#1805 = AXIS2_PLACEMENT_3D ( 'NONE', #1183, #1376, #1701 ) ;
#1806 = ORIENTED_EDGE ( 'NONE', *, *, #1057, .T. ) ;
#1807 = PLANE ( 'NONE',  #1417 ) ;
#1808 = ADVANCED_FACE ( 'NONE', ( #96 ), #261, .F. ) ;
#1809 = EDGE_CURVE ( 'NONE', #2196, #1871, #1343, .T. ) ;
#1810 = DIRECTION ( 'NONE',  ( 0.000000000000000000, 0.000000000000000000, -1.000000000000000000 ) ) ;
#1811 = LINE ( 'NONE', #875, #145 ) ;
#1812 = FACE_OUTER_BOUND ( 'NONE', #1585, .T. ) ;
#1813 = ORIENTED_EDGE ( 'NONE', *, *, #1169, .F. ) ;
#1814 = ADVANCED_FACE ( 'NONE', ( #2330 ), #1016, .T. ) ;
#1815 = DIRECTION ( 'NONE',  ( -0.000000000000000000, -1.000000000000000000, -0.000000000000000000 ) ) ;
#1816 = DIRECTION ( 'NONE',  ( 0.000000000000000000, -1.000000000000000000, 0.000000000000000000 ) ) ;
#1817 = VECTOR ( 'NONE', #440, 1000.000000000000000 ) ;
#1818 = VECTOR ( 'NONE', #782, 1000.000000000000000 ) ;
#1819 = VERTEX_POINT ( 'NONE', #2147 ) ;
#1820 = CARTESIAN_POINT ( 'NONE',  ( -69.75000000000000000, 0.000000000000000000, -67.25000000000000000 ) ) ;
#1821 = ORIENTED_EDGE ( 'NONE', *, *, #1527, .F. ) ;
#1822 = VECTOR ( 'NONE', #1349, 1000.000000000000000 ) ;
#1823 = ORIENTED_EDGE ( 'NONE', *, *, #1045, .F. ) ;
#1824 = PRODUCT_RELATED_PRODUCT_CATEGORY ( 'detail', '', ( #1997 ) ) ;
#1825 = AXIS2_PLACEMENT_3D ( 'NONE', #2255, #1882, #1691 ) ;
#1826 = DIRECTION ( 'NONE',  ( 0.000000000000000000, 1.000000000000000000, -0.000000000000000000 ) ) ;
#1827 = PLANE ( 'NONE',  #317 ) ;
#1828 = CARTESIAN_POINT ( 'NONE',  ( 67.74999999999998579, 4.100000000000000533, 55.74999999999999289 ) ) ;
#1829 = CIRCLE ( 'NONE', #2066, 2.500000000000002220 ) ;
#1830 = CARTESIAN_POINT ( 'NONE',  ( 63.75000000000000000, 5.000000000000004441, -63.75000000000000000 ) ) ;
#1831 = CARTESIAN_POINT ( 'NONE',  ( -67.25000000000000000, 2.100000000000000089, -69.75000000000000000 ) ) ;
#1832 = CIRCLE ( 'NONE', #1489, 2.000000000000029310 ) ;
#1833 = VERTEX_POINT ( 'NONE', #1911 ) ;
#1834 = CARTESIAN_POINT ( 'NONE',  ( -62.25000000000000000, 3.149999999999986144, 62.25000000000000000 ) ) ;
#1835 = ORIENTED_EDGE ( 'NONE', *, *, #497, .F. ) ;
#1836 = FACE_OUTER_BOUND ( 'NONE', #775, .T. ) ;
#1837 = CARTESIAN_POINT ( 'NONE',  ( 63.75000000000001421, 5.000000000000004441, 63.74999999999998579 ) ) ;
#1838 = APPLICATION_PROTOCOL_DEFINITION ( 'international standard', 'config_control_design', 1994, #744 ) ;
#1839 = ADVANCED_FACE ( 'NONE', ( #1006 ), #640, .T. ) ;
#1840 = DIRECTION ( 'NONE',  ( 0.000000000000000000, 0.000000000000000000, -1.000000000000000000 ) ) ;
#1841 = LINE ( 'NONE', #567, #925 ) ;
#1842 = EDGE_CURVE ( 'NONE', #1913, #174, #431, .T. ) ;
#1843 = DIRECTION ( 'NONE',  ( 1.000000000000000000, 0.000000000000000000, 0.000000000000000000 ) ) ;
#1844 = EDGE_LOOP ( 'NONE', ( #1031, #630, #1928, #1231 ) ) ;
#1845 = LINE ( 'NONE', #1280, #900 ) ;
#1846 = ORIENTED_EDGE ( 'NONE', *, *, #1444, .T. ) ;
#1847 = ORIENTED_EDGE ( 'NONE', *, *, #4, .T. ) ;
#1848 = DIRECTION ( 'NONE',  ( 0.000000000000000000, 0.000000000000000000, -1.000000000000000000 ) ) ;
#1849 = DIRECTION ( 'NONE',  ( 0.000000000000000000, 1.000000000000000000, -0.000000000000000000 ) ) ;
#1850 = ORIENTED_EDGE ( 'NONE', *, *, #1652, .F. ) ;
#1851 = VECTOR ( 'NONE', #818, 1000.000000000000000 ) ;
#1852 = DIRECTION ( 'NONE',  ( -0.000000000000000000, -1.000000000000000000, -0.000000000000000000 ) ) ;
#1853 = DIRECTION ( 'NONE',  ( 0.000000000000000000, 1.000000000000000000, -0.000000000000000000 ) ) ;
#1854 = EDGE_CURVE ( 'NONE', #1542, #1784, #2277, .T. ) ;
#1855 = EDGE_CURVE ( 'NONE', #2111, #1093, #1229, .T. ) ;
#1856 = DIRECTION ( 'NONE',  ( -0.000000000000000000, -1.000000000000000000, 0.000000000000000000 ) ) ;
#1857 = AXIS2_PLACEMENT_3D ( 'NONE', #2080, #915, #904 ) ;
#1858 = ORIENTED_EDGE ( 'NONE', *, *, #37, .F. ) ;
#1859 = CARTESIAN_POINT ( 'NONE',  ( -63.75000000000036238, 2.200000000000000622, -3.538835890992708687E-13 ) ) ;
#1860 = ORIENTED_EDGE ( 'NONE', *, *, #920, .F. ) ;
#1861 = LINE ( 'NONE', #186, #1780 ) ;
#1862 = LINE ( 'NONE', #724, #386 ) ;
#1863 = LINE ( 'NONE', #1828, #896 ) ;
#1864 = EDGE_LOOP ( 'NONE', ( #2032, #343, #1136, #733 ) ) ;
#1865 = DIRECTION ( 'NONE',  ( -1.000000000000000000, 0.000000000000000000, 1.387778780781463504E-14 ) ) ;
#1866 = DIRECTION ( 'NONE',  ( -0.000000000000000000, -1.000000000000000000, -0.000000000000000000 ) ) ;
#1867 = VECTOR ( 'NONE', #498, 1000.000000000000000 ) ;
#1868 = CARTESIAN_POINT ( 'NONE',  ( -30.33620689655305469, 5.000000000000004441, 70.78448275862051275 ) ) ;
#1869 = ADVANCED_FACE ( 'NONE', ( #1789 ), #1263, .F. ) ;
#1870 = ORIENTED_EDGE ( 'NONE', *, *, #1297, .F. ) ;
#1871 = VERTEX_POINT ( 'NONE', #1252 ) ;
#1872 = CARTESIAN_POINT ( 'NONE',  ( 67.74999999999990052, 4.100000000000000533, -9.402201239794288141E-14 ) ) ;
#1873 = VERTEX_POINT ( 'NONE', #1596 ) ;
#1874 = EDGE_CURVE ( 'NONE', #535, #406, #117, .T. ) ;
#1875 = ORIENTED_EDGE ( 'NONE', *, *, #177, .F. ) ;
#1876 = VECTOR ( 'NONE', #1866, 1000.000000000000000 ) ;
#1877 = DIRECTION ( 'NONE',  ( 0.000000000000000000, -0.000000000000000000, -1.000000000000000000 ) ) ;
#1878 = CARTESIAN_POINT ( 'NONE',  ( -62.25000000000000000, 3.149999999999999911, 0.000000000000000000 ) ) ;
#1879 = DATE_TIME_ROLE ( 'creation_date' ) ;
#1880 = ORIENTED_EDGE ( 'NONE', *, *, #703, .T. ) ;
#1881 = AXIS2_PLACEMENT_3D ( 'NONE', #2307, #1167, #1740 ) ;
#1882 = DIRECTION ( 'NONE',  ( 1.000000000000000000, -0.000000000000000000, 0.000000000000000000 ) ) ;
#1883 = LINE ( 'NONE', #1465, #2158 ) ;
#1884 = LINE ( 'NONE', #745, #263 ) ;
#1885 = VERTEX_POINT ( 'NONE', #672 ) ;
#1886 = CARTESIAN_POINT ( 'NONE',  ( -62.25000000000000000, 3.149999999999999911, 0.000000000000000000 ) ) ;
#1887 = ORIENTED_EDGE ( 'NONE', *, *, #1703, .F. ) ;
#1888 = LINE ( 'NONE', #1643, #2058 ) ;
#1889 = DIRECTION ( 'NONE',  ( 0.000000000000000000, -1.000000000000000000, 0.000000000000000000 ) ) ;
#1890 = EDGE_CURVE ( 'NONE', #480, #1561, #1520, .T. ) ;
#1891 = EDGE_CURVE ( 'NONE', #1675, #961, #2315, .T. ) ;
#1892 = ORIENTED_EDGE ( 'NONE', *, *, #1242, .F. ) ;
#1893 = DIRECTION ( 'NONE',  ( -0.000000000000000000, -1.000000000000000000, -0.000000000000000000 ) ) ;
#1894 = EDGE_CURVE ( 'NONE', #1344, #254, #155, .T. ) ;
#1895 = DIRECTION ( 'NONE',  ( -1.000000000000000000, 0.000000000000000000, 0.000000000000000000 ) ) ;
#1896 = DIRECTION ( 'NONE',  ( -0.000000000000000000, -1.000000000000000000, -0.000000000000000000 ) ) ;
#1897 = ORIENTED_EDGE ( 'NONE', *, *, #1222, .F. ) ;
#1898 = CIRCLE ( 'NONE', #1774, 1.999999999999932498 ) ;
#1899 = CARTESIAN_POINT ( 'NONE',  ( 69.75000000000000000, 0.000000000000000000, 69.75000000000000000 ) ) ;
#1900 = ORIENTED_EDGE ( 'NONE', *, *, #1189, .F. ) ;
#1901 = DIRECTION ( 'NONE',  ( -0.000000000000000000, -1.000000000000000000, -0.000000000000000000 ) ) ;
#1902 = DIRECTION ( 'NONE',  ( 2.775557561562884646E-15, -0.000000000000000000, 1.000000000000000000 ) ) ;
#1903 = ORIENTED_EDGE ( 'NONE', *, *, #482, .T. ) ;
#1904 = AXIS2_PLACEMENT_3D ( 'NONE', #215, #2403, #385 ) ;
#1905 = EDGE_CURVE ( 'NONE', #1912, #1091, #2002, .T. ) ;
#1906 = CARTESIAN_POINT ( 'NONE',  ( -62.24999999999997868, 5.000000000000004441, -50.25000000000001421 ) ) ;
#1907 = DIRECTION ( 'NONE',  ( 0.000000000000000000, 0.000000000000000000, -1.000000000000000000 ) ) ;
#1908 = ORIENTED_EDGE ( 'NONE', *, *, #920, .T. ) ;
#1909 = VECTOR ( 'NONE', #425, 1000.000000000000000 ) ;
#1910 = VECTOR ( 'NONE', #1700, 1000.000000000000000 ) ;
#1911 = CARTESIAN_POINT ( 'NONE',  ( -67.75000000000000000, 4.100000000000000533, -67.75000000000000000 ) ) ;
#1912 = VERTEX_POINT ( 'NONE', #1442 ) ;
#1913 = VERTEX_POINT ( 'NONE', #1066 ) ;
#1914 = ORIENTED_EDGE ( 'NONE', *, *, #1011, .T. ) ;
#1915 = ORIENTED_EDGE ( 'NONE', *, *, #1951, .F. ) ;
#1916 = LINE ( 'NONE', #601, #2215 ) ;
#1917 = CARTESIAN_POINT ( 'NONE',  ( 63.75000000000001421, 189.0178641211801107, 55.74999999999999289 ) ) ;
#1918 = VECTOR ( 'NONE', #661, 1000.000000000000000 ) ;
#1919 = LINE ( 'NONE', #348, #118 ) ;
#1920 = LINE ( 'NONE', #774, #885 ) ;
#1921 = ADVANCED_FACE ( 'NONE', ( #1969 ), #2169, .F. ) ;
#1922 = ORIENTED_EDGE ( 'NONE', *, *, #1242, .T. ) ;
#1923 = CARTESIAN_POINT ( 'NONE',  ( -55.75000000000000711, 2.200000000000000622, -65.74999999999998579 ) ) ;
#1924 = EDGE_CURVE ( 'NONE', #262, #1166, #2160, .T. ) ;
#1925 = EDGE_CURVE ( 'NONE', #1369, #1492, #1367, .T. ) ;
#1926 = ORIENTED_EDGE ( 'NONE', *, *, #218, .F. ) ;
#1927 = ORIENTED_EDGE ( 'NONE', *, *, #798, .F. ) ;
#1928 = ORIENTED_EDGE ( 'NONE', *, *, #2074, .T. ) ;
#1929 = CARTESIAN_POINT ( 'NONE',  ( -67.25000000000000000, 0.000000000000000000, -67.25000000000000000 ) ) ;
#1930 = LINE ( 'NONE', #809, #341 ) ;
#1931 = LOCAL_TIME ( 22, 24, 49.00000000000000000, #977 ) ;
#1932 = AXIS2_PLACEMENT_3D ( 'NONE', #102, #647, #304 ) ;
#1933 = CARTESIAN_POINT ( 'NONE',  ( 62.25000000000000000, 5.000000000000004441, 35.94999999999998153 ) ) ;
#1934 = DIRECTION ( 'NONE',  ( 0.000000000000000000, 1.000000000000000000, -0.000000000000000000 ) ) ;
#1935 = ORIENTED_EDGE ( 'NONE', *, *, #151, .F. ) ;
#1936 = DIRECTION ( 'NONE',  ( 0.000000000000000000, 1.000000000000000000, -0.000000000000000000 ) ) ;
#1937 = ORIENTED_EDGE ( 'NONE', *, *, #1382, .F. ) ;
#1938 = EDGE_CURVE ( 'NONE', #1525, #1022, #1980, .T. ) ;
#1939 = ORIENTED_EDGE ( 'NONE', *, *, #1855, .T. ) ;
#1940 = ORIENTED_EDGE ( 'NONE', *, *, #181, .T. ) ;
#1941 = FACE_OUTER_BOUND ( 'NONE', #1347, .T. ) ;
#1942 = CARTESIAN_POINT ( 'NONE',  ( 0.000000000000000000, 5.000000000000004441, 62.25000000000000000 ) ) ;
#1943 = DATE_TIME_ROLE ( 'classification_date' ) ;
#1944 = AXIS2_PLACEMENT_3D ( 'NONE', #1666, #715, #1467 ) ;
#1945 = LINE ( 'NONE', #1375, #928 ) ;
#1946 = PLANE ( 'NONE',  #1726 ) ;
#1947 = VECTOR ( 'NONE', #1051, 1000.000000000000000 ) ;
#1948 = DIRECTION ( 'NONE',  ( 6.938893903907221278E-15, 0.000000000000000000, 1.000000000000000000 ) ) ;
#1949 = ORIENTED_EDGE ( 'NONE', *, *, #2364, .T. ) ;
#1950 = ADVANCED_FACE ( 'NONE', ( #141, #306 ), #867, .F. ) ;
#1951 = EDGE_CURVE ( 'NONE', #1264, #695, #1991, .T. ) ;
#1952 = DIRECTION ( 'NONE',  ( -0.000000000000000000, -1.000000000000000000, -0.000000000000000000 ) ) ;
#1953 = CARTESIAN_POINT ( 'NONE',  ( 67.74999999999998579, 4.100000000000000533, 55.74999999999999289 ) ) ;
#1954 = ADVANCED_FACE ( 'NONE', ( #2387 ), #1617, .F. ) ;
#1955 = PLANE ( 'NONE',  #623 ) ;
#1956 = LINE ( 'NONE', #865, #1096 ) ;
#1957 = AXIS2_PLACEMENT_3D ( 'NONE', #1923, #981, #1730 ) ;
#1958 = ORIENTED_EDGE ( 'NONE', *, *, #295, .T. ) ;
#1959 = LINE ( 'NONE', #87, #1107 ) ;
#1960 = EDGE_LOOP ( 'NONE', ( #825, #464, #1578, #1662 ) ) ;
#1961 = ORIENTED_EDGE ( 'NONE', *, *, #2276, .T. ) ;
#1962 = CARTESIAN_POINT ( 'NONE',  ( 64.30000000000003979, 189.0178641211801107, 54.37250226860439284 ) ) ;
#1963 = ORIENTED_EDGE ( 'NONE', *, *, #652, .T. ) ;
#1964 = ADVANCED_FACE ( 'NONE', ( #2377 ), #1434, .F. ) ;
#1965 = CARTESIAN_POINT ( 'NONE',  ( -62.25000000000000000, 189.0178641211801107, 0.000000000000000000 ) ) ;
#1966 = DIRECTION ( 'NONE',  ( 0.000000000000000000, 0.000000000000000000, 1.000000000000000000 ) ) ;
#1967 = LINE ( 'NONE', #125, #1608 ) ;
#1968 = ORIENTED_EDGE ( 'NONE', *, *, #1546, .T. ) ;
#1969 = FACE_OUTER_BOUND ( 'NONE', #892, .T. ) ;
#1970 = VECTOR ( 'NONE', #2262, 1000.000000000000000 ) ;
#1971 = AXIS2_PLACEMENT_3D ( 'NONE', #612, #299, #1589 ) ;
#1972 = ORIENTED_EDGE ( 'NONE', *, *, #1496, .F. ) ;
#1973 = DIRECTION ( 'NONE',  ( -1.000000000000000000, -0.000000000000000000, -0.000000000000000000 ) ) ;
#1974 = CARTESIAN_POINT ( 'NONE',  ( -67.50000000000001421, 4.100000000000000533, -8.549841925767509355E-15 ) ) ;
#1975 = CARTESIAN_POINT ( 'NONE',  ( -39.57413793103354749, 3.149999999999999911, 16.96034482758643591 ) ) ;
#1976 = DIRECTION ( 'NONE',  ( 0.000000000000000000, 0.000000000000000000, 1.000000000000000000 ) ) ;
#1977 = VECTOR ( 'NONE', #2232, 1000.000000000000000 ) ;
#1978 = EDGE_CURVE ( 'NONE', #779, #648, #2015, .T. ) ;
#1979 = CARTESIAN_POINT ( 'NONE',  ( 0.000000000000000000, 3.149999999999999911, 62.25000000000000000 ) ) ;
#1980 = LINE ( 'NONE', #1777, #2233 ) ;
#1981 = ADVANCED_FACE ( 'NONE', ( #742 ), #1328, .F. ) ;
#1982 = ORIENTED_EDGE ( 'NONE', *, *, #1435, .F. ) ;
#1983 = DIRECTION ( 'NONE',  ( -1.387778780781444492E-15, 0.000000000000000000, 1.000000000000000000 ) ) ;
#1984 = VECTOR ( 'NONE', #2203, 1000.000000000000000 ) ;
#1985 = CARTESIAN_POINT ( 'NONE',  ( 67.50000000000000000, 4.100000000000000533, 54.78175416344813442 ) ) ;
#1986 = PLANE ( 'NONE',  #687 ) ;
#1987 = CARTESIAN_POINT ( 'NONE',  ( 67.25000000000000000, 2.100000000000000089, 69.75000000000000000 ) ) ;
#1988 = ORIENTED_EDGE ( 'NONE', *, *, #441, .F. ) ;
#1989 = EDGE_CURVE ( 'NONE', #1885, #1338, #176, .T. ) ;
#1990 = FACE_OUTER_BOUND ( 'NONE', #1653, .T. ) ;
#1991 = LINE ( 'NONE', #1629, #350 ) ;
#1992 = CIRCLE ( 'NONE', #542, 2.000000000000001776 ) ;
#1993 = EDGE_CURVE ( 'NONE', #1123, #707, #1171, .T. ) ;
#1994 = CIRCLE ( 'NONE', #510, 2.500000000000002220 ) ;
#1995 = ORIENTED_EDGE ( 'NONE', *, *, #968, .F. ) ;
#1996 = CARTESIAN_POINT ( 'NONE',  ( 67.25000000000000000, 0.000000000000000000, 69.75000000000000000 ) ) ;
#1997 = PRODUCT ( 'Sinar_Lensboard_simplified_blank', 'Sinar_Lensboard_simplified_blank', '', ( #2393 ) ) ;
#1998 = FACE_OUTER_BOUND ( 'NONE', #2328, .T. ) ;
#1999 = CARTESIAN_POINT ( 'NONE',  ( -67.25000000000000000, 0.000000000000000000, -69.75000000000000000 ) ) ;
#2000 = DIRECTION ( 'NONE',  ( -1.000000000000000000, 0.000000000000000000, -0.000000000000000000 ) ) ;
#2001 = CARTESIAN_POINT ( 'NONE',  ( -55.75000000000000000, 4.100000000000000533, 65.75000000000000000 ) ) ;
#2002 = LINE ( 'NONE', #1218, #1918 ) ;
#2003 = CC_DESIGN_APPROVAL ( #1639, ( #1611 ) ) ;
#2004 = ORIENTED_EDGE ( 'NONE', *, *, #1779, .T. ) ;
#2005 = CIRCLE ( 'NONE', #943, 1.999999999999932498 ) ;
#2006 = CC_DESIGN_DATE_AND_TIME_ASSIGNMENT ( #613, #1943, ( #2396 ) ) ;
#2007 = VERTEX_POINT ( 'NONE', #2040 ) ;
#2008 = DIRECTION ( 'NONE',  ( -0.000000000000000000, -1.000000000000000000, -0.000000000000000000 ) ) ;
#2009 = ORIENTED_EDGE ( 'NONE', *, *, #4, .F. ) ;
#2010 = ORIENTED_EDGE ( 'NONE', *, *, #1734, .T. ) ;
#2011 = DIRECTION ( 'NONE',  ( 1.000000000000000000, 0.000000000000000000, 0.000000000000000000 ) ) ;
#2012 = CARTESIAN_POINT ( 'NONE',  ( -16.96034482758659578, 189.0178641211801107, -39.57413793103288668 ) ) ;
#2013 = PERSON_AND_ORGANIZATION_ROLE ( 'classification_officer' ) ;
#2014 = LINE ( 'NONE', #899, #1162 ) ;
#2015 = LINE ( 'NONE', #340, #1210 ) ;
#2016 = VECTOR ( 'NONE', #2082, 1000.000000000000000 ) ;
#2017 = ORIENTED_EDGE ( 'NONE', *, *, #104, .F. ) ;
#2018 = ADVANCED_FACE ( 'NONE', ( #1495 ), #2256, .F. ) ;
#2019 = CARTESIAN_POINT ( 'NONE',  ( -64.30000000000003979, 2.200000000000035261, -54.37250226860447100 ) ) ;
#2020 = ORIENTED_EDGE ( 'NONE', *, *, #857, .F. ) ;
#2021 = EDGE_LOOP ( 'NONE', ( #596, #792, #992, #1714 ) ) ;
#2022 = AXIS2_PLACEMENT_3D ( 'NONE', #1453, #531, #1840 ) ;
#2023 = FACE_OUTER_BOUND ( 'NONE', #1535, .T. ) ;
#2024 = CARTESIAN_POINT ( 'NONE',  ( 67.75000000000000000, 4.100000000000000533, -55.75000000000000711 ) ) ;
#2025 = EDGE_CURVE ( 'NONE', #635, #2302, #1282, .T. ) ;
#2026 = PLANE ( 'NONE',  #384 ) ;
#2027 = LINE ( 'NONE', #352, #1562 ) ;
#2028 = DIRECTION ( 'NONE',  ( -1.387778780781446662E-15, 0.000000000000000000, -1.000000000000000000 ) ) ;
#2029 = AXIS2_PLACEMENT_3D ( 'NONE', #554, #1507, #1647 ) ;
#2030 = EDGE_LOOP ( 'NONE', ( #1514, #2124, #179, #1586 ) ) ;
#2031 = CARTESIAN_POINT ( 'NONE',  ( 65.75000000000000000, 2.200000000000000622, -55.75000000000000711 ) ) ;
#2032 = ORIENTED_EDGE ( 'NONE', *, *, #1627, .F. ) ;
#2033 = VERTEX_POINT ( 'NONE', #1299 ) ;
#2034 = CARTESIAN_POINT ( 'NONE',  ( 0.000000000000000000, 0.000000000000000000, 0.000000000000000000 ) ) ;
#2035 = DIRECTION ( 'NONE',  ( 1.000000000000000000, 0.000000000000000000, 0.000000000000000000 ) ) ;
#2036 = COORDINATED_UNIVERSAL_TIME_OFFSET ( 8, 0, .AHEAD. ) ;
#2037 = EDGE_CURVE ( 'NONE', #345, #1456, #378, .T. ) ;
#2038 = EDGE_CURVE ( 'NONE', #169, #1389, #532, .T. ) ;
#2039 = CARTESIAN_POINT ( 'NONE',  ( -67.25000000000000000, 4.100000000000000533, 69.75000000000000000 ) ) ;
#2040 = CARTESIAN_POINT ( 'NONE',  ( -54.37250226860434310, 2.200000000000035261, 64.30000000000005400 ) ) ;
#2041 = DIRECTION ( 'NONE',  ( 1.000000000000000000, 0.000000000000000000, -0.000000000000000000 ) ) ;
#2042 = VECTOR ( 'NONE', #2166, 1000.000000000000000 ) ;
#2043 = VERTEX_POINT ( 'NONE', #1315 ) ;
#2044 = LINE ( 'NONE', #1872, #487 ) ;
#2045 = VERTEX_POINT ( 'NONE', #163 ) ;
#2046 = CARTESIAN_POINT ( 'NONE',  ( 62.25000000000000000, 3.149999999999986144, -62.25000000000000000 ) ) ;
#2047 = CARTESIAN_POINT ( 'NONE',  ( -67.74999999999945999, 4.100000000000000533, 5.641320743876531233E-13 ) ) ;
#2048 = PERSON_AND_ORGANIZATION ( #999, #1378 ) ;
#2049 = ORIENTED_EDGE ( 'NONE', *, *, #1120, .T. ) ;
#2050 = LINE ( 'NONE', #390, #1237 ) ;
#2051 = DIRECTION ( 'NONE',  ( 0.000000000000000000, -1.000000000000000000, 0.000000000000000000 ) ) ;
#2052 = LINE ( 'NONE', #546, #2406 ) ;
#2053 = EDGE_CURVE ( 'NONE', #1007, #666, #1841, .T. ) ;
#2054 = VECTOR ( 'NONE', #1368, 1000.000000000000000 ) ;
#2055 = ORIENTED_EDGE ( 'NONE', *, *, #1339, .F. ) ;
#2056 = ORIENTED_EDGE ( 'NONE', *, *, #2287, .T. ) ;
#2057 = LINE ( 'NONE', #1886, #417 ) ;
#2058 = VECTOR ( 'NONE', #347, 1000.000000000000000 ) ;
#2059 = ORIENTED_EDGE ( 'NONE', *, *, #1011, .F. ) ;
#2060 = DIRECTION ( 'NONE',  ( 8.326672684688672475E-15, 0.000000000000000000, 1.000000000000000000 ) ) ;
#2061 = CARTESIAN_POINT ( 'NONE',  ( -54.37250226860447810, 2.200000000000007283, -64.30000000000002558 ) ) ;
#2062 = CALENDAR_DATE ( 2026, 14, 9 ) ;
#2063 = VERTEX_POINT ( 'NONE', #2065 ) ;
#2064 = FACE_OUTER_BOUND ( 'NONE', #1254, .T. ) ;
#2065 = CARTESIAN_POINT ( 'NONE',  ( 63.75000000000000000, 5.000000000000004441, -63.75000000000000000 ) ) ;
#2066 = AXIS2_PLACEMENT_3D ( 'NONE', #160, #1408, #1225 ) ;
#2067 = CARTESIAN_POINT ( 'NONE',  ( -1.769417945496345003E-13, 2.200000000000000622, -63.75000000000020606 ) ) ;
#2068 = ADVANCED_FACE ( 'NONE', ( #729, #914 ), #361, .T. ) ;
#2069 = EDGE_CURVE ( 'NONE', #2199, #372, #153, .T. ) ;
#2070 = VERTEX_POINT ( 'NONE', #1100 ) ;
#2071 = CARTESIAN_POINT ( 'NONE',  ( -67.74999999999991473, 4.100000000000000533, -55.75000000000000000 ) ) ;
#2072 = ORIENTED_EDGE ( 'NONE', *, *, #1443, .T. ) ;
#2073 = ORIENTED_EDGE ( 'NONE', *, *, #2292, .T. ) ;
#2074 = EDGE_CURVE ( 'NONE', #2199, #18, #1883, .T. ) ;
#2075 = DIRECTION ( 'NONE',  ( -0.000000000000000000, -1.000000000000000000, -0.000000000000000000 ) ) ;
#2076 = CARTESIAN_POINT ( 'NONE',  ( 62.25000000000000000, 189.0178641211801107, 0.000000000000000000 ) ) ;
#2077 = APPROVAL_ROLE ( '' ) ;
#2078 = CARTESIAN_POINT ( 'NONE',  ( 55.74999999999999289, 5.000000000000004441, -63.75000000000000000 ) ) ;
#2079 = DIRECTION ( 'NONE',  ( 0.000000000000000000, 0.000000000000000000, 1.000000000000000000 ) ) ;
#2080 = CARTESIAN_POINT ( 'NONE',  ( -39.57413793103354749, 189.0178641211801107, 16.96034482758643236 ) ) ;
#2081 = ORIENTED_EDGE ( 'NONE', *, *, #861, .T. ) ;
#2082 = DIRECTION ( 'NONE',  ( -0.000000000000000000, -1.000000000000000000, -0.000000000000000000 ) ) ;
#2083 = EDGE_CURVE ( 'NONE', #945, #858, #1597, .T. ) ;
#2084 = ADVANCED_FACE ( 'NONE', ( #1692 ), #26, .F. ) ;
#2085 = ORIENTED_EDGE ( 'NONE', *, *, #795, .F. ) ;
#2086 = EDGE_LOOP ( 'NONE', ( #1399, #1710, #2285, #1744 ) ) ;
#2087 = LINE ( 'NONE', #59, #2260 ) ;
#2088 = DIRECTION ( 'NONE',  ( 0.000000000000000000, 0.000000000000000000, -1.000000000000000000 ) ) ;
#2089 = ORIENTED_EDGE ( 'NONE', *, *, #266, .F. ) ;
#2090 = EDGE_CURVE ( 'NONE', #1683, #283, #1992, .T. ) ;
#2091 = VECTOR ( 'NONE', #1092, 1000.000000000000000 ) ;
#2092 = CARTESIAN_POINT ( 'NONE',  ( 62.25000000000000000, 3.149999999999986144, 35.94999999999998153 ) ) ;
#2093 = CARTESIAN_POINT ( 'NONE',  ( 67.49999999999998579, 2.200000000000007283, 54.78175416344814153 ) ) ;
#2094 = VECTOR ( 'NONE', #1437, 1000.000000000000000 ) ;
#2095 = CARTESIAN_POINT ( 'NONE',  ( -63.74999999999997158, 5.000000000000004441, 55.75000000000000000 ) ) ;
#2096 = ORIENTED_EDGE ( 'NONE', *, *, #1068, .T. ) ;
#2097 = ORIENTED_EDGE ( 'NONE', *, *, #903, .T. ) ;
#2098 = VECTOR ( 'NONE', #944, 1000.000000000000000 ) ;
#2099 = ORIENTED_EDGE ( 'NONE', *, *, #1135, .T. ) ;
#2100 = VECTOR ( 'NONE', #734, 1000.000000000000000 ) ;
#2101 = EDGE_CURVE ( 'NONE', #398, #223, #847, .T. ) ;
#2102 = DIRECTION ( 'NONE',  ( -0.000000000000000000, -1.000000000000000000, -0.000000000000000000 ) ) ;
#2103 = CARTESIAN_POINT ( 'NONE',  ( 65.75000000000000000, 4.100000000000000533, 55.74999999999999289 ) ) ;
#2104 = VECTOR ( 'NONE', #2075, 1000.000000000000000 ) ;
#2105 = EDGE_CURVE ( 'NONE', #1523, #2131, #2027, .T. ) ;
#2106 = DIRECTION ( 'NONE',  ( -6.938893903907221278E-15, 0.000000000000000000, -1.000000000000000000 ) ) ;
#2107 = CARTESIAN_POINT ( 'NONE',  ( 35.95000000000002416, 189.0178641211801107, -62.25000000000001421 ) ) ;
#2108 = ADVANCED_FACE ( 'NONE', ( #1287 ), #246, .T. ) ;
#2109 = AXIS2_PLACEMENT_3D ( 'NONE', #1077, #328, #2230 ) ;
#2110 = CARTESIAN_POINT ( 'NONE',  ( -63.74999999999997158, 5.000000000000004441, 55.75000000000000000 ) ) ;
#2111 = VERTEX_POINT ( 'NONE', #233 ) ;
#2112 = EDGE_LOOP ( 'NONE', ( #768, #389, #1426, #1173 ) ) ;
#2113 = EDGE_LOOP ( 'NONE', ( #2059, #1436, #1762, #2009 ) ) ;
#2114 = EDGE_LOOP ( 'NONE', ( #1359, #2209, #2279, #722 ) ) ;
#2115 = ORIENTED_EDGE ( 'NONE', *, *, #1253, .F. ) ;
#2116 = UNCERTAINTY_MEASURE_WITH_UNIT (LENGTH_MEASURE( 1.000000000000000082E-05 ), #938, 'distance_accuracy_value', 'NONE');
#2117 = CARTESIAN_POINT ( 'NONE',  ( 63.75000000000000000, 2.200000000000007283, -63.75000000000000000 ) ) ;
#2118 = PLANE ( 'NONE',  #1510 ) ;
#2119 = AXIS2_PLACEMENT_3D ( 'NONE', #2244, #1853, #1678 ) ;
#2120 = DIRECTION ( 'NONE',  ( -0.3939192985791737378, 0.000000000000000000, -0.9191450300180552535 ) ) ;
#2121 = CARTESIAN_POINT ( 'NONE',  ( 65.75000000000000000, 2.200000000000000622, -55.75000000000000711 ) ) ;
#2122 = CIRCLE ( 'NONE', #2236, 2.000000000000015543 ) ;
#2123 = EDGE_CURVE ( 'NONE', #2161, #513, #1128, .T. ) ;
#2124 = ORIENTED_EDGE ( 'NONE', *, *, #937, .F. ) ;
#2125 = CARTESIAN_POINT ( 'NONE',  ( 0.000000000000000000, 5.000000000000004441, 62.25000000000000000 ) ) ;
#2126 = ORIENTED_EDGE ( 'NONE', *, *, #2238, .F. ) ;
#2127 = ORIENTED_EDGE ( 'NONE', *, *, #1854, .F. ) ;
#2128 = DIRECTION ( 'NONE',  ( 0.000000000000000000, 0.000000000000000000, 1.000000000000000000 ) ) ;
#2129 = LINE ( 'NONE', #1917, #1076 ) ;
#2130 = LOCAL_TIME ( 22, 24, 49.00000000000000000, #1295 ) ;
#2131 = VERTEX_POINT ( 'NONE', #74 ) ;
#2132 = VECTOR ( 'NONE', #1004, 1000.000000000000000 ) ;
#2133 = FACE_OUTER_BOUND ( 'NONE', #422, .T. ) ;
#2134 = CARTESIAN_POINT ( 'NONE',  ( 67.75000000000048317, 4.100000000000000533, -4.701100619897175499E-13 ) ) ;
#2135 = ORIENTED_EDGE ( 'NONE', *, *, #1599, .F. ) ;
#2136 = EDGE_CURVE ( 'NONE', #1735, #2043, #1920, .T. ) ;
#2137 = CC_DESIGN_PERSON_AND_ORGANIZATION_ASSIGNMENT ( #753, #1503, ( #1997 ) ) ;
#2138 = DIRECTION ( 'NONE',  ( -0.000000000000000000, -1.000000000000000000, -0.000000000000000000 ) ) ;
#2139 = ORIENTED_EDGE ( 'NONE', *, *, #1201, .F. ) ;
#2140 = EDGE_CURVE ( 'NONE', #2043, #2268, #1832, .T. ) ;
#2141 = DIRECTION ( 'NONE',  ( -0.000000000000000000, -1.000000000000000000, -0.000000000000000000 ) ) ;
#2142 = DIRECTION ( 'NONE',  ( -0.000000000000000000, -1.000000000000000000, -0.000000000000000000 ) ) ;
#2143 = AXIS2_PLACEMENT_3D ( 'NONE', #249, #1355, #1948 ) ;
#2144 = CARTESIAN_POINT ( 'NONE',  ( 65.75000000000000000, 4.100000000000000533, 55.74999999999999289 ) ) ;
#2145 = CARTESIAN_POINT ( 'NONE',  ( -63.75000000000005684, 5.000000000000004441, -55.75000000000000711 ) ) ;
#2146 = CARTESIAN_POINT ( 'NONE',  ( 63.00000000000002842, 5.000000000000004441, 0.000000000000000000 ) ) ;
#2147 = CARTESIAN_POINT ( 'NONE',  ( 55.74999999999999289, 2.200000000000007283, -63.75000000000000000 ) ) ;
#2148 = VECTOR ( 'NONE', #1490, 1000.000000000000000 ) ;
#2149 = ORIENTED_EDGE ( 'NONE', *, *, #1648, .F. ) ;
#2150 = VECTOR ( 'NONE', #854, 1000.000000000000000 ) ;
#2151 = AXIS2_PLACEMENT_3D ( 'NONE', #216, #2415, #1518 ) ;
#2152 = EDGE_CURVE ( 'NONE', #549, #998, #743, .T. ) ;
#2153 = ADVANCED_FACE ( 'NONE', ( #1728 ), #1946, .T. ) ;
#2154 = ORIENTED_EDGE ( 'NONE', *, *, #536, .T. ) ;
#2155 = DIRECTION ( 'NONE',  ( 0.9191450300180552535, -0.000000000000000000, 0.3939192985791737933 ) ) ;
#2156 = CARTESIAN_POINT ( 'NONE',  ( 67.75000000000000000, 2.200000000000000622, 67.74999999999998579 ) ) ;
#2157 = LINE ( 'NONE', #1422, #2247 ) ;
#2158 = VECTOR ( 'NONE', #1664, 1000.000000000000000 ) ;
#2159 = ORIENTED_EDGE ( 'NONE', *, *, #1334, .F. ) ;
#2160 = LINE ( 'NONE', #1411, #776 ) ;
#2161 = VERTEX_POINT ( 'NONE', #1194 ) ;
#2162 = DIRECTION ( 'NONE',  ( 0.9191450300180539212, 0.000000000000000000, -0.3939192985791769019 ) ) ;
#2163 = EDGE_CURVE ( 'NONE', #283, #2063, #63, .T. ) ;
#2164 = FACE_OUTER_BOUND ( 'NONE', #2114, .T. ) ;
#2165 = CARTESIAN_POINT ( 'NONE',  ( 16.96034482758638973, 5.000000000000004441, 39.57413793103380328 ) ) ;
#2166 = DIRECTION ( 'NONE',  ( 1.266643248261853775E-16, -0.000000000000000000, -1.000000000000000000 ) ) ;
#2167 = AXIS2_PLACEMENT_3D ( 'NONE', #2121, #1155, #1717 ) ;
#2168 = VERTEX_POINT ( 'NONE', #967 ) ;
#2169 = PLANE ( 'NONE',  #621 ) ;
#2170 = ORIENTED_EDGE ( 'NONE', *, *, #544, .F. ) ;
#2171 = DIRECTION ( 'NONE',  ( 0.3939192985791737933, 0.000000000000000000, -0.9191450300180552535 ) ) ;
#2172 = ORIENTED_EDGE ( 'NONE', *, *, #367, .T. ) ;
#2173 = EDGE_CURVE ( 'NONE', #858, #1711, #1560, .T. ) ;
#2174 = DIRECTION ( 'NONE',  ( -0.3939192985791800106, 0.000000000000000000, 0.9191450300180527000 ) ) ;
#2175 = DIRECTION ( 'NONE',  ( -0.000000000000000000, -1.000000000000000000, -0.000000000000000000 ) ) ;
#2176 = CARTESIAN_POINT ( 'NONE',  ( -67.25000000000000000, 0.000000000000000000, 67.25000000000000000 ) ) ;
#2177 = AXIS2_PLACEMENT_3D ( 'NONE', #1008, #1191, #1149 ) ;
#2178 = EDGE_CURVE ( 'NONE', #1504, #549, #1388, .T. ) ;
#2179 = EDGE_CURVE ( 'NONE', #1487, #432, #220, .T. ) ;
#2180 = AXIS2_PLACEMENT_3D ( 'NONE', #709, #2265, #399 ) ;
#2181 = DIRECTION ( 'NONE',  ( 0.000000000000000000, 1.000000000000000000, -0.000000000000000000 ) ) ;
#2182 = DIRECTION ( 'NONE',  ( 0.000000000000000000, 0.000000000000000000, 1.000000000000000000 ) ) ;
#2183 = EDGE_LOOP ( 'NONE', ( #1177, #2336, #1633, #791 ) ) ;
#2184 = DIRECTION ( 'NONE',  ( 1.000000000000000000, 0.000000000000000000, -0.000000000000000000 ) ) ;
#2185 = CIRCLE ( 'NONE', #2022, 2.000000000000029310 ) ;
#2186 = ORIENTED_EDGE ( 'NONE', *, *, #857, .T. ) ;
#2187 = CARTESIAN_POINT ( 'NONE',  ( -65.75000000000000000, 4.100000000000000533, 55.75000000000000000 ) ) ;
#2188 = DIRECTION ( 'NONE',  ( -0.9191450300180513677, 0.000000000000000000, -0.3939192985791831192 ) ) ;
#2189 = LINE ( 'NONE', #506, #860 ) ;
#2190 = DIRECTION ( 'NONE',  ( -2.533286496523707549E-16, 0.000000000000000000, -1.000000000000000000 ) ) ;
#2191 = CARTESIAN_POINT ( 'NONE',  ( 0.000000000000000000, 189.0178641211801107, 62.25000000000000000 ) ) ;
#2192 = APPROVAL ( #1311, '未' ) ;
#2193 = AXIS2_PLACEMENT_3D ( 'NONE', #2317, #2298, #85 ) ;
#2194 = ADVANCED_FACE ( 'NONE', ( #626 ), #821, .F. ) ;
#2195 = AXIS2_PLACEMENT_3D ( 'NONE', #636, #978, #1758 ) ;
#2196 = VERTEX_POINT ( 'NONE', #259 ) ;
#2197 = FACE_OUTER_BOUND ( 'NONE', #1723, .T. ) ;
#2198 = ORIENTED_EDGE ( 'NONE', *, *, #544, .T. ) ;
#2199 = VERTEX_POINT ( 'NONE', #592 ) ;
#2200 = CARTESIAN_POINT ( 'NONE',  ( 63.74999999999992895, 189.0178641211801107, -8.847089727481711133E-14 ) ) ;
#2201 = FACE_OUTER_BOUND ( 'NONE', #2113, .T. ) ;
#2202 = DIRECTION ( 'NONE',  ( -0.000000000000000000, -1.000000000000000000, -0.000000000000000000 ) ) ;
#2203 = DIRECTION ( 'NONE',  ( 8.326672684688672475E-15, 0.000000000000000000, 1.000000000000000000 ) ) ;
#2204 = DIRECTION ( 'NONE',  ( -1.000000000000000000, 0.000000000000000000, -0.000000000000000000 ) ) ;
#2205 = LOCAL_TIME ( 22, 24, 49.00000000000000000, #337 ) ;
#2206 = ADVANCED_FACE ( 'NONE', ( #991 ), #1537, .F. ) ;
#2207 = VECTOR ( 'NONE', #689, 1000.000000000000000 ) ;
#2208 = EDGE_CURVE ( 'NONE', #513, #156, #36, .T. ) ;
#2209 = ORIENTED_EDGE ( 'NONE', *, *, #1044, .F. ) ;
#2210 = DIRECTION ( 'NONE',  ( -0.000000000000000000, -1.000000000000000000, -0.000000000000000000 ) ) ;
#2211 = EDGE_LOOP ( 'NONE', ( #2127, #714, #2073, #1212 ) ) ;
#2212 = DIRECTION ( 'NONE',  ( 0.000000000000000000, 0.000000000000000000, 1.000000000000000000 ) ) ;
#2213 = CARTESIAN_POINT ( 'NONE',  ( 1.709968385153502818E-14, 4.100000000000000533, 67.50000000000000000 ) ) ;
#2214 = PERSON_AND_ORGANIZATION_ROLE ( 'creator' ) ;
#2215 = VECTOR ( 'NONE', #255, 1000.000000000000000 ) ;
#2216 = DIRECTION ( 'NONE',  ( 0.000000000000000000, 0.000000000000000000, 1.000000000000000000 ) ) ;
#2217 = DIRECTION ( 'NONE',  ( 0.000000000000000000, 1.000000000000000000, -0.000000000000000000 ) ) ;
#2218 = VECTOR ( 'NONE', #909, 1000.000000000000000 ) ;
#2219 = ORIENTED_EDGE ( 'NONE', *, *, #997, .F. ) ;
#2220 = CARTESIAN_POINT ( 'NONE',  ( -67.50000000000001421, 4.100000000000000533, 54.78175416344816284 ) ) ;
#2221 = EDGE_CURVE ( 'NONE', #2070, #648, #461, .T. ) ;
#2222 = EDGE_CURVE ( 'NONE', #1377, #651, #1354, .T. ) ;
#2223 = VECTOR ( 'NONE', #2314, 1000.000000000000000 ) ;
#2224 = ORIENTED_EDGE ( 'NONE', *, *, #795, .T. ) ;
#2225 = CLOSED_SHELL ( 'NONE', ( #888, #986, #265, #1954, #1350, #1402, #365, #616, #1571, #1300, #333, #682, #664, #332, #1124, #2385, #1493, #2153, #1814, #2206, #234, #759, #2108, #439, #1557, #83, #1419, #1839, #1690, #1302, #2068, #474, #1685, #2084, #1614, #583, #1808, #1981, #1964, #627, #811, #572, #410, #1764, #54, #411, #719, #568, #2358, #1255, #598, #319, #2018, #720, #1757, #1554, #685, #615, #2194, #1075, #1268, #936, #638, #1469, #483, #2359, #1240, #1921, #1669, #1869, #2319, #2331, #1950 ) ) ;
#2226 = CARTESIAN_POINT ( 'NONE',  ( -67.50000000000000000, 4.100000000000000533, -54.78175416344820547 ) ) ;
#2227 = DIRECTION ( 'NONE',  ( 1.000000000000000000, -0.000000000000000000, 5.551115123125785069E-15 ) ) ;
#2228 = APPROVAL_DATE_TIME ( #1463, #1639 ) ;
#2229 = EDGE_CURVE ( 'NONE', #1766, #1199, #1570, .T. ) ;
#2230 = DIRECTION ( 'NONE',  ( 0.000000000000000000, 0.000000000000000000, -1.000000000000000000 ) ) ;
#2231 = DIRECTION ( 'NONE',  ( 0.000000000000000000, -1.000000000000000000, 0.000000000000000000 ) ) ;
#2232 = DIRECTION ( 'NONE',  ( -0.000000000000000000, -1.000000000000000000, -0.000000000000000000 ) ) ;
#2233 = VECTOR ( 'NONE', #1043, 1000.000000000000000 ) ;
#2234 = ORIENTED_EDGE ( 'NONE', *, *, #2332, .F. ) ;
#2235 = DIRECTION ( 'NONE',  ( 0.000000000000000000, 1.000000000000000000, -0.000000000000000000 ) ) ;
#2236 = AXIS2_PLACEMENT_3D ( 'NONE', #1548, #280, #1012 ) ;
#2237 = VERTEX_POINT ( 'NONE', #2145 ) ;
#2238 = EDGE_CURVE ( 'NONE', #750, #844, #1168, .T. ) ;
#2239 = CARTESIAN_POINT ( 'NONE',  ( -64.30000000000001137, 189.0178641211801107, 54.37250226860435021 ) ) ;
#2240 = CARTESIAN_POINT ( 'NONE',  ( -65.74999999999998579, 2.200000000000000622, -55.75000000000000711 ) ) ;
#2241 = PERSON_AND_ORGANIZATION ( #999, #1378 ) ;
#2242 = EDGE_CURVE ( 'NONE', #961, #129, #281, .T. ) ;
#2243 = LINE ( 'NONE', #35, #1553 ) ;
#2244 = CARTESIAN_POINT ( 'NONE',  ( 67.25000000000000000, 4.100000000000000533, -67.25000000000000000 ) ) ;
#2245 = DIRECTION ( 'NONE',  ( -0.000000000000000000, -1.000000000000000000, -0.000000000000000000 ) ) ;
#2246 = ORIENTED_EDGE ( 'NONE', *, *, #1227, .F. ) ;
#2247 = VECTOR ( 'NONE', #1594, 1000.000000000000000 ) ;
#2248 = EDGE_LOOP ( 'NONE', ( #285, #1017, #557, #747 ) ) ;
#2249 = DIRECTION ( 'NONE',  ( -0.000000000000000000, -1.000000000000000000, -0.000000000000000000 ) ) ;
#2250 = ORIENTED_EDGE ( 'NONE', *, *, #1444, .F. ) ;
#2251 = ORIENTED_EDGE ( 'NONE', *, *, #1134, .F. ) ;
#2252 = PLANE ( 'NONE',  #804 ) ;
#2253 = DIRECTION ( 'NONE',  ( 1.000000000000000000, 0.000000000000000000, -2.775557561562884646E-15 ) ) ;
#2254 = ORIENTED_EDGE ( 'NONE', *, *, #442, .F. ) ;
#2255 = CARTESIAN_POINT ( 'NONE',  ( -69.75000000000000000, 2.100000000000000089, 69.75000000000000000 ) ) ;
#2256 = PLANE ( 'NONE',  #2029 ) ;
#2257 = EDGE_CURVE ( 'NONE', #1609, #253, #17, .T. ) ;
#2258 = EDGE_CURVE ( 'NONE', #236, #129, #1967, .T. ) ;
#2259 = CARTESIAN_POINT ( 'NONE',  ( 4.701100619897174489E-13, 4.100000000000000533, 67.75000000000046896 ) ) ;
#2260 = VECTOR ( 'NONE', #1736, 1000.000000000000000 ) ;
#2261 = ORIENTED_EDGE ( 'NONE', *, *, #1587, .T. ) ;
#2262 = DIRECTION ( 'NONE',  ( -1.000000000000000000, 0.000000000000000000, 0.000000000000000000 ) ) ;
#2263 = VECTOR ( 'NONE', #1696, 1000.000000000000000 ) ;
#2264 = ORIENTED_EDGE ( 'NONE', *, *, #393, .T. ) ;
#2265 = DIRECTION ( 'NONE',  ( 0.000000000000000000, 1.000000000000000000, -0.000000000000000000 ) ) ;
#2266 = DIRECTION ( 'NONE',  ( -0.000000000000000000, -1.000000000000000000, -0.000000000000000000 ) ) ;
#2267 = PERSON_AND_ORGANIZATION ( #999, #1378 ) ;
#2268 = VERTEX_POINT ( 'NONE', #1236 ) ;
#2269 = VECTOR ( 'NONE', #710, 1000.000000000000000 ) ;
#2270 = CARTESIAN_POINT ( 'NONE',  ( 65.75000000000000000, 5.000000000000004441, 55.74999999999999289 ) ) ;
#2271 = DIRECTION ( 'NONE',  ( -0.000000000000000000, -1.000000000000000000, -0.000000000000000000 ) ) ;
#2272 = AXIS2_PLACEMENT_3D ( 'NONE', #923, #1902, #2253 ) ;
#2273 = APPROVAL ( #228, '未' ) ;
#2274 = DIRECTION ( 'NONE',  ( 0.000000000000000000, 0.000000000000000000, -1.000000000000000000 ) ) ;
#2275 = ORIENTED_EDGE ( 'NONE', *, *, #1598, .T. ) ;
#2276 = EDGE_CURVE ( 'NONE', #501, #1022, #1956, .T. ) ;
#2277 = CIRCLE ( 'NONE', #1957, 1.999999999999932498 ) ;
#2278 = CARTESIAN_POINT ( 'NONE',  ( 55.74999999999999289, 2.200000000000000622, -65.75000000000000000 ) ) ;
#2279 = ORIENTED_EDGE ( 'NONE', *, *, #2332, .T. ) ;
#2280 = FACE_OUTER_BOUND ( 'NONE', #2183, .T. ) ;
#2281 = LINE ( 'NONE', #752, #2269 ) ;
#2282 = ORIENTED_EDGE ( 'NONE', *, *, #58, .F. ) ;
#2283 = PLANE ( 'NONE',  #76 ) ;
#2284 = DIRECTION ( 'NONE',  ( -0.000000000000000000, -1.000000000000000000, -0.000000000000000000 ) ) ;
#2285 = ORIENTED_EDGE ( 'NONE', *, *, #2242, .F. ) ;
#2286 = CARTESIAN_POINT ( 'NONE',  ( -1.880440247958853084E-13, 4.100000000000000533, -67.74999999999985789 ) ) ;
#2287 = EDGE_CURVE ( 'NONE', #2268, #1118, #1615, .T. ) ;
#2288 = ORIENTED_EDGE ( 'NONE', *, *, #1702, .T. ) ;
#2289 = ORIENTED_EDGE ( 'NONE', *, *, #1153, .T. ) ;
#2290 = LINE ( 'NONE', #1529, #1072 ) ;
#2291 = PRODUCT_DEFINITION_FORMATION_WITH_SPECIFIED_SOURCE ( '�', '', #1997, .NOT_KNOWN. ) ;
#2292 = EDGE_CURVE ( 'NONE', #877, #1049, #252, .T. ) ;
#2293 = ORIENTED_EDGE ( 'NONE', *, *, #971, .T. ) ;
#2294 = LINE ( 'NONE', #445, #1650 ) ;
#2295 = CARTESIAN_POINT ( 'NONE',  ( -62.25000000000000000, 5.000000000000004441, -35.95000000000000995 ) ) ;
#2296 = VERTEX_POINT ( 'NONE', #1759 ) ;
#2297 = DIRECTION ( 'NONE',  ( -1.000000000000000000, 0.000000000000000000, 0.000000000000000000 ) ) ;
#2298 = DIRECTION ( 'NONE',  ( -1.000000000000000000, 0.000000000000000000, 1.387778780781446464E-15 ) ) ;
#2299 = CARTESIAN_POINT ( 'NONE',  ( 8.095376221225095567E-14, 189.0178641211801107, 62.99999999999998579 ) ) ;
#2300 = VERTEX_POINT ( 'NONE', #1053 ) ;
#2301 = ORIENTED_EDGE ( 'NONE', *, *, #584, .T. ) ;
#2302 = VERTEX_POINT ( 'NONE', #1799 ) ;
#2303 = AXIS2_PLACEMENT_3D ( 'NONE', #178, #1693, #27 ) ;
#2304 = ORIENTED_EDGE ( 'NONE', *, *, #1115, .F. ) ;
#2305 = DIRECTION ( 'NONE',  ( -0.000000000000000000, -1.000000000000000000, -0.000000000000000000 ) ) ;
#2306 = FACE_OUTER_BOUND ( 'NONE', #194, .T. ) ;
#2307 = CARTESIAN_POINT ( 'NONE',  ( 39.57413793103403066, 189.0178641211801107, -16.96034482758632578 ) ) ;
#2308 = DIRECTION ( 'NONE',  ( -0.000000000000000000, -1.000000000000000000, -0.000000000000000000 ) ) ;
#2309 = ORIENTED_EDGE ( 'NONE', *, *, #198, .T. ) ;
#2310 = VECTOR ( 'NONE', #543, 1000.000000000000000 ) ;
#2311 = DIRECTION ( 'NONE',  ( 1.000000000000000000, 0.000000000000000000, -1.276177040671872244E-16 ) ) ;
#2312 = VERTEX_POINT ( 'NONE', #2363 ) ;
#2313 = DIRECTION ( 'NONE',  ( 0.000000000000000000, -1.000000000000000000, 0.000000000000000000 ) ) ;
#2314 = DIRECTION ( 'NONE',  ( 1.000000000000000000, 0.000000000000000000, 0.000000000000000000 ) ) ;
#2315 = CIRCLE ( 'NONE', #1401, 2.500000000000002220 ) ;
#2316 = DIRECTION ( 'NONE',  ( 1.000000000000000000, -0.000000000000000000, 1.266643248261853035E-16 ) ) ;
#2317 = CARTESIAN_POINT ( 'NONE',  ( 67.74999999999990052, 4.100000000000000533, -9.402201239794288141E-14 ) ) ;
#2318 = AXIS2_PLACEMENT_3D ( 'NONE', #475, #272, #1387 ) ;
#2319 = ADVANCED_FACE ( 'NONE', ( #93 ), #1580, .F. ) ;
#2320 = LINE ( 'NONE', #2125, #802 ) ;
#2321 = ORIENTED_EDGE ( 'NONE', *, *, #2074, .F. ) ;
#2322 = DIRECTION ( 'NONE',  ( 0.000000000000000000, 1.000000000000000000, -0.000000000000000000 ) ) ;
#2323 = CARTESIAN_POINT ( 'NONE',  ( -55.75000000000000711, 5.000000000000004441, -63.75000000000005684 ) ) ;
#2324 = CC_DESIGN_SECURITY_CLASSIFICATION ( #2396, ( #2291 ) ) ;
#2325 = VECTOR ( 'NONE', #2373, 1000.000000000000000 ) ;
#2326 = LINE ( 'NONE', #1003, #1792 ) ;
#2327 = DIRECTION ( 'NONE',  ( -0.000000000000000000, 0.000000000000000000, 1.000000000000000000 ) ) ;
#2328 = EDGE_LOOP ( 'NONE', ( #1927, #492, #2186, #1208 ) ) ;
#2329 = ORIENTED_EDGE ( 'NONE', *, *, #1119, .F. ) ;
#2330 = FACE_OUTER_BOUND ( 'NONE', #1321, .T. ) ;
#2331 = ADVANCED_FACE ( 'NONE', ( #1026 ), #1773, .F. ) ;
#2332 = EDGE_CURVE ( 'NONE', #2168, #1519, #555, .T. ) ;
#2333 = ORIENTED_EDGE ( 'NONE', *, *, #1581, .F. ) ;
#2334 = VERTEX_POINT ( 'NONE', #1216 ) ;
#2335 = EDGE_CURVE ( 'NONE', #688, #806, #2189, .T. ) ;
#2336 = ORIENTED_EDGE ( 'NONE', *, *, #2090, .F. ) ;
#2337 = DIRECTION ( 'NONE',  ( -0.000000000000000000, -1.000000000000000000, -0.000000000000000000 ) ) ;
#2338 = ORIENTED_EDGE ( 'NONE', *, *, #1334, .T. ) ;
#2339 = AXIS2_PLACEMENT_3D ( 'NONE', #718, #2400, #369 ) ;
#2340 = DIRECTION ( 'NONE',  ( 1.000000000000000000, 0.000000000000000000, -1.387778780781463504E-14 ) ) ;
#2341 = DIRECTION ( 'NONE',  ( 0.000000000000000000, -0.000000000000000000, -1.000000000000000000 ) ) ;
#2342 = AXIS2_PLACEMENT_3D ( 'NONE', #1681, #19, #1515 ) ;
#2343 = VERTEX_POINT ( 'NONE', #1398 ) ;
#2344 = DIRECTION ( 'NONE',  ( 0.000000000000000000, 1.000000000000000000, -0.000000000000000000 ) ) ;
#2345 = ORIENTED_EDGE ( 'NONE', *, *, #1993, .T. ) ;
#2346 = CIRCLE ( 'NONE', #1590, 2.000000000000015543 ) ;
#2347 = ORIENTED_EDGE ( 'NONE', *, *, #1189, .T. ) ;
#2348 = LINE ( 'NONE', #321, #1767 ) ;
#2349 = DIRECTION ( 'NONE',  ( -0.000000000000000000, -1.000000000000000000, -0.000000000000000000 ) ) ;
#2350 = DIRECTION ( 'NONE',  ( 1.276177040671872737E-16, 0.000000000000000000, 1.000000000000000000 ) ) ;
#2351 = DIRECTION ( 'NONE',  ( 1.000000000000000000, -0.000000000000000000, 0.000000000000000000 ) ) ;
#2352 = VECTOR ( 'NONE', #831, 1000.000000000000000 ) ;
#2353 = ORIENTED_EDGE ( 'NONE', *, *, #214, .T. ) ;
#2354 = DIRECTION ( 'NONE',  ( 0.000000000000000000, 0.000000000000000000, -1.000000000000000000 ) ) ;
#2355 = EDGE_CURVE ( 'NONE', #45, #2300, #2157, .T. ) ;
#2356 = ORIENTED_EDGE ( 'NONE', *, *, #2038, .F. ) ;
#2357 = CARTESIAN_POINT ( 'NONE',  ( 69.75000000000000000, 4.100000000000000533, -67.25000000000000000 ) ) ;
#2358 = ADVANCED_FACE ( 'NONE', ( #659 ), #1409, .F. ) ;
#2359 = ADVANCED_FACE ( 'NONE', ( #486 ), #1039, .F. ) ;
#2360 = ORIENTED_EDGE ( 'NONE', *, *, #1148, .F. ) ;
#2361 = FACE_OUTER_BOUND ( 'NONE', #1632, .T. ) ;
#2362 = PLANE ( 'NONE',  #1002 ) ;
#2363 = CARTESIAN_POINT ( 'NONE',  ( 64.30000000000002558, 5.000000000000004441, 54.37250226860439284 ) ) ;
#2364 = EDGE_CURVE ( 'NONE', #2237, #45, #2005, .T. ) ;
#2365 = VECTOR ( 'NONE', #1549, 1000.000000000000000 ) ;
#2366 = CARTESIAN_POINT ( 'NONE',  ( 54.37250226860439284, 2.200000000000007283, 64.29999999999999716 ) ) ;
#2367 = DIRECTION ( 'NONE',  ( -0.000000000000000000, 1.000000000000000000, -0.000000000000000000 ) ) ;
#2368 = ORIENTED_EDGE ( 'NONE', *, *, #397, .F. ) ;
#2369 = PLANE ( 'NONE',  #165 ) ;
#2370 = ORIENTED_EDGE ( 'NONE', *, *, #14, .T. ) ;
#2371 = CARTESIAN_POINT ( 'NONE',  ( -63.75000000000001421, 189.0178641211801107, -63.75000000000002842 ) ) ;
#2372 = CARTESIAN_POINT ( 'NONE',  ( -63.74999999999997158, 5.000000000000004441, 63.74999999999998579 ) ) ;
#2373 = DIRECTION ( 'NONE',  ( -0.000000000000000000, 1.000000000000000000, -0.000000000000000000 ) ) ;
#2374 = VECTOR ( 'NONE', #2141, 1000.000000000000000 ) ;
#2375 = AXIS2_PLACEMENT_3D ( 'NONE', #123, #1248, #1592 ) ;
#2376 = CARTESIAN_POINT ( 'NONE',  ( -63.74999999999997158, 2.200000000000000622, 0.000000000000000000 ) ) ;
#2377 = FACE_OUTER_BOUND ( 'NONE', #396, .T. ) ;
#2378 = EDGE_LOOP ( 'NONE', ( #2126, #2139, #950, #726 ) ) ;
#2379 = EDGE_LOOP ( 'NONE', ( #783, #1796, #575, #1564, #1392, #51, #2056, #1963, #257, #2261, #631, #1357, #1794, #2301, #516, #48, #490, #1721, #1374, #2399 ) ) ;
#2380 = CARTESIAN_POINT ( 'NONE',  ( 67.25000000000000000, 4.100000000000000533, -69.75000000000000000 ) ) ;
#2381 = VECTOR ( 'NONE', #2175, 1000.000000000000000 ) ;
#2382 = PLANE ( 'NONE',  #225 ) ;
#2383 = DIRECTION ( 'NONE',  ( 1.000000000000000000, 0.000000000000000000, 1.387778780781444689E-15 ) ) ;
#2384 = DIRECTION ( 'NONE',  ( 0.000000000000000000, -0.000000000000000000, 1.000000000000000000 ) ) ;
#2385 = ADVANCED_FACE ( 'NONE', ( #1812 ), #137, .T. ) ;
#2386 = DIRECTION ( 'NONE',  ( 1.000000000000000000, 0.000000000000000000, 0.000000000000000000 ) ) ;
#2387 = FACE_OUTER_BOUND ( 'NONE', #840, .T. ) ;
#2388 = EDGE_CURVE ( 'NONE', #24, #987, #519, .T. ) ;
#2389 = ORIENTED_EDGE ( 'NONE', *, *, #363, .T. ) ;
#2390 = CARTESIAN_POINT ( 'NONE',  ( 69.75000000000000000, 2.100000000000000089, 69.75000000000000000 ) ) ;
#2391 = CARTESIAN_POINT ( 'NONE',  ( 63.00000000000002842, 3.149999999999986144, 37.69999999999998153 ) ) ;
#2392 = LINE ( 'NONE', #2165, #467 ) ;
#2393 = MECHANICAL_CONTEXT ( 'NONE', #56, 'mechanical' ) ;
#2394 = CARTESIAN_POINT ( 'NONE',  ( -62.25000000000000000, 5.000000000000004441, 0.000000000000000000 ) ) ;
#2395 = DIRECTION ( 'NONE',  ( 0.000000000000000000, 0.000000000000000000, -1.000000000000000000 ) ) ;
#2396 = SECURITY_CLASSIFICATION ( '', '', #11 ) ;
#2397 = EDGE_CURVE ( 'NONE', #732, #836, #1863, .T. ) ;
#2398 = EDGE_CURVE ( 'NONE', #1871, #1523, #149, .T. ) ;
#2399 = ORIENTED_EDGE ( 'NONE', *, *, #1475, .T. ) ;
#2400 = DIRECTION ( 'NONE',  ( 0.000000000000000000, -0.000000000000000000, 1.000000000000000000 ) ) ;
#2401 = AXIS2_PLACEMENT_3D ( 'NONE', #288, #1983, #1601 ) ;
#2402 = ORIENTED_EDGE ( 'NONE', *, *, #1779, .F. ) ;
#2403 = DIRECTION ( 'NONE',  ( 0.000000000000000000, 1.000000000000000000, -0.000000000000000000 ) ) ;
#2404 = FACE_OUTER_BOUND ( 'NONE', #217, .T. ) ;
#2405 = DIRECTION ( 'NONE',  ( 1.000000000000000000, 0.000000000000000000, 0.000000000000000000 ) ) ;
#2406 = VECTOR ( 'NONE', #1896, 1000.000000000000000 ) ;
#2407 = PLANE ( 'NONE',  #463 ) ;
#2408 = DIRECTION ( 'NONE',  ( 0.000000000000000000, 1.000000000000000000, -0.000000000000000000 ) ) ;
#2409 = DIRECTION ( 'NONE',  ( 0.9191450300180513677, 0.000000000000000000, 0.3939192985791831192 ) ) ;
#2410 = ORIENTED_EDGE ( 'NONE', *, *, #704, .T. ) ;
#2411 = FACE_OUTER_BOUND ( 'NONE', #1028, .T. ) ;
#2412 = ORIENTED_EDGE ( 'NONE', *, *, #1405, .F. ) ;
#2413 = VECTOR ( 'NONE', #140, 1000.000000000000000 ) ;
#2414 = LINE ( 'NONE', #723, #421 ) ;
#2415 = DIRECTION ( 'NONE',  ( -1.000000000000000000, 0.000000000000000000, -0.000000000000000000 ) ) ;
#2416 = DIRECTION ( 'NONE',  ( 0.000000000000000000, 0.000000000000000000, 1.000000000000000000 ) ) ;
#2417 = VERTEX_POINT ( 'NONE', #203 ) ;
#2418 = CARTESIAN_POINT ( 'NONE',  ( -69.75000000000000000, 0.000000000000000000, 67.25000000000000000 ) ) ;
#2419 = DIRECTION ( 'NONE',  ( -1.000000000000000000, 0.000000000000000000, 2.775557561562889379E-15 ) ) ;
ENDSEC;
END-ISO-10303-21;
