ISO-10303-21;
HEADER;
FILE_DESCRIPTION (( 'STEP AP203' ),
    '1' );
FILE_NAME ('Sinar_Standard_Lensboard.STEP',
    '2023-08-16T16:04:37',
    ( '' ),
    ( '' ),
    'SwSTEP 2.0',
    'SolidWorks 2022',
    '' );
FILE_SCHEMA (( 'CONFIG_CONTROL_DESIGN' ));
ENDSEC;

DATA;
#1 = CARTESIAN_POINT ( 'NONE',  ( 66.45000000000005969, 2.200000000000000622, -57.45000000000007390 ) ) ;
#2 = DIRECTION ( 'NONE',  ( 1.000000000000000000, 0.000000000000000000, 0.000000000000000000 ) ) ;
#3 = DIRECTION ( 'NONE',  ( 0.000000000000000000, 0.000000000000000000, -1.000000000000000000 ) ) ;
#4 = ORIENTED_EDGE ( 'NONE', *, *, #591, .F. ) ;
#5 = DIRECTION ( 'NONE',  ( 0.000000000000000000, 0.000000000000000000, 1.000000000000000000 ) ) ;
#6 = AXIS2_PLACEMENT_3D ( 'NONE', #2649, #1984, #233 ) ;
#7 = VERTEX_POINT ( 'NONE', #3939 ) ;
#8 = ORIENTED_EDGE ( 'NONE', *, *, #794, .F. ) ;
#9 = FACE_OUTER_BOUND ( 'NONE', #3014, .T. ) ;
#10 = LINE ( 'NONE', #106, #4025 ) ;
#11 = CARTESIAN_POINT ( 'NONE',  ( -57.45000000000005258, -18.09898987322328168, 65.45000000000007390 ) ) ;
#12 = EDGE_CURVE ( 'NONE', #1458, #4009, #1283, .T. ) ;
#13 = VERTEX_POINT ( 'NONE', #3674 ) ;
#14 = LINE ( 'NONE', #1727, #1940 ) ;
#15 = ORIENTED_EDGE ( 'NONE', *, *, #4006, .T. ) ;
#16 = CARTESIAN_POINT ( 'NONE',  ( -67.74999999999991473, 4.100000000000000533, -55.75000000000000000 ) ) ;
#17 = AXIS2_PLACEMENT_3D ( 'NONE', #840, #3319, #2289 ) ;
#18 = CC_DESIGN_SECURITY_CLASSIFICATION ( #4110, ( #1829 ) ) ;
#19 = CARTESIAN_POINT ( 'NONE',  ( 55.74999999999999289, 5.149999999999987921, -63.75000000000000000 ) ) ;
#20 = ORIENTED_EDGE ( 'NONE', *, *, #1206, .F. ) ;
#21 = CARTESIAN_POINT ( 'NONE',  ( 70.78448275862064065, 5.149999999999987921, 30.33620689655225533 ) ) ;
#22 = ORIENTED_EDGE ( 'NONE', *, *, #2195, .F. ) ;
#23 = ORIENTED_EDGE ( 'NONE', *, *, #997, .T. ) ;
#24 = DIRECTION ( 'NONE',  ( 0.000000000000000000, -0.000000000000000000, -1.000000000000000000 ) ) ;
#25 = ADVANCED_FACE ( 'NONE', ( #1185 ), #1952, .F. ) ;
#26 = VERTEX_POINT ( 'NONE', #2612 ) ;
#27 = PLANE ( 'NONE',  #29 ) ;
#28 = CARTESIAN_POINT ( 'NONE',  ( -65.45000000000005969, -18.09898987322328168, -56.95000000000005969 ) ) ;
#29 = AXIS2_PLACEMENT_3D ( 'NONE', #745, #1895, #1195 ) ;
#30 = LINE ( 'NONE', #4192, #181 ) ;
#31 = AXIS2_PLACEMENT_3D ( 'NONE', #1478, #801, #2153 ) ;
#32 = VERTEX_POINT ( 'NONE', #2194 ) ;
#33 = DIRECTION ( 'NONE',  ( 1.541976423090496225E-15, 0.000000000000000000, -1.000000000000000000 ) ) ;
#34 = EDGE_CURVE ( 'NONE', #844, #608, #129, .T. ) ;
#35 = FACE_OUTER_BOUND ( 'NONE', #1401, .T. ) ;
#36 = ORIENTED_EDGE ( 'NONE', *, *, #3536, .F. ) ;
#37 = DIRECTION ( 'NONE',  ( 0.000000000000000000, -0.000000000000000000, -1.000000000000000000 ) ) ;
#38 = DIRECTION ( 'NONE',  ( 0.000000000000000000, 0.000000000000000000, -1.000000000000000000 ) ) ;
#39 = ORIENTED_EDGE ( 'NONE', *, *, #3406, .T. ) ;
#40 = EDGE_CURVE ( 'NONE', #103, #1914, #1205, .T. ) ;
#41 = CIRCLE ( 'NONE', #924, 0.5000000000000004441 ) ;
#42 = PLANE ( 'NONE',  #780 ) ;
#43 = FACE_OUTER_BOUND ( 'NONE', #329, .T. ) ;
#44 = EDGE_LOOP ( 'NONE', ( #1687, #1545, #3828, #2344 ) ) ;
#45 = VERTEX_POINT ( 'NONE', #3958 ) ;
#46 = VECTOR ( 'NONE', #55, 1000.000000000000000 ) ;
#47 = VECTOR ( 'NONE', #2483, 1000.000000000000000 ) ;
#48 = LINE ( 'NONE', #486, #2131 ) ;
#49 = CARTESIAN_POINT ( 'NONE',  ( -69.75000000000000000, 1.500000000000000000, -68.25000000000000000 ) ) ;
#50 = VECTOR ( 'NONE', #1683, 1000.000000000000000 ) ;
#51 = ORIENTED_EDGE ( 'NONE', *, *, #2751, .F. ) ;
#52 = DIRECTION ( 'NONE',  ( -1.000000000000000000, 0.000000000000000000, 0.000000000000000000 ) ) ;
#53 = CIRCLE ( 'NONE', #1580, 2.250000000000001776 ) ;
#54 = LINE ( 'NONE', #2882, #1074 ) ;
#55 = DIRECTION ( 'NONE',  ( 6.938893903907221278E-15, 0.000000000000000000, 1.000000000000000000 ) ) ;
#56 = VERTEX_POINT ( 'NONE', #843 ) ;
#57 = CARTESIAN_POINT ( 'NONE',  ( -65.45000000000004547, 2.200000000000000622, 56.95000000000007390 ) ) ;
#58 = ORIENTED_EDGE ( 'NONE', *, *, #2729, .T. ) ;
#59 =( NAMED_UNIT ( * ) SI_UNIT ( $, .STERADIAN. ) SOLID_ANGLE_UNIT ( ) );
#60 = CARTESIAN_POINT ( 'NONE',  ( -69.75000000000000000, 4.100000000000000533, 0.000000000000000000 ) ) ;
#61 = VECTOR ( 'NONE', #1548, 1000.000000000000000 ) ;
#62 = ORIENTED_EDGE ( 'NONE', *, *, #907, .T. ) ;
#63 = EDGE_CURVE ( 'NONE', #1243, #530, #561, .T. ) ;
#64 = CARTESIAN_POINT ( 'NONE',  ( -64.95000000000004547, -18.09898987322328168, 57.45000000000007390 ) ) ;
#65 = DIRECTION ( 'NONE',  ( -0.000000000000000000, -1.000000000000000000, -0.000000000000000000 ) ) ;
#66 = DIRECTION ( 'NONE',  ( 0.000000000000000000, 0.000000000000000000, -1.000000000000000000 ) ) ;
#67 = CIRCLE ( 'NONE', #3440, 0.5000000000000004441 ) ;
#68 = DIRECTION ( 'NONE',  ( 0.000000000000000000, 1.000000000000000000, 0.000000000000000000 ) ) ;
#69 = VERTEX_POINT ( 'NONE', #1567 ) ;
#70 = EDGE_CURVE ( 'NONE', #1202, #844, #2215, .T. ) ;
#71 = ADVANCED_FACE ( 'NONE', ( #2587 ), #3988, .F. ) ;
#72 = DIRECTION ( 'NONE',  ( 0.000000000000000000, 0.000000000000000000, 1.000000000000000000 ) ) ;
#73 = ORIENTED_EDGE ( 'NONE', *, *, #2094, .F. ) ;
#74 = DIRECTION ( 'NONE',  ( 0.000000000000000000, 0.000000000000000000, 1.000000000000000000 ) ) ;
#75 = ORIENTED_EDGE ( 'NONE', *, *, #4088, .T. ) ;
#76 = CARTESIAN_POINT ( 'NONE',  ( -66.45000000000005969, 2.200000000000000622, -56.95000000000005969 ) ) ;
#77 = CARTESIAN_POINT ( 'NONE',  ( 63.75000000000001421, 189.0178641211801107, 55.74999999999999289 ) ) ;
#78 = ORIENTED_EDGE ( 'NONE', *, *, #2142, .T. ) ;
#79 = DIRECTION ( 'NONE',  ( 0.000000000000000000, 0.000000000000000000, -1.000000000000000000 ) ) ;
#80 = ADVANCED_FACE ( 'NONE', ( #2970 ), #1929, .F. ) ;
#81 = ADVANCED_FACE ( 'NONE', ( #1234 ), #1593, .F. ) ;
#82 = CARTESIAN_POINT ( 'NONE',  ( -66.95000000000005969, -18.09898987322328168, -57.45000000000006679 ) ) ;
#83 = CIRCLE ( 'NONE', #456, 0.5000000000000143219 ) ;
#84 = LINE ( 'NONE', #2940, #3807 ) ;
#85 = ORIENTED_EDGE ( 'NONE', *, *, #1152, .T. ) ;
#86 = ORIENTED_EDGE ( 'NONE', *, *, #2013, .F. ) ;
#87 = DIRECTION ( 'NONE',  ( -0.000000000000000000, 1.000000000000000000, -0.000000000000000000 ) ) ;
#88 = APPROVAL_PERSON_ORGANIZATION ( #2206, #2852, #2186 ) ;
#89 = CARTESIAN_POINT ( 'NONE',  ( -57.45000000000006679, 2.200000000000000622, -65.45000000000005969 ) ) ;
#90 = DIRECTION ( 'NONE',  ( -0.000000000000000000, 1.000000000000000000, -0.000000000000000000 ) ) ;
#91 = EDGE_CURVE ( 'NONE', #3861, #2068, #2879, .T. ) ;
#92 = ORIENTED_EDGE ( 'NONE', *, *, #3291, .T. ) ;
#93 = DIRECTION ( 'NONE',  ( 0.000000000000000000, 0.000000000000000000, -1.000000000000000000 ) ) ;
#94 = CARTESIAN_POINT ( 'NONE',  ( 54.78175416344816284, 2.100000000000000977, -67.49999999999994316 ) ) ;
#95 = DIRECTION ( 'NONE',  ( 0.000000000000000000, 0.000000000000000000, -1.000000000000000000 ) ) ;
#96 = CARTESIAN_POINT ( 'NONE',  ( 56.95000000000005969, 1.899999999999999023, -66.45000000000005969 ) ) ;
#97 = AXIS2_PLACEMENT_3D ( 'NONE', #3328, #1219, #2347 ) ;
#98 = VERTEX_POINT ( 'NONE', #1668 ) ;
#99 = CARTESIAN_POINT ( 'NONE',  ( -63.00000000000002842, 189.0178641211801107, -37.69999999999999574 ) ) ;
#100 = CARTESIAN_POINT ( 'NONE',  ( 62.25000000000000000, 3.149999999999999911, 0.000000000000000000 ) ) ;
#101 = ORIENTED_EDGE ( 'NONE', *, *, #849, .F. ) ;
#102 = DIRECTION ( 'NONE',  ( 0.000000000000000000, 0.000000000000000000, 1.000000000000000000 ) ) ;
#103 = VERTEX_POINT ( 'NONE', #2734 ) ;
#104 = VECTOR ( 'NONE', #1733, 1000.000000000000000 ) ;
#105 = ORIENTED_EDGE ( 'NONE', *, *, #2461, .T. ) ;
#106 = CARTESIAN_POINT ( 'NONE',  ( -55.75000000000000711, 4.100000000000000533, -67.74999999999991473 ) ) ;
#107 = LINE ( 'NONE', #394, #400 ) ;
#108 = CIRCLE ( 'NONE', #1999, 1.999999999999932498 ) ;
#109 = CARTESIAN_POINT ( 'NONE',  ( 56.95000000000005969, 1.899999999999999023, -66.45000000000005969 ) ) ;
#110 = DIRECTION ( 'NONE',  ( -0.000000000000000000, 1.000000000000000000, -0.000000000000000000 ) ) ;
#111 = CIRCLE ( 'NONE', #1853, 2.000000000000015543 ) ;
#112 = ORIENTED_EDGE ( 'NONE', *, *, #3165, .T. ) ;
#113 = VECTOR ( 'NONE', #1493, 999.9999999999998863 ) ;
#114 = EDGE_CURVE ( 'NONE', #647, #2855, #483, .T. ) ;
#115 = CARTESIAN_POINT ( 'NONE',  ( -1.769417945496345003E-13, 189.0178641211801107, -63.75000000000020606 ) ) ;
#116 = VECTOR ( 'NONE', #3294, 1000.000000000000000 ) ;
#117 = CARTESIAN_POINT ( 'NONE',  ( -68.25000000000000000, 1.500000000000000000, 69.75000000000000000 ) ) ;
#118 = DIRECTION ( 'NONE',  ( 1.000000000000000000, 0.000000000000000000, 0.000000000000000000 ) ) ;
#119 = EDGE_CURVE ( 'NONE', #941, #3066, #3686, .T. ) ;
#120 = DIRECTION ( 'NONE',  ( 0.000000000000000000, 0.000000000000000000, -1.000000000000000000 ) ) ;
#121 = PERSON_AND_ORGANIZATION ( #2749, #3239 ) ;
#122 = CARTESIAN_POINT ( 'NONE',  ( -65.45000000000004547, 2.200000000000000622, 57.45000000000007390 ) ) ;
#123 = EDGE_LOOP ( 'NONE', ( #2169, #3608, #2539, #1948 ) ) ;
#124 = LINE ( 'NONE', #3872, #494 ) ;
#125 = CARTESIAN_POINT ( 'NONE',  ( 68.25000000000000000, 0.000000000000000000, -67.25000000000000000 ) ) ;
#126 = EDGE_LOOP ( 'NONE', ( #4182, #650, #1977, #2109 ) ) ;
#127 = FACE_OUTER_BOUND ( 'NONE', #123, .T. ) ;
#128 = VERTEX_POINT ( 'NONE', #1689 ) ;
#129 = LINE ( 'NONE', #2560, #4490 ) ;
#130 = CARTESIAN_POINT ( 'NONE',  ( -67.74999999999945999, 4.100000000000000533, 5.641320743876531233E-13 ) ) ;
#131 = DIRECTION ( 'NONE',  ( 0.000000000000000000, 0.000000000000000000, -1.000000000000000000 ) ) ;
#132 = LINE ( 'NONE', #3569, #2526 ) ;
#133 = CIRCLE ( 'NONE', #3435, 2.000000000000015543 ) ;
#134 = EDGE_LOOP ( 'NONE', ( #3524, #3342, #3523, #4026 ) ) ;
#135 = DIRECTION ( 'NONE',  ( 0.000000000000000000, 0.000000000000000000, 1.000000000000000000 ) ) ;
#136 = EDGE_CURVE ( 'NONE', #1172, #1592, #2065, .T. ) ;
#137 = EDGE_CURVE ( 'NONE', #2811, #1762, #1359, .T. ) ;
#138 = ORIENTED_EDGE ( 'NONE', *, *, #4513, .F. ) ;
#139 = CARTESIAN_POINT ( 'NONE',  ( -67.25000000000000000, 1.500000000000000000, -67.25000000000000000 ) ) ;
#140 = AXIS2_PLACEMENT_3D ( 'NONE', #3977, #1896, #2306 ) ;
#141 = CARTESIAN_POINT ( 'NONE',  ( 62.25000000000000000, 5.149999999999987921, 50.25000000000003553 ) ) ;
#142 = ADVANCED_FACE ( 'NONE', ( #1432 ), #1096, .T. ) ;
#143 = VERTEX_POINT ( 'NONE', #2428 ) ;
#144 = LINE ( 'NONE', #1589, #1294 ) ;
#145 = EDGE_LOOP ( 'NONE', ( #4093, #2963, #271, #1581 ) ) ;
#146 = CARTESIAN_POINT ( 'NONE',  ( 67.50000000000000000, 2.100000000000000977, -54.78175416344825521 ) ) ;
#147 = EDGE_LOOP ( 'NONE', ( #3533, #3500, #3130, #208 ) ) ;
#148 = CARTESIAN_POINT ( 'NONE',  ( -64.30000000000003979, 189.0178641211801107, -54.37250226860447100 ) ) ;
#149 = ORIENTED_EDGE ( 'NONE', *, *, #2461, .F. ) ;
#150 = DIRECTION ( 'NONE',  ( 0.000000000000000000, 0.000000000000000000, 1.000000000000000000 ) ) ;
#151 = CARTESIAN_POINT ( 'NONE',  ( 66.95000000000007390, 2.200000000000000622, 66.45000000000004547 ) ) ;
#152 = ORIENTED_EDGE ( 'NONE', *, *, #2219, .T. ) ;
#153 = LINE ( 'NONE', #2596, #2815 ) ;
#154 = DIRECTION ( 'NONE',  ( 0.000000000000000000, -1.000000000000000000, 0.000000000000000000 ) ) ;
#155 = EDGE_CURVE ( 'NONE', #1676, #2422, #953, .T. ) ;
#156 = DIRECTION ( 'NONE',  ( -0.000000000000000000, 1.000000000000000000, -0.000000000000000000 ) ) ;
#157 = VERTEX_POINT ( 'NONE', #2624 ) ;
#158 = CARTESIAN_POINT ( 'NONE',  ( -66.45000000000004547, 2.200000000000000622, 56.95000000000007390 ) ) ;
#159 = DIRECTION ( 'NONE',  ( -0.000000000000000000, -1.000000000000000000, -0.000000000000000000 ) ) ;
#160 = CARTESIAN_POINT ( 'NONE',  ( 55.75000000000001421, 1.899999999999999023, 67.74999999999991473 ) ) ;
#161 = DIRECTION ( 'NONE',  ( 0.000000000000000000, 0.000000000000000000, 1.000000000000000000 ) ) ;
#162 = LINE ( 'NONE', #2627, #4493 ) ;
#163 = EDGE_LOOP ( 'NONE', ( #969, #3865, #614, #3046 ) ) ;
#164 = FACE_OUTER_BOUND ( 'NONE', #275, .T. ) ;
#165 = EDGE_CURVE ( 'NONE', #3022, #1279, #905, .T. ) ;
#166 = CARTESIAN_POINT ( 'NONE',  ( 7.110344455787858532E-15, 4.750000000000000000, 58.50000000000000711 ) ) ;
#167 = ORIENTED_EDGE ( 'NONE', *, *, #3177, .T. ) ;
#168 = VECTOR ( 'NONE', #1679, 1000.000000000000000 ) ;
#169 = CARTESIAN_POINT ( 'NONE',  ( 56.95000000000005969, 2.200000000000000622, 66.45000000000004547 ) ) ;
#170 = VERTEX_POINT ( 'NONE', #471 ) ;
#171 = VERTEX_POINT ( 'NONE', #4301 ) ;
#172 = EDGE_CURVE ( 'NONE', #1642, #1418, #3082, .T. ) ;
#173 = EDGE_LOOP ( 'NONE', ( #536, #3582, #3985, #2894 ) ) ;
#174 = LINE ( 'NONE', #1910, #475 ) ;
#175 = VECTOR ( 'NONE', #3991, 999.9999999999998863 ) ;
#176 = CARTESIAN_POINT ( 'NONE',  ( 0.000000000000000000, 3.149999999999999911, 62.25000000000000000 ) ) ;
#177 = CARTESIAN_POINT ( 'NONE',  ( -67.25000000000000000, 1.500000000000000000, -69.75000000000000000 ) ) ;
#178 = ORIENTED_EDGE ( 'NONE', *, *, #12, .T. ) ;
#179 = DIRECTION ( 'NONE',  ( -0.000000000000000000, -1.000000000000000000, -0.000000000000000000 ) ) ;
#180 = CARTESIAN_POINT ( 'NONE',  ( -4.149999999999992362, 5.150000000000000355, 59.90000000000000568 ) ) ;
#181 = VECTOR ( 'NONE', #1064, 1000.000000000000000 ) ;
#182 = VECTOR ( 'NONE', #223, 1000.000000000000000 ) ;
#183 = ORIENTED_EDGE ( 'NONE', *, *, #2850, .T. ) ;
#184 = DIRECTION ( 'NONE',  ( -0.000000000000000000, -1.000000000000000000, -0.000000000000000000 ) ) ;
#185 = DIRECTION ( 'NONE',  ( -0.000000000000000000, -1.000000000000000000, -0.000000000000000000 ) ) ;
#186 = VECTOR ( 'NONE', #1769, 1000.000000000000000 ) ;
#187 = VECTOR ( 'NONE', #3758, 1000.000000000000000 ) ;
#188 = DIRECTION ( 'NONE',  ( -0.000000000000000000, -0.000000000000000000, -1.000000000000000000 ) ) ;
#189 = AXIS2_PLACEMENT_3D ( 'NONE', #450, #3534, #4217 ) ;
#190 = EDGE_LOOP ( 'NONE', ( #3728, #3186, #3470, #1890 ) ) ;
#191 = CARTESIAN_POINT ( 'NONE',  ( -57.45000000000006679, 2.200000000000000622, -66.45000000000005969 ) ) ;
#192 = DIRECTION ( 'NONE',  ( 0.3939192985791737933, 0.000000000000000000, -0.9191450300180552535 ) ) ;
#193 = DIRECTION ( 'NONE',  ( 1.000000000000000000, -0.000000000000000000, -0.000000000000000000 ) ) ;
#194 = VERTEX_POINT ( 'NONE', #4372 ) ;
#195 = CARTESIAN_POINT ( 'NONE',  ( 66.45000000000005969, 1.899999999999999023, -57.45000000000007390 ) ) ;
#196 = ORIENTED_EDGE ( 'NONE', *, *, #2972, .T. ) ;
#197 = DIRECTION ( 'NONE',  ( -1.387778780781463662E-14, 0.000000000000000000, -1.000000000000000000 ) ) ;
#198 = ORIENTED_EDGE ( 'NONE', *, *, #2402, .F. ) ;
#199 = CARTESIAN_POINT ( 'NONE',  ( -56.95000000000005258, 2.200000000000000622, 66.45000000000007390 ) ) ;
#200 = FACE_OUTER_BOUND ( 'NONE', #3457, .T. ) ;
#201 = DIRECTION ( 'NONE',  ( 0.000000000000000000, 0.000000000000000000, 1.000000000000000000 ) ) ;
#202 = ADVANCED_FACE ( 'NONE', ( #2888 ), #1585, .F. ) ;
#203 = VERTEX_POINT ( 'NONE', #3661 ) ;
#204 = FACE_OUTER_BOUND ( 'NONE', #3477, .T. ) ;
#205 = EDGE_CURVE ( 'NONE', #1094, #3053, #1874, .T. ) ;
#206 = CARTESIAN_POINT ( 'NONE',  ( -64.95000000000005969, -18.09898987322328168, -57.45000000000006679 ) ) ;
#207 = AXIS2_PLACEMENT_3D ( 'NONE', #4423, #1323, #622 ) ;
#208 = ORIENTED_EDGE ( 'NONE', *, *, #521, .F. ) ;
#209 = PLANE ( 'NONE',  #1781 ) ;
#210 = AXIS2_PLACEMENT_3D ( 'NONE', #3001, #1645, #1261 ) ;
#211 = DIRECTION ( 'NONE',  ( 0.000000000000000000, 0.000000000000000000, 1.000000000000000000 ) ) ;
#212 = ADVANCED_FACE ( 'NONE', ( #448 ), #1824, .T. ) ;
#213 = DIRECTION ( 'NONE',  ( -0.000000000000000000, 1.000000000000000000, -0.000000000000000000 ) ) ;
#214 = AXIS2_PLACEMENT_3D ( 'NONE', #665, #3452, #1293 ) ;
#215 = ORIENTED_EDGE ( 'NONE', *, *, #4304, .F. ) ;
#216 = CARTESIAN_POINT ( 'NONE',  ( 56.95000000000005969, 2.200000000000000622, -66.45000000000005969 ) ) ;
#217 = EDGE_CURVE ( 'NONE', #3022, #3578, #4324, .T. ) ;
#218 = LINE ( 'NONE', #1616, #3425 ) ;
#219 = ORIENTED_EDGE ( 'NONE', *, *, #1902, .T. ) ;
#220 = DIRECTION ( 'NONE',  ( 1.000000000000000000, 0.000000000000000000, -1.284980352575412305E-15 ) ) ;
#221 = EDGE_LOOP ( 'NONE', ( #1263, #2915, #757, #3598 ) ) ;
#222 = ORIENTED_EDGE ( 'NONE', *, *, #3063, .T. ) ;
#223 = DIRECTION ( 'NONE',  ( -1.000000000000000000, 0.000000000000000000, 5.204170427930412606E-15 ) ) ;
#224 = CYLINDRICAL_SURFACE ( 'NONE', #210, 2.500000000000002220 ) ;
#225 = ORIENTED_EDGE ( 'NONE', *, *, #1441, .T. ) ;
#226 = ORIENTED_EDGE ( 'NONE', *, *, #3434, .T. ) ;
#227 = DIRECTION ( 'NONE',  ( -0.000000000000000000, 0.000000000000000000, -1.000000000000000000 ) ) ;
#228 = EDGE_CURVE ( 'NONE', #157, #1122, #4375, .T. ) ;
#229 = CARTESIAN_POINT ( 'NONE',  ( 0.000000000000000000, 5.149999999999987921, 63.74999999999998579 ) ) ;
#230 = ORIENTED_EDGE ( 'NONE', *, *, #1888, .F. ) ;
#231 = VECTOR ( 'NONE', #3644, 1000.000000000000000 ) ;
#232 = CARTESIAN_POINT ( 'NONE',  ( 65.75000000000000000, 4.100000000000000533, -55.75000000000000711 ) ) ;
#233 = DIRECTION ( 'NONE',  ( 0.000000000000000000, -0.000000000000000000, -1.000000000000000000 ) ) ;
#234 = DIRECTION ( 'NONE',  ( 0.000000000000000000, -1.000000000000000000, 0.000000000000000000 ) ) ;
#235 = EDGE_CURVE ( 'NONE', #3412, #701, #4302, .T. ) ;
#236 = CIRCLE ( 'NONE', #546, 0.5000000000000073275 ) ;
#237 = DIRECTION ( 'NONE',  ( 0.000000000000000000, 1.000000000000000000, -0.000000000000000000 ) ) ;
#238 = EDGE_LOOP ( 'NONE', ( #4332, #4422, #4212, #880 ) ) ;
#239 = DIRECTION ( 'NONE',  ( 0.000000000000000000, 0.000000000000000000, -1.000000000000000000 ) ) ;
#240 = LINE ( 'NONE', #2358, #3923 ) ;
#241 = LINE ( 'NONE', #1639, #1790 ) ;
#242 = EDGE_LOOP ( 'NONE', ( #3517, #4002, #455, #766 ) ) ;
#243 = DIRECTION ( 'NONE',  ( 5.551115123125785069E-15, 0.000000000000000000, -1.000000000000000000 ) ) ;
#244 = ORIENTED_EDGE ( 'NONE', *, *, #4308, .F. ) ;
#245 = ORIENTED_EDGE ( 'NONE', *, *, #2036, .T. ) ;
#246 = CYLINDRICAL_SURFACE ( 'NONE', #4079, 0.5000000000000004441 ) ;
#247 = DIRECTION ( 'NONE',  ( -0.000000000000000000, 1.000000000000000000, -0.000000000000000000 ) ) ;
#248 = AXIS2_PLACEMENT_3D ( 'NONE', #616, #1021, #2375 ) ;
#249 = ADVANCED_FACE ( 'NONE', ( #3710, #3108 ), #4103, .F. ) ;
#250 = ORIENTED_EDGE ( 'NONE', *, *, #4508, .T. ) ;
#251 = CARTESIAN_POINT ( 'NONE',  ( -55.75000000000000711, 4.100000000000000533, -67.74999999999991473 ) ) ;
#252 = VECTOR ( 'NONE', #1838, 1000.000000000000000 ) ;
#253 = CARTESIAN_POINT ( 'NONE',  ( -66.45000000000004547, 1.899999999999999023, 56.95000000000007390 ) ) ;
#254 = CARTESIAN_POINT ( 'NONE',  ( -56.95000000000005969, 2.200000000000000622, -65.45000000000005969 ) ) ;
#255 = VERTEX_POINT ( 'NONE', #2724 ) ;
#256 = ORIENTED_EDGE ( 'NONE', *, *, #3755, .T. ) ;
#257 = CARTESIAN_POINT ( 'NONE',  ( -67.75000000000000000, 4.100000000000000533, -67.75000000000000000 ) ) ;
#258 = ADVANCED_FACE ( 'NONE', ( #1656 ), #3729, .F. ) ;
#259 = DIRECTION ( 'NONE',  ( 1.000000000000000000, 0.000000000000000000, 0.000000000000000000 ) ) ;
#260 = AXIS2_PLACEMENT_3D ( 'NONE', #2021, #1955, #981 ) ;
#261 = LINE ( 'NONE', #333, #1568 ) ;
#262 = AXIS2_PLACEMENT_3D ( 'NONE', #4462, #2034, #2331 ) ;
#263 = ADVANCED_FACE ( 'NONE', ( #2752 ), #296, .T. ) ;
#264 = AXIS2_PLACEMENT_3D ( 'NONE', #4398, #4064, #3641 ) ;
#265 = ADVANCED_FACE ( 'NONE', ( #3086 ), #1318, .F. ) ;
#266 = EDGE_LOOP ( 'NONE', ( #533, #3494, #4390, #369 ) ) ;
#267 = CIRCLE ( 'NONE', #1724, 2.500000000000002220 ) ;
#268 = DIRECTION ( 'NONE',  ( -0.000000000000000000, 0.000000000000000000, -1.000000000000000000 ) ) ;
#269 = ORIENTED_EDGE ( 'NONE', *, *, #3873, .F. ) ;
#270 = LINE ( 'NONE', #2635, #2184 ) ;
#271 = ORIENTED_EDGE ( 'NONE', *, *, #3478, .T. ) ;
#272 = AXIS2_PLACEMENT_3D ( 'NONE', #810, #3592, #1450 ) ;
#273 = DIRECTION ( 'NONE',  ( 0.000000000000000000, 0.000000000000000000, 1.000000000000000000 ) ) ;
#274 = CARTESIAN_POINT ( 'NONE',  ( -67.25000000000000000, 2.100000000000000089, 67.25000000000000000 ) ) ;
#275 = EDGE_LOOP ( 'NONE', ( #4075, #4328, #4232, #537 ) ) ;
#276 = DIRECTION ( 'NONE',  ( 0.000000000000000000, 0.000000000000000000, 1.000000000000000000 ) ) ;
#277 = CARTESIAN_POINT ( 'NONE',  ( 66.45000000000005969, 1.899999999999999023, -66.95000000000005969 ) ) ;
#278 = PLANE ( 'NONE',  #2464 ) ;
#279 = CARTESIAN_POINT ( 'NONE',  ( 67.74999999999991473, 1.899999999999999023, -55.75000000000001421 ) ) ;
#280 = EDGE_CURVE ( 'NONE', #2758, #1363, #2239, .T. ) ;
#281 = VERTEX_POINT ( 'NONE', #950 ) ;
#282 = VERTEX_POINT ( 'NONE', #3687 ) ;
#283 = CARTESIAN_POINT ( 'NONE',  ( 63.75000000000002842, 1.899999999999999023, -63.75000000000001421 ) ) ;
#284 = DIRECTION ( 'NONE',  ( -1.000000000000000000, -0.000000000000000000, -0.000000000000000000 ) ) ;
#285 = AXIS2_PLACEMENT_3D ( 'NONE', #4145, #1604, #2438 ) ;
#286 = DIRECTION ( 'NONE',  ( -3.469446951953611033E-15, 0.000000000000000000, -1.000000000000000000 ) ) ;
#287 = EDGE_CURVE ( 'NONE', #897, #647, #4056, .T. ) ;
#288 = VECTOR ( 'NONE', #628, 1000.000000000000000 ) ;
#289 = EDGE_CURVE ( 'NONE', #4206, #1973, #3036, .T. ) ;
#290 = CARTESIAN_POINT ( 'NONE',  ( -69.75000000000000000, 2.100000000000000089, 69.75000000000000000 ) ) ;
#291 = EDGE_LOOP ( 'NONE', ( #4154, #3107, #3995, #3826 ) ) ;
#292 = EDGE_CURVE ( 'NONE', #435, #3805, #3061, .T. ) ;
#293 = DIRECTION ( 'NONE',  ( -0.000000000000000000, 1.000000000000000000, -0.000000000000000000 ) ) ;
#294 = ORIENTED_EDGE ( 'NONE', *, *, #4467, .F. ) ;
#295 = FACE_OUTER_BOUND ( 'NONE', #2929, .T. ) ;
#296 = TOROIDAL_SURFACE ( 'NONE', #1744, 1.000000000000000000, 1.500000000000000000 ) ;
#297 = EDGE_CURVE ( 'NONE', #2855, #3745, #4439, .T. ) ;
#298 = CARTESIAN_POINT ( 'NONE',  ( -54.78175416344812731, 4.100000000000000533, 67.50000000000001421 ) ) ;
#299 = CARTESIAN_POINT ( 'NONE',  ( 64.95000000000005969, 2.200000000000000622, -57.45000000000007390 ) ) ;
#300 = LINE ( 'NONE', #1748, #1000 ) ;
#301 = LINE ( 'NONE', #1731, #3526 ) ;
#302 = ORIENTED_EDGE ( 'NONE', *, *, #2251, .T. ) ;
#303 = ORIENTED_EDGE ( 'NONE', *, *, #40, .T. ) ;
#304 = PLANE ( 'NONE',  #3188 ) ;
#305 = FACE_OUTER_BOUND ( 'NONE', #2906, .T. ) ;
#306 = ORIENTED_EDGE ( 'NONE', *, *, #2070, .F. ) ;
#307 = EDGE_LOOP ( 'NONE', ( #3146, #4052, #1672, #3202 ) ) ;
#308 = LINE ( 'NONE', #257, #2127 ) ;
#309 = DIRECTION ( 'NONE',  ( 0.000000000000000000, 0.000000000000000000, -1.000000000000000000 ) ) ;
#310 = VECTOR ( 'NONE', #3152, 1000.000000000000000 ) ;
#311 = CARTESIAN_POINT ( 'NONE',  ( 0.000000000000000000, 4.100000000000000533, 69.75000000000000000 ) ) ;
#312 = CARTESIAN_POINT ( 'NONE',  ( 57.45000000000007390, -18.09898987322328168, 64.95000000000004547 ) ) ;
#313 = ORIENTED_EDGE ( 'NONE', *, *, #1010, .F. ) ;
#314 = CIRCLE ( 'NONE', #899, 1.399999999999998579 ) ;
#315 = CARTESIAN_POINT ( 'NONE',  ( -67.50000000000000000, 4.100000000000000533, -54.78175416344820547 ) ) ;
#316 = EDGE_LOOP ( 'NONE', ( #963, #922, #1698, #444 ) ) ;
#317 = AXIS2_PLACEMENT_3D ( 'NONE', #2681, #1667, #220 ) ;
#318 = FACE_OUTER_BOUND ( 'NONE', #1125, .T. ) ;
#319 = EDGE_CURVE ( 'NONE', #4484, #3401, #1268, .T. ) ;
#320 = DIRECTION ( 'NONE',  ( -0.3939192985791831192, 0.000000000000000000, 0.9191450300180513677 ) ) ;
#321 = CARTESIAN_POINT ( 'NONE',  ( -56.95000000000005258, -18.09898987322328168, 66.45000000000007390 ) ) ;
#322 = DIRECTION ( 'NONE',  ( 0.000000000000000000, 0.000000000000000000, 1.000000000000000000 ) ) ;
#323 = VERTEX_POINT ( 'NONE', #637 ) ;
#324 = ORIENTED_EDGE ( 'NONE', *, *, #2753, .F. ) ;
#325 = DIRECTION ( 'NONE',  ( 0.000000000000000000, -0.000000000000000000, -1.000000000000000000 ) ) ;
#326 = ADVANCED_FACE ( 'NONE', ( #3776 ), #2007, .T. ) ;
#327 = FACE_OUTER_BOUND ( 'NONE', #672, .T. ) ;
#328 = CARTESIAN_POINT ( 'NONE',  ( -66.95000000000005969, 2.200000000000000622, -57.45000000000006679 ) ) ;
#329 = EDGE_LOOP ( 'NONE', ( #3675, #886, #1457, #1725 ) ) ;
#330 = ORIENTED_EDGE ( 'NONE', *, *, #3290, .T. ) ;
#331 = CYLINDRICAL_SURFACE ( 'NONE', #3979, 0.5000000000000004441 ) ;
#332 = DIRECTION ( 'NONE',  ( 0.000000000000000000, 0.000000000000000000, 1.000000000000000000 ) ) ;
#333 = CARTESIAN_POINT ( 'NONE',  ( 56.95000000000005258, -18.09898987322328168, -65.45000000000005969 ) ) ;
#334 = VECTOR ( 'NONE', #3646, 1000.000000000000000 ) ;
#335 = ADVANCED_FACE ( 'NONE', ( #1611 ), #3011, .T. ) ;
#336 = VECTOR ( 'NONE', #3764, 1000.000000000000000 ) ;
#337 = ADVANCED_FACE ( 'NONE', ( #4512 ), #2797, .F. ) ;
#338 = ORIENTED_EDGE ( 'NONE', *, *, #794, .T. ) ;
#339 = CIRCLE ( 'NONE', #926, 1.000000000000000888 ) ;
#340 = PLANE ( 'NONE',  #1002 ) ;
#341 = ORIENTED_EDGE ( 'NONE', *, *, #3207, .F. ) ;
#342 = VECTOR ( 'NONE', #3667, 1000.000000000000000 ) ;
#343 = LINE ( 'NONE', #1049, #1700 ) ;
#344 = CIRCLE ( 'NONE', #1500, 0.5000000000000004441 ) ;
#345 = EDGE_CURVE ( 'NONE', #2747, #143, #4315, .T. ) ;
#346 = CARTESIAN_POINT ( 'NONE',  ( 57.45000000000005969, 1.899999999999999023, -64.95000000000005969 ) ) ;
#347 = ORIENTED_EDGE ( 'NONE', *, *, #4335, .F. ) ;
#349 = VECTOR ( 'NONE', #1016, 1000.000000000000000 ) ;
#348 = VECTOR ( 'NONE', #4197, 1000.000000000000000 ) ;
#350 = DIRECTION ( 'NONE',  ( -1.000000000000000000, 0.000000000000000000, 6.938893903907221278E-15 ) ) ;
#351 = VERTEX_POINT ( 'NONE', #3816 ) ;
#352 = ORIENTED_EDGE ( 'NONE', *, *, #940, .T. ) ;
#353 = FACE_OUTER_BOUND ( 'NONE', #1105, .T. ) ;
#354 = DIRECTION ( 'NONE',  ( 0.000000000000000000, 0.000000000000000000, -1.000000000000000000 ) ) ;
#355 = ADVANCED_FACE ( 'NONE', ( #2541 ), #2072, .T. ) ;
#356 = ADVANCED_FACE ( 'NONE', ( #2196 ), #684, .T. ) ;
#357 = ORIENTED_EDGE ( 'NONE', *, *, #2913, .F. ) ;
#358 = FACE_OUTER_BOUND ( 'NONE', #1357, .T. ) ;
#359 = CARTESIAN_POINT ( 'NONE',  ( 0.000000000000000000, 5.150000000000000355, 0.000000000000000000 ) ) ;
#360 = EDGE_CURVE ( 'NONE', #2440, #2869, #3862, .T. ) ;
#361 = FACE_OUTER_BOUND ( 'NONE', #145, .T. ) ;
#362 = EDGE_LOOP ( 'NONE', ( #3960, #1968, #1291, #245 ) ) ;
#363 = ADVANCED_FACE ( 'NONE', ( #2774, #1405, #746 ), #2113, .F. ) ;
#364 = VECTOR ( 'NONE', #2715, 1000.000000000000000 ) ;
#365 = DIRECTION ( 'NONE',  ( 0.000000000000000000, 0.000000000000000000, -1.000000000000000000 ) ) ;
#366 = ORIENTED_EDGE ( 'NONE', *, *, #1690, .F. ) ;
#367 = PLANE ( 'NONE',  #2965 ) ;
#368 = LINE ( 'NONE', #391, #544 ) ;
#369 = ORIENTED_EDGE ( 'NONE', *, *, #2655, .F. ) ;
#370 = ORIENTED_EDGE ( 'NONE', *, *, #1441, .F. ) ;
#371 = DIRECTION ( 'NONE',  ( -0.000000000000000000, 1.000000000000000000, -0.000000000000000000 ) ) ;
#372 = VECTOR ( 'NONE', #2445, 1000.000000000000000 ) ;
#373 = PLANE ( 'NONE',  #1674 ) ;
#374 = EDGE_LOOP ( 'NONE', ( #3898, #868, #752, #1242 ) ) ;
#375 = CARTESIAN_POINT ( 'NONE',  ( 65.75000000000000000, 2.100000000000000089, 55.74999999999999289 ) ) ;
#376 = DIRECTION ( 'NONE',  ( 0.000000000000000000, 0.000000000000000000, 1.000000000000000000 ) ) ;
#377 = DIRECTION ( 'NONE',  ( -0.000000000000000000, -1.000000000000000000, -0.000000000000000000 ) ) ;
#378 = EDGE_CURVE ( 'NONE', #2595, #2936, #3251, .T. ) ;
#379 = LINE ( 'NONE', #1463, #1367 ) ;
#380 = EDGE_CURVE ( 'NONE', #750, #937, #10, .T. ) ;
#381 = VERTEX_POINT ( 'NONE', #2902 ) ;
#382 = CARTESIAN_POINT ( 'NONE',  ( 67.25000000000000000, 2.100000000000000089, 67.25000000000000000 ) ) ;
#383 = ORIENTED_EDGE ( 'NONE', *, *, #4153, .F. ) ;
#384 = FACE_OUTER_BOUND ( 'NONE', #3447, .T. ) ;
#385 = CIRCLE ( 'NONE', #4106, 1.999999999999946265 ) ;
#386 = DIRECTION ( 'NONE',  ( 1.276177040671872737E-16, 0.000000000000000000, 1.000000000000000000 ) ) ;
#387 = ORIENTED_EDGE ( 'NONE', *, *, #742, .F. ) ;
#388 = AXIS2_PLACEMENT_3D ( 'NONE', #1992, #583, #3020 ) ;
#389 = DIRECTION ( 'NONE',  ( -0.000000000000000000, 0.000000000000000000, 1.000000000000000000 ) ) ;
#390 = ORIENTED_EDGE ( 'NONE', *, *, #2342, .T. ) ;
#391 = CARTESIAN_POINT ( 'NONE',  ( 0.000000000000000000, 3.149999999999999911, -62.25000000000000000 ) ) ;
#392 = ORIENTED_EDGE ( 'NONE', *, *, #3316, .T. ) ;
#393 = ORIENTED_EDGE ( 'NONE', *, *, #1361, .T. ) ;
#394 = CARTESIAN_POINT ( 'NONE',  ( -65.75000000000000000, 4.100000000000000533, 53.74999999999997158 ) ) ;
#395 = VERTEX_POINT ( 'NONE', #4291 ) ;
#396 = CARTESIAN_POINT ( 'NONE',  ( 30.33620689655305114, 3.149999999999999911, -70.78448275862051275 ) ) ;
#397 = VECTOR ( 'NONE', #1533, 1000.000000000000000 ) ;
#398 = CARTESIAN_POINT ( 'NONE',  ( 66.45000000000005969, 2.200000000000000622, -66.95000000000005969 ) ) ;
#399 = EDGE_CURVE ( 'NONE', #1600, #3768, #1165, .T. ) ;
#400 = VECTOR ( 'NONE', #4292, 1000.000000000000000 ) ;
#401 = ORIENTED_EDGE ( 'NONE', *, *, #2251, .F. ) ;
#402 = ADVANCED_BREP_SHAPE_REPRESENTATION ( 'Sinar_Standard_Lensboard', ( #2042, #1472 ), #3391 ) ;
#403 = EDGE_CURVE ( 'NONE', #281, #480, #2601, .T. ) ;
#404 = CARTESIAN_POINT ( 'NONE',  ( -66.45000000000004547, 2.200000000000000622, 57.45000000000007390 ) ) ;
#405 = EDGE_LOOP ( 'NONE', ( #2499, #4069, #2687, #2293 ) ) ;
#406 = EDGE_CURVE ( 'NONE', #1462, #3773, #3803, .T. ) ;
#407 = LINE ( 'NONE', #60, #3255 ) ;
#408 = ORIENTED_EDGE ( 'NONE', *, *, #3154, .F. ) ;
#409 = LINE ( 'NONE', #1179, #859 ) ;
#410 = VECTOR ( 'NONE', #976, 1000.000000000000000 ) ;
#411 = VECTOR ( 'NONE', #2904, 1000.000000000000000 ) ;
#412 = DIRECTION ( 'NONE',  ( 0.000000000000000000, 0.000000000000000000, 1.000000000000000000 ) ) ;
#413 = ORIENTED_EDGE ( 'NONE', *, *, #1246, .F. ) ;
#414 = DIRECTION ( 'NONE',  ( 1.541976423090493661E-15, 0.000000000000000000, -1.000000000000000000 ) ) ;
#415 = ORIENTED_EDGE ( 'NONE', *, *, #2937, .T. ) ;
#416 = ORIENTED_EDGE ( 'NONE', *, *, #3724, .T. ) ;
#417 = AXIS2_PLACEMENT_3D ( 'NONE', #2355, #3750, #638 ) ;
#418 = LINE ( 'NONE', #1525, #3963 ) ;
#419 = AXIS2_PLACEMENT_3D ( 'NONE', #4446, #3476, #3159 ) ;
#420 = ORIENTED_EDGE ( 'NONE', *, *, #1448, .F. ) ;
#421 = VECTOR ( 'NONE', #2163, 1000.000000000000000 ) ;
#422 = PLANE ( 'NONE',  #3335 ) ;
#423 = CARTESIAN_POINT ( 'NONE',  ( 63.75000000000000000, 5.149999999999987921, 0.000000000000000000 ) ) ;
#424 = EDGE_CURVE ( 'NONE', #1973, #3951, #502, .T. ) ;
#425 = EDGE_LOOP ( 'NONE', ( #864, #1141, #4015, #1156, #1284, #2827, #1134, #2454, #585, #4408, #992 ) ) ;
#426 = DIRECTION ( 'NONE',  ( -1.000000000000000000, 0.000000000000000000, 0.000000000000000000 ) ) ;
#427 =( NAMED_UNIT ( * ) PLANE_ANGLE_UNIT ( ) SI_UNIT ( $, .RADIAN. ) );
#428 = DIRECTION ( 'NONE',  ( 0.000000000000000000, 1.000000000000000000, -0.000000000000000000 ) ) ;
#429 = LINE ( 'NONE', #2866, #4049 ) ;
#430 = AXIS2_PLACEMENT_3D ( 'NONE', #1307, #1994, #273 ) ;
#431 = VERTEX_POINT ( 'NONE', #1511 ) ;
#432 = DIRECTION ( 'NONE',  ( 1.000000000000000000, 0.000000000000000000, 0.000000000000000000 ) ) ;
#433 = EDGE_CURVE ( 'NONE', #781, #3211, #861, .T. ) ;
#434 = LINE ( 'NONE', #1495, #3549 ) ;
#435 = VERTEX_POINT ( 'NONE', #787 ) ;
#436 = VECTOR ( 'NONE', #1670, 1000.000000000000000 ) ;
#437 = DIRECTION ( 'NONE',  ( 0.000000000000000000, 0.000000000000000000, 1.000000000000000000 ) ) ;
#438 = ORIENTED_EDGE ( 'NONE', *, *, #119, .F. ) ;
#439 = VERTEX_POINT ( 'NONE', #2305 ) ;
#440 = EDGE_CURVE ( 'NONE', #32, #3385, #2229, .T. ) ;
#441 = CARTESIAN_POINT ( 'NONE',  ( 55.74999999999999289, 4.100000000000000533, -67.75000000000000000 ) ) ;
#442 = LINE ( 'NONE', #3650, #61 ) ;
#443 = VECTOR ( 'NONE', #2576, 1000.000000000000000 ) ;
#444 = ORIENTED_EDGE ( 'NONE', *, *, #4250, .F. ) ;
#445 = PLANE ( 'NONE',  #1420 ) ;
#446 = PLANE ( 'NONE',  #1289 ) ;
#447 = LINE ( 'NONE', #1823, #2874 ) ;
#448 = FACE_OUTER_BOUND ( 'NONE', #3274, .T. ) ;
#449 = CYLINDRICAL_SURFACE ( 'NONE', #648, 0.5000000000000004441 ) ;
#450 = CARTESIAN_POINT ( 'NONE',  ( 65.75000000000000000, 2.100000000000000089, -55.75000000000000711 ) ) ;
#451 = DATE_TIME_ROLE ( 'creation_date' ) ;
#452 = DIRECTION ( 'NONE',  ( 0.000000000000000000, 0.000000000000000000, 1.000000000000000000 ) ) ;
#453 = LINE ( 'NONE', #3539, #2452 ) ;
#454 = DIRECTION ( 'NONE',  ( 1.000000000000000000, 0.000000000000000000, -6.938893903907221278E-15 ) ) ;
#455 = ORIENTED_EDGE ( 'NONE', *, *, #1534, .F. ) ;
#456 = AXIS2_PLACEMENT_3D ( 'NONE', #4312, #68, #437 ) ;
#457 = CARTESIAN_POINT ( 'NONE',  ( 0.000000000000000000, 2.200000000000000622, 0.000000000000000000 ) ) ;
#458 = ORIENTED_EDGE ( 'NONE', *, *, #297, .T. ) ;
#459 = EDGE_LOOP ( 'NONE', ( #1356, #3427, #1617, #2771 ) ) ;
#460 = EDGE_CURVE ( 'NONE', #255, #2811, #2673, .T. ) ;
#461 = CARTESIAN_POINT ( 'NONE',  ( -39.57413793103354749, 3.149999999999999911, 16.96034482758643591 ) ) ;
#462 = DIRECTION ( 'NONE',  ( 0.000000000000000000, 0.000000000000000000, 1.000000000000000000 ) ) ;
#463 = AXIS2_PLACEMENT_3D ( 'NONE', #195, #1591, #1278 ) ;
#464 = DIRECTION ( 'NONE',  ( -0.000000000000000000, -1.000000000000000000, -0.000000000000000000 ) ) ;
#465 = CARTESIAN_POINT ( 'NONE',  ( 0.000000000000000000, 5.149999999999987921, -62.25000000000000000 ) ) ;
#466 = EDGE_CURVE ( 'NONE', #781, #26, #3660, .T. ) ;
#467 = EDGE_CURVE ( 'NONE', #1866, #2811, #4029, .T. ) ;
#468 = ORIENTED_EDGE ( 'NONE', *, *, #4096, .F. ) ;
#469 = PLANE ( 'NONE',  #2210 ) ;
#470 = FACE_OUTER_BOUND ( 'NONE', #1470, .T. ) ;
#471 = CARTESIAN_POINT ( 'NONE',  ( -50.24999999999998579, 3.149999999999986144, 62.25000000000000000 ) ) ;
#472 = CIRCLE ( 'NONE', #3747, 2.000000000000001776 ) ;
#473 = CARTESIAN_POINT ( 'NONE',  ( 0.000000000000000000, 4.100000000000000533, -67.50000000000000000 ) ) ;
#474 = APPLICATION_PROTOCOL_DEFINITION ( 'international standard', 'config_control_design', 1994, #862 ) ;
#475 = VECTOR ( 'NONE', #2614, 1000.000000000000000 ) ;
#476 = ORIENTED_EDGE ( 'NONE', *, *, #63, .T. ) ;
#477 = CARTESIAN_POINT ( 'NONE',  ( 62.25000000000000000, 5.149999999999987921, 0.000000000000000000 ) ) ;
#478 = ADVANCED_FACE ( 'NONE', ( #2462 ), #1831, .F. ) ;
#479 = LINE ( 'NONE', #1833, #1574 ) ;
#480 = VERTEX_POINT ( 'NONE', #4243 ) ;
#481 = DIRECTION ( 'NONE',  ( 0.000000000000000000, 0.000000000000000000, -1.000000000000000000 ) ) ;
#482 = ORIENTED_EDGE ( 'NONE', *, *, #380, .F. ) ;
#483 = CIRCLE ( 'NONE', #1646, 2.000000000000001776 ) ;
#484 = ORIENTED_EDGE ( 'NONE', *, *, #853, .F. ) ;
#485 = DIRECTION ( 'NONE',  ( 1.000000000000000000, 0.000000000000000000, -0.000000000000000000 ) ) ;
#486 = CARTESIAN_POINT ( 'NONE',  ( -56.95000000000005969, -18.09898987322328168, -65.45000000000005969 ) ) ;
#487 = VECTOR ( 'NONE', #464, 1000.000000000000000 ) ;
#488 = EDGE_CURVE ( 'NONE', #2179, #4429, #453, .T. ) ;
#489 = EDGE_CURVE ( 'NONE', #2680, #2404, #2829, .T. ) ;
#490 = LINE ( 'NONE', #4338, #2962 ) ;
#491 = CARTESIAN_POINT ( 'NONE',  ( 56.95000000000005969, -18.09898987322328168, -66.45000000000005969 ) ) ;
#492 = AXIS2_PLACEMENT_3D ( 'NONE', #3663, #4325, #884 ) ;
#493 = ORIENTED_EDGE ( 'NONE', *, *, #3035, .F. ) ;
#494 = VECTOR ( 'NONE', #2476, 1000.000000000000000 ) ;
#495 = LINE ( 'NONE', #3905, #4421 ) ;
#496 = VECTOR ( 'NONE', #4420, 1000.000000000000000 ) ;
#497 = EDGE_CURVE ( 'NONE', #1834, #1172, #409, .T. ) ;
#498 = EDGE_CURVE ( 'NONE', #856, #1885, #4224, .T. ) ;
#499 = CARTESIAN_POINT ( 'NONE',  ( 63.00000000000002842, 5.149999999999987921, 37.69999999999998153 ) ) ;
#500 = ORIENTED_EDGE ( 'NONE', *, *, #3316, .F. ) ;
#501 = LINE ( 'NONE', #21, #2260 ) ;
#502 = LINE ( 'NONE', #1872, #1087 ) ;
#503 = CARTESIAN_POINT ( 'NONE',  ( 4.149999999999917755, 15.69229576515475699, -6.126895681109402911E-15 ) ) ;
#504 = EDGE_CURVE ( 'NONE', #1462, #3366, #4283, .T. ) ;
#505 = CARTESIAN_POINT ( 'NONE',  ( -67.74999999999991473, 1.899999999999999023, -55.75000000000000000 ) ) ;
#506 = PERSON_AND_ORGANIZATION_ROLE ( 'creator' ) ;
#507 = EDGE_CURVE ( 'NONE', #3673, #2747, #1811, .T. ) ;
#508 = EDGE_LOOP ( 'NONE', ( #219, #1736, #949, #58, #256, #2338 ) ) ;
#509 = DIRECTION ( 'NONE',  ( 1.000000000000000000, 0.000000000000000000, -3.828531122015617717E-16 ) ) ;
#510 = DIRECTION ( 'NONE',  ( -0.000000000000000000, 1.000000000000000000, -0.000000000000000000 ) ) ;
#511 = ORIENTED_EDGE ( 'NONE', *, *, #2944, .F. ) ;
#512 = DIRECTION ( 'NONE',  ( 0.000000000000000000, 0.000000000000000000, -1.000000000000000000 ) ) ;
#513 = VERTEX_POINT ( 'NONE', #2555 ) ;
#514 = AXIS2_PLACEMENT_3D ( 'NONE', #2701, #2964, #2283 ) ;
#515 = EDGE_CURVE ( 'NONE', #3719, #1376, #124, .T. ) ;
#516 = ORIENTED_EDGE ( 'NONE', *, *, #292, .F. ) ;
#517 = DIRECTION ( 'NONE',  ( -0.000000000000000000, 1.000000000000000000, -0.000000000000000000 ) ) ;
#518 = DIRECTION ( 'NONE',  ( 0.000000000000000000, 0.000000000000000000, -1.000000000000000000 ) ) ;
#519 = VECTOR ( 'NONE', #1956, 1000.000000000000000 ) ;
#520 = VERTEX_POINT ( 'NONE', #2916 ) ;
#521 = EDGE_CURVE ( 'NONE', #1987, #2936, #3952, .T. ) ;
#522 = CARTESIAN_POINT ( 'NONE',  ( 57.45000000000007390, -18.09898987322328168, 64.95000000000004547 ) ) ;
#523 = ORIENTED_EDGE ( 'NONE', *, *, #4442, .T. ) ;
#524 = DIRECTION ( 'NONE',  ( -0.000000000000000000, -1.000000000000000000, -0.000000000000000000 ) ) ;
#525 = ADVANCED_FACE ( 'NONE', ( #1115 ), #3596, .T. ) ;
#526 = AXIS2_PLACEMENT_3D ( 'NONE', #3380, #1632, #1366 ) ;
#527 = EDGE_CURVE ( 'NONE', #3580, #856, #2147, .T. ) ;
#528 = LINE ( 'NONE', #4349, #3976 ) ;
#529 = EDGE_CURVE ( 'NONE', #2270, #1637, #4285, .T. ) ;
#530 = VERTEX_POINT ( 'NONE', #2533 ) ;
#531 = CARTESIAN_POINT ( 'NONE',  ( -67.50000000000001421, 4.100000000000000533, -8.549841925767509355E-15 ) ) ;
#532 = DIRECTION ( 'NONE',  ( 0.000000000000000000, 0.000000000000000000, 1.000000000000000000 ) ) ;
#533 = ORIENTED_EDGE ( 'NONE', *, *, #4335, .T. ) ;
#534 = DIRECTION ( 'NONE',  ( 0.000000000000000000, -1.000000000000000000, 0.000000000000000000 ) ) ;
#535 = EDGE_LOOP ( 'NONE', ( #1427, #4223, #4359, #1529 ) ) ;
#536 = ORIENTED_EDGE ( 'NONE', *, *, #3291, .F. ) ;
#537 = ORIENTED_EDGE ( 'NONE', *, *, #1791, .F. ) ;
#538 = DIRECTION ( 'NONE',  ( -0.000000000000000000, 1.000000000000000000, -0.000000000000000000 ) ) ;
#539 = DIRECTION ( 'NONE',  ( 0.000000000000000000, 0.000000000000000000, 1.000000000000000000 ) ) ;
#540 = LINE ( 'NONE', #491, #3219 ) ;
#541 = EDGE_LOOP ( 'NONE', ( #3652, #4436, #3181, #1798, #589, #1755, #198, #51, #2808, #1345, #1922, #1396, #2393, #2384, #2003, #3231, #2082, #2802, #739, #2240 ) ) ;
#542 = CARTESIAN_POINT ( 'NONE',  ( 4.149999999999917755, 5.150000000000000355, -6.126895681109402911E-15 ) ) ;
#543 = PRODUCT_DEFINITION_SHAPE ( 'NONE', 'NONE',  #2162 ) ;
#544 = VECTOR ( 'NONE', #3166, 1000.000000000000000 ) ;
#545 = DIRECTION ( 'NONE',  ( 0.000000000000000000, -1.000000000000000000, 0.000000000000000000 ) ) ;
#546 = AXIS2_PLACEMENT_3D ( 'NONE', #4070, #2261, #3697 ) ;
#547 = EDGE_LOOP ( 'NONE', ( #1817, #891, #3433, #4109 ) ) ;
#548 = CARTESIAN_POINT ( 'NONE',  ( 64.30000000000003979, 189.0178641211801107, 54.37250226860439284 ) ) ;
#549 = CARTESIAN_POINT ( 'NONE',  ( -63.75000000000001421, 189.0178641211801107, -63.75000000000002842 ) ) ;
#550 = EDGE_CURVE ( 'NONE', #1600, #3465, #3561, .T. ) ;
#551 = CARTESIAN_POINT ( 'NONE',  ( -65.74999999999998579, 5.149999999999987921, -55.75000000000000711 ) ) ;
#552 = ORIENTED_EDGE ( 'NONE', *, *, #467, .F. ) ;
#553 = CARTESIAN_POINT ( 'NONE',  ( -54.37250226860434310, 5.149999999999987921, 64.30000000000003979 ) ) ;
#554 = CARTESIAN_POINT ( 'NONE',  ( 35.95000000000002416, 3.149999999999986144, -62.25000000000001421 ) ) ;
#555 = ADVANCED_FACE ( 'NONE', ( #3275 ), #1519, .T. ) ;
#556 = CARTESIAN_POINT ( 'NONE',  ( -65.45000000000005969, -18.09898987322328168, -57.45000000000006679 ) ) ;
#557 = ORIENTED_EDGE ( 'NONE', *, *, #4247, .T. ) ;
#558 = VECTOR ( 'NONE', #4252, 1000.000000000000000 ) ;
#559 = CARTESIAN_POINT ( 'NONE',  ( -62.25000000000000000, 3.149999999999999911, 0.000000000000000000 ) ) ;
#560 = ORIENTED_EDGE ( 'NONE', *, *, #2569, .F. ) ;
#561 = LINE ( 'NONE', #2942, #334 ) ;
#562 = ORIENTED_EDGE ( 'NONE', *, *, #940, .F. ) ;
#563 = ADVANCED_FACE ( 'NONE', ( #1228 ), #3387, .F. ) ;
#564 = LINE ( 'NONE', #2177, #487 ) ;
#565 = DIRECTION ( 'NONE',  ( -0.000000000000000000, 1.000000000000000000, -0.000000000000000000 ) ) ;
#566 = AXIS2_PLACEMENT_3D ( 'NONE', #1257, #2637, #4042 ) ;
#567 = ORIENTED_EDGE ( 'NONE', *, *, #3515, .F. ) ;
#568 = DIRECTION ( 'NONE',  ( -0.000000000000000000, 1.000000000000000000, -0.000000000000000000 ) ) ;
#569 = CARTESIAN_POINT ( 'NONE',  ( -68.25000000000000000, 1.500000000000000000, -67.25000000000000000 ) ) ;
#570 = EDGE_CURVE ( 'NONE', #1231, #1243, #4010, .T. ) ;
#571 = VECTOR ( 'NONE', #3310, 1000.000000000000000 ) ;
#572 = VECTOR ( 'NONE', #4365, 1000.000000000000000 ) ;
#573 = EDGE_LOOP ( 'NONE', ( #2350, #1171, #1090, #3759 ) ) ;
#574 = PLANE ( 'NONE',  #4129 ) ;
#575 = VECTOR ( 'NONE', #4061, 1000.000000000000000 ) ;
#576 = CARTESIAN_POINT ( 'NONE',  ( 64.95000000000007390, -18.09898987322328168, 57.45000000000005969 ) ) ;
#577 = LINE ( 'NONE', #3639, #3264 ) ;
#578 = EDGE_CURVE ( 'NONE', #2532, #3813, #2256, .T. ) ;
#579 = VERTEX_POINT ( 'NONE', #553 ) ;
#580 = PLANE ( 'NONE',  #4367 ) ;
#581 = CYLINDRICAL_SURFACE ( 'NONE', #2451, 0.5000000000000004441 ) ;
#582 = EDGE_LOOP ( 'NONE', ( #1900, #1251, #669, #1325 ) ) ;
#583 = DIRECTION ( 'NONE',  ( -0.000000000000000000, 1.000000000000000000, -0.000000000000000000 ) ) ;
#584 = ORIENTED_EDGE ( 'NONE', *, *, #3887, .T. ) ;
#585 = ORIENTED_EDGE ( 'NONE', *, *, #4046, .F. ) ;
#586 = EDGE_CURVE ( 'NONE', #282, #1938, #1216, .T. ) ;
#587 = CARTESIAN_POINT ( 'NONE',  ( 63.00000000000002842, 189.0178641211801107, 37.69999999999998153 ) ) ;
#588 = CARTESIAN_POINT ( 'NONE',  ( 69.75000000000000000, 2.100000000000000089, -67.25000000000000000 ) ) ;
#589 = ORIENTED_EDGE ( 'NONE', *, *, #1482, .F. ) ;
#590 = CARTESIAN_POINT ( 'NONE',  ( 62.25000000000000000, 189.0178641211801107, 35.94999999999998153 ) ) ;
#591 = EDGE_CURVE ( 'NONE', #2165, #1298, #2352, .T. ) ;
#592 = DIRECTION ( 'NONE',  ( 0.000000000000000000, 0.000000000000000000, 1.000000000000000000 ) ) ;
#593 = AXIS2_PLACEMENT_3D ( 'NONE', #1480, #1840, #3301 ) ;
#594 = VERTEX_POINT ( 'NONE', #1317 ) ;
#595 = FACE_OUTER_BOUND ( 'NONE', #3142, .T. ) ;
#596 = CARTESIAN_POINT ( 'NONE',  ( 66.95000000000005969, 2.200000000000000622, -66.45000000000005969 ) ) ;
#597 = CARTESIAN_POINT ( 'NONE',  ( 55.75000000000000711, 5.149999999999987921, 63.74999999999998579 ) ) ;
#598 = ORIENTED_EDGE ( 'NONE', *, *, #2378, .T. ) ;
#599 = DIRECTION ( 'NONE',  ( -0.000000000000000000, -1.000000000000000000, -0.000000000000000000 ) ) ;
#600 = ORIENTED_EDGE ( 'NONE', *, *, #4250, .T. ) ;
#601 = CARTESIAN_POINT ( 'NONE',  ( 66.45000000000005969, 1.899999999999999023, -56.95000000000005969 ) ) ;
#602 = ORIENTED_EDGE ( 'NONE', *, *, #1982, .T. ) ;
#603 = ORIENTED_EDGE ( 'NONE', *, *, #3254, .F. ) ;
#604 = DIRECTION ( 'NONE',  ( -0.3939192985791800106, 0.000000000000000000, 0.9191450300180525890 ) ) ;
#605 = DIRECTION ( 'NONE',  ( 0.000000000000000000, 1.000000000000000000, -0.000000000000000000 ) ) ;
#606 = EDGE_CURVE ( 'NONE', #513, #3814, #4272, .T. ) ;
#607 = ORIENTED_EDGE ( 'NONE', *, *, #4280, .T. ) ;
#608 = VERTEX_POINT ( 'NONE', #2695 ) ;
#609 = PLANE ( 'NONE',  #3760 ) ;
#610 = CARTESIAN_POINT ( 'NONE',  ( -62.25000000000000000, 189.0178641211801107, 0.000000000000000000 ) ) ;
#611 = EDGE_CURVE ( 'NONE', #3465, #1054, #3151, .T. ) ;
#612 = EDGE_CURVE ( 'NONE', #128, #2035, #3449, .T. ) ;
#613 = EDGE_CURVE ( 'NONE', #431, #774, #1403, .T. ) ;
#614 = ORIENTED_EDGE ( 'NONE', *, *, #406, .T. ) ;
#615 = VECTOR ( 'NONE', #4428, 1000.000000000000000 ) ;
#616 = CARTESIAN_POINT ( 'NONE',  ( 6.938893903907228378E-15, 15.69229576515475699, 59.90000000000000568 ) ) ;
#617 = DIRECTION ( 'NONE',  ( -0.000000000000000000, -1.000000000000000000, -0.000000000000000000 ) ) ;
#618 = AXIS2_PLACEMENT_3D ( 'NONE', #2314, #1641, #3717 ) ;
#619 = EDGE_CURVE ( 'NONE', #2212, #3954, #2096, .T. ) ;
#620 = FACE_OUTER_BOUND ( 'NONE', #3920, .T. ) ;
#621 = ORIENTED_EDGE ( 'NONE', *, *, #1743, .F. ) ;
#622 = DIRECTION ( 'NONE',  ( 0.000000000000000000, 0.000000000000000000, 1.000000000000000000 ) ) ;
#623 = CARTESIAN_POINT ( 'NONE',  ( 66.95000000000005969, 1.899999999999999023, -66.45000000000005969 ) ) ;
#624 = VERTEX_POINT ( 'NONE', #1365 ) ;
#625 = DIRECTION ( 'NONE',  ( -0.9191450300180527000, 0.000000000000000000, 0.3939192985791800106 ) ) ;
#626 = ORIENTED_EDGE ( 'NONE', *, *, #3959, .T. ) ;
#627 = DIRECTION ( 'NONE',  ( 1.000000000000000000, 0.000000000000000000, -2.775557561562884646E-15 ) ) ;
#628 = DIRECTION ( 'NONE',  ( -0.000000000000000000, 1.000000000000000000, -0.000000000000000000 ) ) ;
#629 = ORIENTED_EDGE ( 'NONE', *, *, #205, .F. ) ;
#630 = ORIENTED_EDGE ( 'NONE', *, *, #3175, .T. ) ;
#631 = EDGE_CURVE ( 'NONE', #4429, #4163, #3795, .T. ) ;
#632 = CIRCLE ( 'NONE', #31, 2.000000000000001776 ) ;
#633 = LINE ( 'NONE', #967, #3817 ) ;
#634 = EDGE_LOOP ( 'NONE', ( #1019, #2249, #2786, #2573 ) ) ;
#635 = VERTEX_POINT ( 'NONE', #4213 ) ;
#636 = LINE ( 'NONE', #3796, #2059 ) ;
#637 = CARTESIAN_POINT ( 'NONE',  ( 7.214439433715382461E-15, 4.750000000000000000, 62.15000000000001279 ) ) ;
#638 = DIRECTION ( 'NONE',  ( 0.000000000000000000, 0.000000000000000000, -1.000000000000000000 ) ) ;
#639 = VECTOR ( 'NONE', #2449, 1000.000000000000000 ) ;
#640 = EDGE_CURVE ( 'NONE', #1914, #3805, #1020, .T. ) ;
#641 = CIRCLE ( 'NONE', #3688, 2.500000000000002220 ) ;
#642 = DIRECTION ( 'NONE',  ( 0.000000000000000000, 0.000000000000000000, -1.000000000000000000 ) ) ;
#643 = CIRCLE ( 'NONE', #4343, 0.5000000000000004441 ) ;
#644 = CARTESIAN_POINT ( 'NONE',  ( 67.50000000000000000, 2.100000000000000089, 0.000000000000000000 ) ) ;
#645 = VECTOR ( 'NONE', #3313, 1000.000000000000000 ) ;
#646 = EDGE_CURVE ( 'NONE', #1540, #1231, #3418, .T. ) ;
#647 = VERTEX_POINT ( 'NONE', #744 ) ;
#648 = AXIS2_PLACEMENT_3D ( 'NONE', #3948, #3978, #161 ) ;
#649 = CARTESIAN_POINT ( 'NONE',  ( -56.95000000000005258, -18.09898987322328168, 65.45000000000007390 ) ) ;
#650 = ORIENTED_EDGE ( 'NONE', *, *, #2348, .T. ) ;
#651 = DIRECTION ( 'NONE',  ( 0.000000000000000000, -1.000000000000000000, 0.000000000000000000 ) ) ;
#652 = VECTOR ( 'NONE', #510, 1000.000000000000000 ) ;
#653 = LINE ( 'NONE', #587, #3358 ) ;
#654 = DIRECTION ( 'NONE',  ( 0.000000000000000000, 0.000000000000000000, -1.000000000000000000 ) ) ;
#655 = CARTESIAN_POINT ( 'NONE',  ( -66.45000000000004547, 2.200000000000000622, 66.45000000000007390 ) ) ;
#656 = ORIENTED_EDGE ( 'NONE', *, *, #2429, .T. ) ;
#657 = CARTESIAN_POINT ( 'NONE',  ( 64.95000000000005969, -18.09898987322328168, -57.45000000000007390 ) ) ;
#658 = EDGE_CURVE ( 'NONE', #2773, #1202, #2748, .T. ) ;
#659 = FACE_OUTER_BOUND ( 'NONE', #1954, .T. ) ;
#660 = ORIENTED_EDGE ( 'NONE', *, *, #1046, .T. ) ;
#661 = ORIENTED_EDGE ( 'NONE', *, *, #136, .F. ) ;
#662 = DIRECTION ( 'NONE',  ( -0.000000000000000000, 1.000000000000000000, -0.000000000000000000 ) ) ;
#663 = CARTESIAN_POINT ( 'NONE',  ( 65.75000000000000000, 2.100000000000000089, 53.75000000000000711 ) ) ;
#664 = CIRCLE ( 'NONE', #2837, 2.000000000000001776 ) ;
#665 = CARTESIAN_POINT ( 'NONE',  ( 65.74999999999998579, 1.899999999999999023, 55.75000000000000000 ) ) ;
#666 = VECTOR ( 'NONE', #3942, 1000.000000000000000 ) ;
#667 = FACE_OUTER_BOUND ( 'NONE', #2548, .T. ) ;
#668 = ADVANCED_FACE ( 'NONE', ( #358 ), #2721, .F. ) ;
#669 = ORIENTED_EDGE ( 'NONE', *, *, #4296, .T. ) ;
#670 = ADVANCED_FACE ( 'NONE', ( #9 ), #331, .T. ) ;
#671 = DIRECTION ( 'NONE',  ( 0.000000000000000000, -1.000000000000000000, 0.000000000000000000 ) ) ;
#672 = EDGE_LOOP ( 'NONE', ( #1280, #3781 ) ) ;
#673 = CARTESIAN_POINT ( 'NONE',  ( -63.75000000000001421, 1.899999999999999023, -63.75000000000002842 ) ) ;
#674 = DIRECTION ( 'NONE',  ( -0.000000000000000000, -1.000000000000000000, -0.000000000000000000 ) ) ;
#675 = PLANE ( 'NONE',  #713 ) ;
#676 = LINE ( 'NONE', #4183, #2116 ) ;
#677 = ORIENTED_EDGE ( 'NONE', *, *, #3744, .T. ) ;
#678 = DIRECTION ( 'NONE',  ( 0.000000000000000000, 0.000000000000000000, 1.000000000000000000 ) ) ;
#679 = DIRECTION ( 'NONE',  ( 1.387778780781446464E-15, 0.000000000000000000, 1.000000000000000000 ) ) ;
#680 = ORIENTED_EDGE ( 'NONE', *, *, #1662, .F. ) ;
#681 = ORIENTED_EDGE ( 'NONE', *, *, #3260, .F. ) ;
#682 = CARTESIAN_POINT ( 'NONE',  ( 6.938893903907228378E-15, 15.69229576515475699, 57.65000000000000568 ) ) ;
#683 = DIRECTION ( 'NONE',  ( -0.000000000000000000, 1.000000000000000000, -0.000000000000000000 ) ) ;
#684 = PLANE ( 'NONE',  #2535 ) ;
#685 = VECTOR ( 'NONE', #1183, 1000.000000000000000 ) ;
#686 = DIRECTION ( 'NONE',  ( 0.000000000000000000, 1.000000000000000000, 0.000000000000000000 ) ) ;
#687 = EDGE_LOOP ( 'NONE', ( #1742, #226, #2799, #3321, #2475, #3822 ) ) ;
#688 = CC_DESIGN_APPROVAL ( #3002, ( #4110 ) ) ;
#689 = CARTESIAN_POINT ( 'NONE',  ( -30.33620689655305114, 3.149999999999999911, 70.78448275862051275 ) ) ;
#690 = ORIENTED_EDGE ( 'NONE', *, *, #137, .F. ) ;
#691 = CARTESIAN_POINT ( 'NONE',  ( 67.50000000000000000, 4.100000000000000533, -54.78175416344816284 ) ) ;
#692 = DIRECTION ( 'NONE',  ( -0.000000000000000000, -1.000000000000000000, -0.000000000000000000 ) ) ;
#693 = EDGE_CURVE ( 'NONE', #3893, #3287, #1508, .T. ) ;
#694 = FACE_OUTER_BOUND ( 'NONE', #1561, .T. ) ;
#695 = DIRECTION ( 'NONE',  ( 0.000000000000000000, 0.000000000000000000, -1.000000000000000000 ) ) ;
#696 = ORIENTED_EDGE ( 'NONE', *, *, #2058, .F. ) ;
#697 = EDGE_LOOP ( 'NONE', ( #2899, #2026, #2390, #2571 ) ) ;
#698 = DIRECTION ( 'NONE',  ( -0.000000000000000000, 1.000000000000000000, -0.000000000000000000 ) ) ;
#699 = EDGE_CURVE ( 'NONE', #1085, #827, #1126, .T. ) ;
#700 = ORIENTED_EDGE ( 'NONE', *, *, #4022, .F. ) ;
#701 = VERTEX_POINT ( 'NONE', #1148 ) ;
#702 = TOROIDAL_SURFACE ( 'NONE', #1775, 1.000000000000000000, 1.500000000000000000 ) ;
#703 = EDGE_CURVE ( 'NONE', #750, #4168, #3286, .T. ) ;
#704 = DIRECTION ( 'NONE',  ( 0.000000000000000000, 0.000000000000000000, 1.000000000000000000 ) ) ;
#705 = PLANE ( 'NONE',  #3690 ) ;
#706 = AXIS2_PLACEMENT_3D ( 'NONE', #2263, #917, #197 ) ;
#707 = AXIS2_PLACEMENT_3D ( 'NONE', #3791, #2027, #987 ) ;
#708 = ORIENTED_EDGE ( 'NONE', *, *, #2779, .F. ) ;
#709 = CARTESIAN_POINT ( 'NONE',  ( -54.78175416344814863, 4.100000000000000533, -67.50000000000000000 ) ) ;
#710 = EDGE_LOOP ( 'NONE', ( #1110, #1398, #2411, #215 ) ) ;
#711 = AXIS2_PLACEMENT_3D ( 'NONE', #2672, #2648, #4054 ) ;
#712 = LINE ( 'NONE', #4177, #3102 ) ;
#713 = AXIS2_PLACEMENT_3D ( 'NONE', #2807, #4473, #1694 ) ;
#714 = CARTESIAN_POINT ( 'NONE',  ( 64.95000000000005969, 1.899999999999999023, -57.45000000000007390 ) ) ;
#715 = VECTOR ( 'NONE', #599, 1000.000000000000000 ) ;
#716 = PLANE ( 'NONE',  #4179 ) ;
#717 = VERTEX_POINT ( 'NONE', #4320 ) ;
#718 = ORIENTED_EDGE ( 'NONE', *, *, #3290, .F. ) ;
#719 = CARTESIAN_POINT ( 'NONE',  ( 6.938893903907228378E-15, 3.349999999999999645, 59.90000000000000568 ) ) ;
#720 = EDGE_CURVE ( 'NONE', #2442, #3299, #3528, .T. ) ;
#721 = CARTESIAN_POINT ( 'NONE',  ( 0.000000000000000000, 4.750000000000000000, 0.000000000000000000 ) ) ;
#722 = DIRECTION ( 'NONE',  ( -0.000000000000000000, 1.000000000000000000, -0.000000000000000000 ) ) ;
#723 = EDGE_CURVE ( 'NONE', #2146, #520, #495, .T. ) ;
#724 = ORIENTED_EDGE ( 'NONE', *, *, #731, .F. ) ;
#725 = ORIENTED_EDGE ( 'NONE', *, *, #2800, .T. ) ;
#726 = DIRECTION ( 'NONE',  ( 0.000000000000000000, 1.000000000000000000, -0.000000000000000000 ) ) ;
#727 = CARTESIAN_POINT ( 'NONE',  ( -63.74999999999997158, 5.149999999999987921, 63.74999999999998579 ) ) ;
#728 = DIRECTION ( 'NONE',  ( 1.000000000000000000, 0.000000000000000000, -2.775557561562889379E-15 ) ) ;
#729 = VERTEX_POINT ( 'NONE', #2840 ) ;
#730 = CIRCLE ( 'NONE', #1447, 1.999999999999932498 ) ;
#731 = EDGE_CURVE ( 'NONE', #2068, #2839, #782, .T. ) ;
#732 = DIRECTION ( 'NONE',  ( 0.000000000000000000, 0.000000000000000000, -1.000000000000000000 ) ) ;
#733 = ORIENTED_EDGE ( 'NONE', *, *, #640, .F. ) ;
#734 = CARTESIAN_POINT ( 'NONE',  ( -69.75000000000000000, 2.100000000000000089, -69.75000000000000000 ) ) ;
#735 = CARTESIAN_POINT ( 'NONE',  ( 6.938893903907228378E-15, 15.69229576515475699, 55.75000000000000711 ) ) ;
#736 = FACE_OUTER_BOUND ( 'NONE', #4043, .T. ) ;
#737 = PLANE ( 'NONE',  #1406 ) ;
#738 = ORIENTED_EDGE ( 'NONE', *, *, #488, .T. ) ;
#739 = ORIENTED_EDGE ( 'NONE', *, *, #3338, .F. ) ;
#740 = VECTOR ( 'NONE', #617, 1000.000000000000000 ) ;
#741 = CARTESIAN_POINT ( 'NONE',  ( -64.95000000000004547, 1.899999999999999023, 57.45000000000007390 ) ) ;
#742 = EDGE_CURVE ( 'NONE', #3951, #1018, #3882, .T. ) ;
#743 = ORIENTED_EDGE ( 'NONE', *, *, #2860, .F. ) ;
#744 = CARTESIAN_POINT ( 'NONE',  ( 54.37250226860437863, 5.149999999999987921, -64.30000000000002558 ) ) ;
#745 = CARTESIAN_POINT ( 'NONE',  ( 0.000000000000000000, 189.0178641211801107, -62.25000000000000000 ) ) ;
#746 = FACE_BOUND ( 'NONE', #2227, .T. ) ;
#747 = ADVANCED_FACE ( 'NONE', ( #2180 ), #469, .T. ) ;
#748 = EDGE_CURVE ( 'NONE', #69, #2191, #1425, .T. ) ;
#749 = DIRECTION ( 'NONE',  ( 2.775557561562889379E-15, -0.000000000000000000, 1.000000000000000000 ) ) ;
#750 = VERTEX_POINT ( 'NONE', #251 ) ;
#751 = FACE_OUTER_BOUND ( 'NONE', #1044, .T. ) ;
#752 = ORIENTED_EDGE ( 'NONE', *, *, #3315, .F. ) ;
#753 = CALENDAR_DATE ( 2023, 17, 8 ) ;
#754 = CARTESIAN_POINT ( 'NONE',  ( 4.150000000000005684, 15.69229576515475699, 59.90000000000000568 ) ) ;
#755 = CARTESIAN_POINT ( 'NONE',  ( -66.45000000000005969, -18.09898987322328168, -57.45000000000006679 ) ) ;
#756 = CARTESIAN_POINT ( 'NONE',  ( -57.45000000000005258, 1.899999999999999023, 66.45000000000007390 ) ) ;
#757 = ORIENTED_EDGE ( 'NONE', *, *, #4088, .F. ) ;
#758 = ORIENTED_EDGE ( 'NONE', *, *, #2402, .T. ) ;
#759 = DIRECTION ( 'NONE',  ( -0.000000000000000000, 1.000000000000000000, -0.000000000000000000 ) ) ;
#760 = VERTEX_POINT ( 'NONE', #3028 ) ;
#761 = EDGE_CURVE ( 'NONE', #2921, #69, #3413, .T. ) ;
#762 = DIRECTION ( 'NONE',  ( 0.000000000000000000, 0.000000000000000000, -1.000000000000000000 ) ) ;
#763 = CARTESIAN_POINT ( 'NONE',  ( -57.45000000000005258, 2.200000000000000622, 66.95000000000008811 ) ) ;
#764 = ADVANCED_FACE ( 'NONE', ( #4409 ), #4076, .F. ) ;
#765 = VECTOR ( 'NONE', #1017, 1000.000000000000000 ) ;
#766 = ORIENTED_EDGE ( 'NONE', *, *, #527, .T. ) ;
#767 = FACE_OUTER_BOUND ( 'NONE', #1830, .T. ) ;
#768 = DIRECTION ( 'NONE',  ( 1.000000000000000000, 0.000000000000000000, 0.000000000000000000 ) ) ;
#769 = EDGE_LOOP ( 'NONE', ( #152, #916, #484, #3611 ) ) ;
#770 = DIRECTION ( 'NONE',  ( -0.000000000000000000, 0.000000000000000000, 1.000000000000000000 ) ) ;
#771 = CIRCLE ( 'NONE', #1721, 0.5000000000000004441 ) ;
#772 = AXIS2_PLACEMENT_3D ( 'NONE', #1217, #1244, #3055 ) ;
#773 = LINE ( 'NONE', #4426, #1223 ) ;
#774 = VERTEX_POINT ( 'NONE', #2949 ) ;
#775 = DIRECTION ( 'NONE',  ( 0.000000000000000000, 0.000000000000000000, 1.000000000000000000 ) ) ;
#776 = ORIENTED_EDGE ( 'NONE', *, *, #821, .F. ) ;
#777 = ORIENTED_EDGE ( 'NONE', *, *, #4516, .T. ) ;
#778 = VECTOR ( 'NONE', #1966, 1000.000000000000000 ) ;
#779 = CARTESIAN_POINT ( 'NONE',  ( -55.75000000000000000, 4.100000000000000533, 65.75000000000000000 ) ) ;
#780 = AXIS2_PLACEMENT_3D ( 'NONE', #1436, #454, #2851 ) ;
#781 = VERTEX_POINT ( 'NONE', #3304 ) ;
#782 = LINE ( 'NONE', #4233, #47 ) ;
#783 = DIRECTION ( 'NONE',  ( -0.000000000000000000, 1.000000000000000000, -0.000000000000000000 ) ) ;
#784 = CIRCLE ( 'NONE', #4351, 1.999999999999932498 ) ;
#785 = CARTESIAN_POINT ( 'NONE',  ( -66.45000000000004547, 1.899999999999999023, 57.45000000000007390 ) ) ;
#786 = DIRECTION ( 'NONE',  ( -0.000000000000000000, -1.000000000000000000, -0.000000000000000000 ) ) ;
#787 = CARTESIAN_POINT ( 'NONE',  ( -64.30000000000001137, 5.149999999999987921, 54.37250226860435731 ) ) ;
#788 = CARTESIAN_POINT ( 'NONE',  ( 66.95000000000007390, -18.09898987322328168, 66.45000000000004547 ) ) ;
#789 = EDGE_CURVE ( 'NONE', #1192, #2595, #1648, .T. ) ;
#790 = CARTESIAN_POINT ( 'NONE',  ( 66.45000000000007390, 2.200000000000000622, 66.95000000000004547 ) ) ;
#791 = VECTOR ( 'NONE', #192, 1000.000000000000114 ) ;
#792 = VERTEX_POINT ( 'NONE', #1916 ) ;
#793 = CARTESIAN_POINT ( 'NONE',  ( -67.25000000000000000, 1.500000000000000000, 67.25000000000000000 ) ) ;
#794 = EDGE_CURVE ( 'NONE', #876, #323, #153, .T. ) ;
#795 = LINE ( 'NONE', #1137, #4138 ) ;
#796 = ORIENTED_EDGE ( 'NONE', *, *, #1084, .F. ) ;
#797 = CIRCLE ( 'NONE', #2841, 2.500000000000002220 ) ;
#798 = CARTESIAN_POINT ( 'NONE',  ( -57.45000000000005258, 1.899999999999999023, 65.45000000000007390 ) ) ;
#799 = ORIENTED_EDGE ( 'NONE', *, *, #2977, .T. ) ;
#800 = ORIENTED_EDGE ( 'NONE', *, *, #1277, .F. ) ;
#801 = DIRECTION ( 'NONE',  ( 0.000000000000000000, 1.000000000000000000, -0.000000000000000000 ) ) ;
#802 = ADVANCED_FACE ( 'NONE', ( #204 ), #877, .T. ) ;
#803 = LINE ( 'NONE', #894, #3610 ) ;
#804 = LINE ( 'NONE', #2178, #2024 ) ;
#805 = AXIS2_PLACEMENT_3D ( 'NONE', #930, #2674, #2420 ) ;
#806 = EDGE_LOOP ( 'NONE', ( #1801, #2066, #2559, #1173 ) ) ;
#807 = DIRECTION ( 'NONE',  ( 0.000000000000000000, 0.000000000000000000, -1.000000000000000000 ) ) ;
#808 = EDGE_CURVE ( 'NONE', #2839, #2035, #846, .T. ) ;
#809 = DIRECTION ( 'NONE',  ( 1.476360405086632427E-15, 0.000000000000000000, 1.000000000000000000 ) ) ;
#810 = CARTESIAN_POINT ( 'NONE',  ( 57.45000000000005969, 1.899999999999999023, -65.45000000000007390 ) ) ;
#811 = APPROVAL_STATUS ( 'not_yet_approved' ) ;
#812 = EDGE_CURVE ( 'NONE', #3366, #2833, #2225, .T. ) ;
#813 = CARTESIAN_POINT ( 'NONE',  ( 62.25000000000000000, 5.149999999999987921, 35.94999999999998153 ) ) ;
#814 = ORIENTED_EDGE ( 'NONE', *, *, #4308, .T. ) ;
#815 = DIRECTION ( 'NONE',  ( 0.3939192985791770130, -0.000000000000000000, 0.9191450300180539212 ) ) ;
#816 = ORIENTED_EDGE ( 'NONE', *, *, #466, .F. ) ;
#817 = VECTOR ( 'NONE', #3600, 1000.000000000000000 ) ;
#818 = CARTESIAN_POINT ( 'NONE',  ( 67.25000000000000000, 2.100000000000000089, -67.25000000000000000 ) ) ;
#819 = ORIENTED_EDGE ( 'NONE', *, *, #1461, .T. ) ;
#820 = CARTESIAN_POINT ( 'NONE',  ( -63.74999999999997158, 189.0178641211801107, 0.000000000000000000 ) ) ;
#821 = EDGE_CURVE ( 'NONE', #2921, #3160, #1578, .T. ) ;
#822 = ADVANCED_FACE ( 'NONE', ( #2979 ), #609, .T. ) ;
#823 = DIRECTION ( 'NONE',  ( 0.000000000000000000, 0.000000000000000000, 1.000000000000000000 ) ) ;
#824 = VECTOR ( 'NONE', #2039, 1000.000000000000000 ) ;
#825 = CARTESIAN_POINT ( 'NONE',  ( -66.95000000000004547, 2.200000000000000622, 66.45000000000007390 ) ) ;
#826 = CARTESIAN_POINT ( 'NONE',  ( 65.45000000000007390, 1.899999999999999023, 57.45000000000005969 ) ) ;
#827 = VERTEX_POINT ( 'NONE', #1891 ) ;
#828 = EDGE_CURVE ( 'NONE', #1728, #897, #108, .T. ) ;
#829 = DIRECTION ( 'NONE',  ( -0.000000000000000000, 1.000000000000000000, -0.000000000000000000 ) ) ;
#830 = EDGE_CURVE ( 'NONE', #3344, #2758, #3353, .T. ) ;
#831 = ORIENTED_EDGE ( 'NONE', *, *, #1514, .T. ) ;
#832 = DIRECTION ( 'NONE',  ( 0.000000000000000000, 0.000000000000000000, -1.000000000000000000 ) ) ;
#833 = AXIS2_PLACEMENT_3D ( 'NONE', #232, #2353, #4487 ) ;
#834 = PLANE ( 'NONE',  #1930 ) ;
#835 = COORDINATED_UNIVERSAL_TIME_OFFSET ( 8, 0, .AHEAD. ) ;
#836 = AXIS2_PLACEMENT_3D ( 'NONE', #2873, #2923, #72 ) ;
#837 = ORIENTED_EDGE ( 'NONE', *, *, #1690, .T. ) ;
#838 = CARTESIAN_POINT ( 'NONE',  ( 16.96034482758638617, 3.149999999999999911, 39.57413793103380328 ) ) ;
#839 = ORIENTED_EDGE ( 'NONE', *, *, #2999, .T. ) ;
#840 = CARTESIAN_POINT ( 'NONE',  ( -66.95000000000004547, -18.09898987322328168, 66.45000000000007390 ) ) ;
#841 = VERTEX_POINT ( 'NONE', #4387 ) ;
#842 = AXIS2_PLACEMENT_3D ( 'NONE', #820, #1860, #3602 ) ;
#843 = CARTESIAN_POINT ( 'NONE',  ( -65.45000000000005969, 2.200000000000000622, -56.95000000000005969 ) ) ;
#844 = VERTEX_POINT ( 'NONE', #1264 ) ;
#845 = DIRECTION ( 'NONE',  ( -1.266643248261852789E-16, 0.000000000000000000, 1.000000000000000000 ) ) ;
#846 = CIRCLE ( 'NONE', #2368, 0.5000000000000004441 ) ;
#847 = CARTESIAN_POINT ( 'NONE',  ( -63.74999999999997158, 5.149999999999987921, 0.000000000000000000 ) ) ;
#848 = CARTESIAN_POINT ( 'NONE',  ( 63.74999999999992895, 189.0178641211801107, -8.847089727481711133E-14 ) ) ;
#849 = EDGE_CURVE ( 'NONE', #3731, #3322, #2642, .T. ) ;
#850 = ORIENTED_EDGE ( 'NONE', *, *, #1960, .T. ) ;
#851 = VECTOR ( 'NONE', #4190, 1000.000000000000000 ) ;
#852 = VECTOR ( 'NONE', #2488, 1000.000000000000000 ) ;
#853 = EDGE_CURVE ( 'NONE', #2328, #1018, #2300, .T. ) ;
#854 = EDGE_CURVE ( 'NONE', #760, #3401, #41, .T. ) ;
#855 = EDGE_CURVE ( 'NONE', #351, #1762, #3466, .T. ) ;
#856 = VERTEX_POINT ( 'NONE', #1808 ) ;
#857 = CARTESIAN_POINT ( 'NONE',  ( 0.000000000000000000, 189.0178641211801107, -64.30000000000002558 ) ) ;
#859 = VECTOR ( 'NONE', #509, 1000.000000000000000 ) ;
#858 = AXIS2_PLACEMENT_3D ( 'NONE', #4494, #2359, #1003 ) ;
#860 = CARTESIAN_POINT ( 'NONE',  ( 65.75000000000000000, 4.100000000000000533, 55.74999999999999289 ) ) ;
#861 = LINE ( 'NONE', #4005, #3212 ) ;
#862 = APPLICATION_CONTEXT ( 'configuration controlled 3d designs of mechanical parts and assemblies' ) ;
#863 = LINE ( 'NONE', #3950, #4270 ) ;
#864 = ORIENTED_EDGE ( 'NONE', *, *, #997, .F. ) ;
#865 = LINE ( 'NONE', #887, #2516 ) ;
#866 = EDGE_LOOP ( 'NONE', ( #4389, #2557, #3483, #2941 ) ) ;
#867 = LINE ( 'NONE', #889, #615 ) ;
#868 = ORIENTED_EDGE ( 'NONE', *, *, #2465, .F. ) ;
#869 = CARTESIAN_POINT ( 'NONE',  ( 69.75000000000000000, 2.100000000000000089, 69.75000000000000000 ) ) ;
#870 = VECTOR ( 'NONE', #627, 1000.000000000000000 ) ;
#871 = EDGE_LOOP ( 'NONE', ( #4095, #1907, #306, #3811 ) ) ;
#872 = LINE ( 'NONE', #1237, #1199 ) ;
#873 = CARTESIAN_POINT ( 'NONE',  ( -64.95000000000005969, 1.899999999999999023, -57.45000000000006679 ) ) ;
#874 = DIRECTION ( 'NONE',  ( -1.000000000000000000, -0.000000000000000000, 1.541976423090495042E-15 ) ) ;
#875 = CIRCLE ( 'NONE', #2769, 4.150000000000001243 ) ;
#876 = VERTEX_POINT ( 'NONE', #2345 ) ;
#877 = PLANE ( 'NONE',  #2658 ) ;
#878 = CARTESIAN_POINT ( 'NONE',  ( -62.25000000000000000, 5.149999999999987921, -35.95000000000000995 ) ) ;
#879 = ADVANCED_FACE ( 'NONE', ( #353, #2712 ), #2047, .F. ) ;
#880 = ORIENTED_EDGE ( 'NONE', *, *, #4195, .T. ) ;
#881 = DIRECTION ( 'NONE',  ( 1.000000000000000000, -0.000000000000000000, 5.551115123125785069E-15 ) ) ;
#882 = DIRECTION ( 'NONE',  ( 1.000000000000000000, 0.000000000000000000, 0.000000000000000000 ) ) ;
#883 = ADVANCED_FACE ( 'NONE', ( #1998 ), #1335, .T. ) ;
#884 = DIRECTION ( 'NONE',  ( 0.000000000000000000, 0.000000000000000000, 1.000000000000000000 ) ) ;
#885 = EDGE_CURVE ( 'NONE', #3445, #3058, #4057, .T. ) ;
#886 = ORIENTED_EDGE ( 'NONE', *, *, #1776, .T. ) ;
#887 = CARTESIAN_POINT ( 'NONE',  ( -67.74999999999998579, 1.899999999999999023, 67.75000000000001421 ) ) ;
#888 = ORIENTED_EDGE ( 'NONE', *, *, #612, .F. ) ;
#889 = CARTESIAN_POINT ( 'NONE',  ( 0.000000000000000000, 5.149999999999987921, 62.25000000000000000 ) ) ;
#890 = ORIENTED_EDGE ( 'NONE', *, *, #2561, .F. ) ;
#891 = ORIENTED_EDGE ( 'NONE', *, *, #578, .T. ) ;
#892 = ORIENTED_EDGE ( 'NONE', *, *, #2309, .T. ) ;
#893 = LINE ( 'NONE', #2265, #1062 ) ;
#894 = CARTESIAN_POINT ( 'NONE',  ( 54.78175416344817705, 4.100000000000000533, 67.49999999999998579 ) ) ;
#895 = PLANE ( 'NONE',  #2911 ) ;
#896 = AXIS2_PLACEMENT_3D ( 'NONE', #1710, #2061, #1012 ) ;
#897 = VERTEX_POINT ( 'NONE', #3101 ) ;
#898 = DIRECTION ( 'NONE',  ( -1.000000000000000000, 0.000000000000000000, -0.000000000000000000 ) ) ;
#899 = AXIS2_PLACEMENT_3D ( 'NONE', #1417, #1034, #4205 ) ;
#900 = FACE_OUTER_BOUND ( 'NONE', #1549, .T. ) ;
#901 = VECTOR ( 'NONE', #2455, 1000.000000000000000 ) ;
#902 = VERTEX_POINT ( 'NONE', #3225 ) ;
#903 = FACE_OUTER_BOUND ( 'NONE', #1712, .T. ) ;
#904 = CYLINDRICAL_SURFACE ( 'NONE', #2357, 1.500000000000001332 ) ;
#905 = LINE ( 'NONE', #2958, #1889 ) ;
#906 = CARTESIAN_POINT ( 'NONE',  ( 50.24999999999998579, 5.149999999999987921, -62.25000000000000000 ) ) ;
#907 = EDGE_CURVE ( 'NONE', #439, #3673, #1015, .T. ) ;
#908 = VERTEX_POINT ( 'NONE', #1358 ) ;
#909 = LINE ( 'NONE', #1252, #4222 ) ;
#910 = ADVANCED_FACE ( 'NONE', ( #2063 ), #1713, .F. ) ;
#911 = ADVANCED_FACE ( 'NONE', ( #4505 ), #1381, .T. ) ;
#912 = CARTESIAN_POINT ( 'NONE',  ( -65.75000000000000000, 5.149999999999987921, 55.75000000000000000 ) ) ;
#913 = ORIENTED_EDGE ( 'NONE', *, *, #3694, .F. ) ;
#914 = AXIS2_PLACEMENT_3D ( 'NONE', #2848, #3577, #3271 ) ;
#915 = CARTESIAN_POINT ( 'NONE',  ( -63.75000000000036238, 5.149999999999987921, -3.538835890992708687E-13 ) ) ;
#916 = ORIENTED_EDGE ( 'NONE', *, *, #2944, .T. ) ;
#917 = DIRECTION ( 'NONE',  ( -0.000000000000000000, 1.000000000000000000, -0.000000000000000000 ) ) ;
#918 = ORIENTED_EDGE ( 'NONE', *, *, #3348, .F. ) ;
#919 = DIRECTION ( 'NONE',  ( 0.000000000000000000, 0.000000000000000000, 1.000000000000000000 ) ) ;
#920 = CARTESIAN_POINT ( 'NONE',  ( 63.75000000000001421, 5.149999999999987921, 55.74999999999999289 ) ) ;
#921 = AXIS2_PLACEMENT_3D ( 'NONE', #4382, #3345, #4358 ) ;
#922 = ORIENTED_EDGE ( 'NONE', *, *, #4280, .F. ) ;
#923 = DIRECTION ( 'NONE',  ( -0.000000000000000000, 1.000000000000000000, -0.000000000000000000 ) ) ;
#924 = AXIS2_PLACEMENT_3D ( 'NONE', #3078, #2391, #1697 ) ;
#925 = FACE_OUTER_BOUND ( 'NONE', #4041, .T. ) ;
#926 = AXIS2_PLACEMENT_3D ( 'NONE', #2603, #4008, #3712 ) ;
#927 = AXIS2_PLACEMENT_3D ( 'NONE', #2443, #1086, #3838 ) ;
#928 = ORIENTED_EDGE ( 'NONE', *, *, #2070, .T. ) ;
#929 = FACE_OUTER_BOUND ( 'NONE', #238, .T. ) ;
#930 = CARTESIAN_POINT ( 'NONE',  ( -66.45000000000005969, -18.09898987322328168, -56.95000000000005969 ) ) ;
#931 = VECTOR ( 'NONE', #2017, 1000.000000000000000 ) ;
#932 = DIRECTION ( 'NONE',  ( -1.000000000000000000, 0.000000000000000000, 0.000000000000000000 ) ) ;
#933 = ORIENTED_EDGE ( 'NONE', *, *, #1301, .F. ) ;
#934 = CARTESIAN_POINT ( 'NONE',  ( 4.701100619897174489E-13, 4.100000000000000533, 67.75000000000046896 ) ) ;
#935 = EDGE_CURVE ( 'NONE', #1275, #2858, #641, .T. ) ;
#936 = CARTESIAN_POINT ( 'NONE',  ( 67.25000000000000000, 0.000000000000000000, -68.25000000000000000 ) ) ;
#937 = VERTEX_POINT ( 'NONE', #1399 ) ;
#938 = PLANE ( 'NONE',  #618 ) ;
#939 = ORIENTED_EDGE ( 'NONE', *, *, #1459, .T. ) ;
#940 = EDGE_CURVE ( 'NONE', #1885, #2773, #4186, .T. ) ;
#941 = VERTEX_POINT ( 'NONE', #719 ) ;
#942 = LINE ( 'NONE', #1691, #4438 ) ;
#943 = CARTESIAN_POINT ( 'NONE',  ( 57.45000000000005969, -18.09898987322328168, -66.95000000000007390 ) ) ;
#944 = VERTEX_POINT ( 'NONE', #2091 ) ;
#945 = ORIENTED_EDGE ( 'NONE', *, *, #703, .T. ) ;
#946 = CARTESIAN_POINT ( 'NONE',  ( -70.78448275862054118, 189.0178641211801107, -30.33620689655278113 ) ) ;
#947 = DIRECTION ( 'NONE',  ( 0.000000000000000000, 0.000000000000000000, -1.000000000000000000 ) ) ;
#948 = DIRECTION ( 'NONE',  ( 1.000000000000000000, 0.000000000000000000, 1.541976423090495042E-15 ) ) ;
#949 = ORIENTED_EDGE ( 'NONE', *, *, #2745, .T. ) ;
#950 = CARTESIAN_POINT ( 'NONE',  ( 55.75000000000001421, 1.899999999999999023, 67.74999999999991473 ) ) ;
#951 = CARTESIAN_POINT ( 'NONE',  ( 55.75000000000000711, 4.100000000000000533, 65.75000000000000000 ) ) ;
#952 = DIRECTION ( 'NONE',  ( -0.000000000000000000, 1.000000000000000000, -0.000000000000000000 ) ) ;
#953 = CIRCLE ( 'NONE', #4089, 1.999999999999988010 ) ;
#954 = ORIENTED_EDGE ( 'NONE', *, *, #2850, .F. ) ;
#955 = FACE_OUTER_BOUND ( 'NONE', #4355, .T. ) ;
#956 = DIRECTION ( 'NONE',  ( -0.000000000000000000, -1.000000000000000000, -0.000000000000000000 ) ) ;
#957 = ORIENTED_EDGE ( 'NONE', *, *, #658, .T. ) ;
#958 = EDGE_CURVE ( 'NONE', #4484, #1971, #4361, .T. ) ;
#959 = LINE ( 'NONE', #4402, #1042 ) ;
#960 = VERTEX_POINT ( 'NONE', #2198 ) ;
#961 = CARTESIAN_POINT ( 'NONE',  ( -70.78448275862055539, 3.149999999999999911, -30.33620689655279179 ) ) ;
#962 = LINE ( 'NONE', #4091, #1598 ) ;
#963 = ORIENTED_EDGE ( 'NONE', *, *, #2128, .T. ) ;
#964 = VERTEX_POINT ( 'NONE', #3256 ) ;
#965 = CARTESIAN_POINT ( 'NONE',  ( 0.000000000000000000, 1.900000000000000133, 0.000000000000000000 ) ) ;
#966 = ADVANCED_FACE ( 'NONE', ( #2242 ), #3324, .T. ) ;
#967 = CARTESIAN_POINT ( 'NONE',  ( 56.95000000000006679, 2.200000000000000622, 66.45000000000004547 ) ) ;
#968 = PLANE ( 'NONE',  #1878 ) ;
#969 = ORIENTED_EDGE ( 'NONE', *, *, #2563, .T. ) ;
#970 = ORIENTED_EDGE ( 'NONE', *, *, #2285, .T. ) ;
#971 = DIRECTION ( 'NONE',  ( 1.000000000000000000, 0.000000000000000000, 0.000000000000000000 ) ) ;
#972 = AXIS2_PLACEMENT_3D ( 'NONE', #139, #1531, #2931 ) ;
#973 = CARTESIAN_POINT ( 'NONE',  ( 66.45000000000007390, 1.899999999999999023, 66.45000000000004547 ) ) ;
#974 = CARTESIAN_POINT ( 'NONE',  ( 63.00000000000002842, 189.0178641211801107, 48.49999999999999289 ) ) ;
#975 = AXIS2_PLACEMENT_3D ( 'NONE', #3761, #2019, #2083 ) ;
#976 = DIRECTION ( 'NONE',  ( 1.000000000000000000, 0.000000000000000000, 5.204170427930403139E-15 ) ) ;
#977 = CARTESIAN_POINT ( 'NONE',  ( 67.74999999999990052, 4.100000000000000533, -9.402201239794288141E-14 ) ) ;
#978 = DIRECTION ( 'NONE',  ( -0.000000000000000000, -1.000000000000000000, -0.000000000000000000 ) ) ;
#979 = ORIENTED_EDGE ( 'NONE', *, *, #40, .F. ) ;
#980 = LINE ( 'NONE', #2104, #4035 ) ;
#981 = DIRECTION ( 'NONE',  ( 0.000000000000000000, 0.000000000000000000, -1.000000000000000000 ) ) ;
#982 = CARTESIAN_POINT ( 'NONE',  ( -65.45000000000004547, 1.899999999999999023, 57.45000000000007390 ) ) ;
#983 = AXIS2_PLACEMENT_3D ( 'NONE', #3743, #2247, #4411 ) ;
#984 = DIRECTION ( 'NONE',  ( 0.000000000000000000, 0.000000000000000000, -1.000000000000000000 ) ) ;
#985 = ORIENTED_EDGE ( 'NONE', *, *, #3842, .F. ) ;
#986 = ORIENTED_EDGE ( 'NONE', *, *, #606, .T. ) ;
#987 = DIRECTION ( 'NONE',  ( -8.326672684688672475E-15, 0.000000000000000000, -1.000000000000000000 ) ) ;
#988 = VECTOR ( 'NONE', #1819, 1000.000000000000000 ) ;
#989 = CARTESIAN_POINT ( 'NONE',  ( 37.69999999999998153, 5.149999999999987921, -63.00000000000004263 ) ) ;
#990 = CARTESIAN_POINT ( 'NONE',  ( -4.149999999999993250, 3.149999999999999911, 62.25000000000000000 ) ) ;
#991 = EDGE_CURVE ( 'NONE', #3113, #45, #3922, .T. ) ;
#992 = ORIENTED_EDGE ( 'NONE', *, *, #1735, .F. ) ;
#993 = EDGE_LOOP ( 'NONE', ( #196, #2460, #1339, #366 ) ) ;
#994 = DIRECTION ( 'NONE',  ( -1.000000000000000000, 0.000000000000000000, 0.000000000000000000 ) ) ;
#995 = CARTESIAN_POINT ( 'NONE',  ( 0.000000000000000000, 5.149999999999987921, -64.30000000000002558 ) ) ;
#996 = CIRCLE ( 'NONE', #3487, 1.999999999999932498 ) ;
#997 = EDGE_CURVE ( 'NONE', #960, #2620, #2924, .T. ) ;
#998 = AXIS2_PLACEMENT_3D ( 'NONE', #4477, #2741, #3124 ) ;
#999 = LINE ( 'NONE', #2010, #3047 ) ;
#1000 = VECTOR ( 'NONE', #3164, 1000.000000000000000 ) ;
#1001 = ORIENTED_EDGE ( 'NONE', *, *, #3968, .F. ) ;
#1002 = AXIS2_PLACEMENT_3D ( 'NONE', #2424, #3821, #1827 ) ;
#1003 = DIRECTION ( 'NONE',  ( 0.000000000000000000, 0.000000000000000000, 1.000000000000000000 ) ) ;
#1004 = ORIENTED_EDGE ( 'NONE', *, *, #2318, .T. ) ;
#1005 = FACE_OUTER_BOUND ( 'NONE', #508, .T. ) ;
#1006 = CARTESIAN_POINT ( 'NONE',  ( 55.74999999999999289, 5.149999999999987921, -65.75000000000000000 ) ) ;
#1007 = AXIS2_PLACEMENT_3D ( 'NONE', #404, #4305, #732 ) ;
#1008 = CARTESIAN_POINT ( 'NONE',  ( -57.45000000000005258, 1.899999999999999023, 64.95000000000007390 ) ) ;
#1009 = CARTESIAN_POINT ( 'NONE',  ( 66.95000000000005969, -18.09898987322328168, -66.45000000000005969 ) ) ;
#1010 = EDGE_CURVE ( 'NONE', #1402, #1592, #803, .T. ) ;
#1011 = LINE ( 'NONE', #2060, #186 ) ;
#1012 = DIRECTION ( 'NONE',  ( 0.000000000000000000, 0.000000000000000000, 1.000000000000000000 ) ) ;
#1013 = EDGE_LOOP ( 'NONE', ( #2693, #1859, #738, #1384 ) ) ;
#1014 = VERTEX_POINT ( 'NONE', #3300 ) ;
#1015 = LINE ( 'NONE', #3770, #2580 ) ;
#1016 = DIRECTION ( 'NONE',  ( -0.000000000000000000, 1.000000000000000000, -0.000000000000000000 ) ) ;
#1017 = DIRECTION ( 'NONE',  ( -0.000000000000000000, -1.000000000000000000, -0.000000000000000000 ) ) ;
#1018 = VERTEX_POINT ( 'NONE', #2522 ) ;
#1019 = ORIENTED_EDGE ( 'NONE', *, *, #1818, .F. ) ;
#1020 = LINE ( 'NONE', #1040, #3489 ) ;
#1021 = DIRECTION ( 'NONE',  ( -0.000000000000000000, -1.000000000000000000, -0.000000000000000000 ) ) ;
#1022 = VECTOR ( 'NONE', #3030, 1000.000000000000000 ) ;
#1023 = DIRECTION ( 'NONE',  ( -1.000000000000000000, 0.000000000000000000, -0.000000000000000000 ) ) ;
#1024 = DIRECTION ( 'NONE',  ( -1.276177040671872244E-16, 0.000000000000000000, -1.000000000000000000 ) ) ;
#1025 = EDGE_CURVE ( 'NONE', #2833, #1066, #4416, .T. ) ;
#1026 = EDGE_CURVE ( 'NONE', #1243, #98, #4132, .T. ) ;
#1027 = VERTEX_POINT ( 'NONE', #3941 ) ;
#1028 = AXIS2_PLACEMENT_3D ( 'NONE', #1050, #3869, #2492 ) ;
#1029 = FACE_OUTER_BOUND ( 'NONE', #2682, .T. ) ;
#1030 = ORIENTED_EDGE ( 'NONE', *, *, #1892, .F. ) ;
#1031 = ADVANCED_FACE ( 'NONE', ( #2875 ), #1503, .T. ) ;
#1032 = DIRECTION ( 'NONE',  ( 0.000000000000000000, -1.000000000000000000, 0.000000000000000000 ) ) ;
#1033 = CARTESIAN_POINT ( 'NONE',  ( 66.95000000000007390, 1.899999999999999023, 66.45000000000004547 ) ) ;
#1034 = DIRECTION ( 'NONE',  ( -1.000000000000000000, 0.000000000000000000, 0.000000000000000000 ) ) ;
#1035 = ORIENTED_EDGE ( 'NONE', *, *, #1961, .T. ) ;
#1036 = CARTESIAN_POINT ( 'NONE',  ( 67.25000000000000000, 4.100000000000000533, 67.25000000000000000 ) ) ;
#1037 = FACE_BOUND ( 'NONE', #3320, .T. ) ;
#1038 = ORIENTED_EDGE ( 'NONE', *, *, #228, .F. ) ;
#1039 = ORIENTED_EDGE ( 'NONE', *, *, #2407, .T. ) ;
#1040 = CARTESIAN_POINT ( 'NONE',  ( -64.30000000000002558, 2.100000000000000089, 8.205818371520142052E-15 ) ) ;
#1041 = EDGE_CURVE ( 'NONE', #1430, #26, #3676, .T. ) ;
#1042 = VECTOR ( 'NONE', #1232, 1000.000000000000000 ) ;
#1043 = DIRECTION ( 'NONE',  ( 0.9191450300180539212, 0.000000000000000000, -0.3939192985791770130 ) ) ;
#1044 = EDGE_LOOP ( 'NONE', ( #2236, #294, #3245, #630 ) ) ;
#1045 = CC_DESIGN_APPROVAL ( #2852, ( #1829 ) ) ;
#1046 = EDGE_CURVE ( 'NONE', #2179, #1676, #564, .T. ) ;
#1047 = FACE_OUTER_BOUND ( 'NONE', #2018, .T. ) ;
#1048 = ORIENTED_EDGE ( 'NONE', *, *, #570, .T. ) ;
#1049 = CARTESIAN_POINT ( 'NONE',  ( 0.000000000000000000, 4.100000000000000533, -69.75000000000000000 ) ) ;
#1050 = CARTESIAN_POINT ( 'NONE',  ( 57.45000000000007390, -18.09898987322328168, 66.45000000000004547 ) ) ;
#1051 = DIRECTION ( 'NONE',  ( 0.000000000000000000, -0.000000000000000000, -1.000000000000000000 ) ) ;
#1052 = ORIENTED_EDGE ( 'NONE', *, *, #3337, .T. ) ;
#1053 = CARTESIAN_POINT ( 'NONE',  ( 4.150000000000007461, 15.69229576515475699, 62.25000000000000000 ) ) ;
#1054 = VERTEX_POINT ( 'NONE', #2267 ) ;
#1055 = VERTEX_POINT ( 'NONE', #1572 ) ;
#1056 = CARTESIAN_POINT ( 'NONE',  ( -16.96034482758659578, 5.149999999999987921, -39.57413793103288668 ) ) ;
#1057 = LINE ( 'NONE', #4166, #2233 ) ;
#1058 = VECTOR ( 'NONE', #2188, 1000.000000000000000 ) ;
#1059 = CARTESIAN_POINT ( 'NONE',  ( -65.74999999999997158, 1.899999999999999023, 55.75000000000002132 ) ) ;
#1060 = VERTEX_POINT ( 'NONE', #4268 ) ;
#1061 = ORIENTED_EDGE ( 'NONE', *, *, #3063, .F. ) ;
#1062 = VECTOR ( 'NONE', #4098, 1000.000000000000000 ) ;
#1063 = CARTESIAN_POINT ( 'NONE',  ( 64.95000000000007390, -18.09898987322328168, 57.45000000000005969 ) ) ;
#1064 = DIRECTION ( 'NONE',  ( -1.000000000000000000, 0.000000000000000000, 3.828531122015618210E-16 ) ) ;
#1065 = VECTOR ( 'NONE', #3831, 1000.000000000000000 ) ;
#1066 = VERTEX_POINT ( 'NONE', #1547 ) ;
#1067 = AXIS2_PLACEMENT_3D ( 'NONE', #1370, #2053, #3453 ) ;
#1068 = DIRECTION ( 'NONE',  ( -0.000000000000000000, 0.000000000000000000, 1.000000000000000000 ) ) ;
#1069 = ORIENTED_EDGE ( 'NONE', *, *, #4393, .T. ) ;
#1070 = VECTOR ( 'NONE', #4486, 1000.000000000000000 ) ;
#1071 = DIRECTION ( 'NONE',  ( 0.000000000000000000, -0.000000000000000000, -1.000000000000000000 ) ) ;
#1072 = EDGE_CURVE ( 'NONE', #2270, #635, #2566, .T. ) ;
#1073 = PLANE ( 'NONE',  #914 ) ;
#1074 = VECTOR ( 'NONE', #762, 1000.000000000000000 ) ;
#1075 = ORIENTED_EDGE ( 'NONE', *, *, #3968, .T. ) ;
#1076 = EDGE_CURVE ( 'NONE', #4475, #4460, #4496, .T. ) ;
#1077 = CARTESIAN_POINT ( 'NONE',  ( -67.25000000000000000, 1.500000000000000000, 67.25000000000000000 ) ) ;
#1078 = CIRCLE ( 'NONE', #4502, 1.500000000000001332 ) ;
#1079 = FACE_OUTER_BOUND ( 'NONE', #2291, .T. ) ;
#1080 = ORIENTED_EDGE ( 'NONE', *, *, #3388, .F. ) ;
#1081 = ORIENTED_EDGE ( 'NONE', *, *, #1082, .F. ) ;
#1082 = EDGE_CURVE ( 'NONE', #841, #1014, #490, .T. ) ;
#1083 = LINE ( 'NONE', #1715, #1360 ) ;
#1084 = EDGE_CURVE ( 'NONE', #827, #1409, #4344, .T. ) ;
#1085 = VERTEX_POINT ( 'NONE', #1239 ) ;
#1086 = DIRECTION ( 'NONE',  ( 0.000000000000000000, 1.000000000000000000, -0.000000000000000000 ) ) ;
#1087 = VECTOR ( 'NONE', #2957, 1000.000000000000000 ) ;
#1088 = FACE_OUTER_BOUND ( 'NONE', #2298, .T. ) ;
#1089 = VECTOR ( 'NONE', #3545, 1000.000000000000000 ) ;
#1090 = ORIENTED_EDGE ( 'NONE', *, *, #2219, .F. ) ;
#1091 = VECTOR ( 'NONE', #2784, 1000.000000000000000 ) ;
#1092 = EDGE_CURVE ( 'NONE', #3400, #3543, #1144, .T. ) ;
#1093 = PLANE ( 'NONE',  #2755 ) ;
#1094 = VERTEX_POINT ( 'NONE', #1526 ) ;
#1095 = PERSON_AND_ORGANIZATION_ROLE ( 'creator' ) ;
#1096 = CYLINDRICAL_SURFACE ( 'NONE', #1028, 0.5000000000000143219 ) ;
#1097 = VERTEX_POINT ( 'NONE', #4293 ) ;
#1098 = DIRECTION ( 'NONE',  ( 1.000000000000000000, 0.000000000000000000, -1.284980352575412305E-15 ) ) ;
#1099 = CARTESIAN_POINT ( 'NONE',  ( 65.45000000000007390, 1.899999999999999023, 56.95000000000005969 ) ) ;
#1100 = ORIENTED_EDGE ( 'NONE', *, *, #4298, .F. ) ;
#1101 = ORIENTED_EDGE ( 'NONE', *, *, #2776, .F. ) ;
#1102 = AXIS2_PLACEMENT_3D ( 'NONE', #3513, #2467, #376 ) ;
#1103 = LINE ( 'NONE', #4336, #175 ) ;
#1104 = EDGE_CURVE ( 'NONE', #3877, #381, #1167, .T. ) ;
#1105 = EDGE_LOOP ( 'NONE', ( #939, #178, #3390, #3232, #2125, #3149, #3027 ) ) ;
#1106 = CARTESIAN_POINT ( 'NONE',  ( 57.45000000000007390, -18.09898987322328168, 66.95000000000005969 ) ) ;
#1107 = EDGE_CURVE ( 'NONE', #2930, #2532, #1649, .T. ) ;
#1108 = CARTESIAN_POINT ( 'NONE',  ( -1.880440247958853084E-13, 4.100000000000000533, -67.74999999999985789 ) ) ;
#1109 = CARTESIAN_POINT ( 'NONE',  ( 67.75000000000000000, 1.899999999999999023, -67.75000000000000000 ) ) ;
#1110 = ORIENTED_EDGE ( 'NONE', *, *, #885, .T. ) ;
#1111 = CARTESIAN_POINT ( 'NONE',  ( -54.78175416344816995, 2.100000000000000977, 67.49999999999992895 ) ) ;
#1112 = AXIS2_PLACEMENT_3D ( 'NONE', #115, #4003, #3307 ) ;
#1113 = CARTESIAN_POINT ( 'NONE',  ( 67.75000000000000000, 4.100000000000000533, -67.75000000000000000 ) ) ;
#1114 = ORIENTED_EDGE ( 'NONE', *, *, #578, .F. ) ;
#1115 = FACE_OUTER_BOUND ( 'NONE', #3741, .T. ) ;
#1116 = EDGE_CURVE ( 'NONE', #1795, #1055, #4267, .T. ) ;
#1117 = VECTOR ( 'NONE', #4014, 1000.000000000000000 ) ;
#1118 = LINE ( 'NONE', #82, #652 ) ;
#1119 = ORIENTED_EDGE ( 'NONE', *, *, #1271, .T. ) ;
#1120 = LINE ( 'NONE', #2498, #2630 ) ;
#1121 = ORIENTED_EDGE ( 'NONE', *, *, #403, .T. ) ;
#1122 = VERTEX_POINT ( 'NONE', #3023 ) ;
#1123 = EDGE_CURVE ( 'NONE', #3191, #1881, #2207, .T. ) ;
#1124 = CARTESIAN_POINT ( 'NONE',  ( 65.75000000000000000, 5.149999999999987921, 55.74999999999999289 ) ) ;
#1125 = EDGE_LOOP ( 'NONE', ( #1273, #3671, #1039, #661 ) ) ;
#1126 = LINE ( 'NONE', #2878, #4062 ) ;
#1127 = EDGE_CURVE ( 'NONE', #608, #203, #2664, .T. ) ;
#1128 = VECTOR ( 'NONE', #3659, 1000.000000000000000 ) ;
#1129 = DIRECTION ( 'NONE',  ( -1.000000000000000000, 0.000000000000000000, -6.938893903907230744E-15 ) ) ;
#1130 = CARTESIAN_POINT ( 'NONE',  ( -66.95000000000005969, 2.200000000000000622, 57.45000000000007390 ) ) ;
#1131 = CARTESIAN_POINT ( 'NONE',  ( -67.25000000000000000, 2.100000000000000089, -69.75000000000000000 ) ) ;
#1132 = APPROVAL_STATUS ( 'not_yet_approved' ) ;
#1133 = CYLINDRICAL_SURFACE ( 'NONE', #1708, 0.5000000000000004441 ) ;
#1134 = ORIENTED_EDGE ( 'NONE', *, *, #1362, .F. ) ;
#1135 = AXIS2_PLACEMENT_3D ( 'NONE', #3039, #237, #2551 ) ;
#1136 = AXIS2_PLACEMENT_3D ( 'NONE', #1281, #1669, #919 ) ;
#1137 = CARTESIAN_POINT ( 'NONE',  ( -67.75000000000000000, 1.899999999999999023, -67.75000000000000000 ) ) ;
#1138 = CARTESIAN_POINT ( 'NONE',  ( 63.00000000000002842, 5.149999999999987921, 48.49999999999999289 ) ) ;
#1139 = ORIENTED_EDGE ( 'NONE', *, *, #1675, .T. ) ;
#1140 = EDGE_CURVE ( 'NONE', #2869, #2676, #2339, .T. ) ;
#1141 = ORIENTED_EDGE ( 'NONE', *, *, #2309, .F. ) ;
#1142 = VECTOR ( 'NONE', #3037, 1000.000000000000000 ) ;
#1143 = LINE ( 'NONE', #2176, #252 ) ;
#1144 = LINE ( 'NONE', #109, #411 ) ;
#1145 = CARTESIAN_POINT ( 'NONE',  ( -67.74999999999991473, 4.100000000000000533, -55.75000000000000000 ) ) ;
#1146 = VECTOR ( 'NONE', #2759, 1000.000000000000000 ) ;
#1147 = ORIENTED_EDGE ( 'NONE', *, *, #1892, .T. ) ;
#1148 = CARTESIAN_POINT ( 'NONE',  ( 63.75000000000005684, 1.899999999999999023, 55.75000000000000000 ) ) ;
#1149 = CARTESIAN_POINT ( 'NONE',  ( 6.938893903907228378E-15, 3.149999999999999911, 59.90000000000000568 ) ) ;
#1150 = FACE_OUTER_BOUND ( 'NONE', #3330, .T. ) ;
#1151 = LINE ( 'NONE', #2185, #1437 ) ;
#1152 = EDGE_CURVE ( 'NONE', #1996, #3361, #3395, .T. ) ;
#1153 = APPROVAL_STATUS ( 'not_yet_approved' ) ;
#1154 = LINE ( 'NONE', #77, #2950 ) ;
#1155 = VECTOR ( 'NONE', #1168, 1000.000000000000000 ) ;
#1156 = ORIENTED_EDGE ( 'NONE', *, *, #4327, .F. ) ;
#1157 = CARTESIAN_POINT ( 'NONE',  ( -63.74999999999997158, 189.0178641211801107, 63.74999999999998579 ) ) ;
#1158 = EDGE_CURVE ( 'NONE', #98, #4009, #3419, .T. ) ;
#1159 = ADVANCED_FACE ( 'NONE', ( #2639 ), #246, .T. ) ;
#1160 = FACE_OUTER_BOUND ( 'NONE', #2425, .T. ) ;
#1161 = ORIENTED_EDGE ( 'NONE', *, *, #3638, .T. ) ;
#1162 = DIRECTION ( 'NONE',  ( 0.000000000000000000, 0.000000000000000000, -1.000000000000000000 ) ) ;
#1163 = ORIENTED_EDGE ( 'NONE', *, *, #289, .F. ) ;
#1164 = DIRECTION ( 'NONE',  ( 0.000000000000000000, 1.000000000000000000, 0.000000000000000000 ) ) ;
#1165 = LINE ( 'NONE', #2158, #3455 ) ;
#1166 = LINE ( 'NONE', #3514, #3819 ) ;
#1167 = LINE ( 'NONE', #825, #2137 ) ;
#1168 = DIRECTION ( 'NONE',  ( -1.000000000000000000, 0.000000000000000000, 0.000000000000000000 ) ) ;
#1169 = PLANE ( 'NONE',  #2097 ) ;
#1170 = VECTOR ( 'NONE', #3929, 1000.000000000000000 ) ;
#1171 = ORIENTED_EDGE ( 'NONE', *, *, #4120, .T. ) ;
#1172 = VERTEX_POINT ( 'NONE', #2707 ) ;
#1173 = ORIENTED_EDGE ( 'NONE', *, *, #2977, .F. ) ;
#1174 = DIRECTION ( 'NONE',  ( 1.387778780781463504E-14, -0.000000000000000000, 1.000000000000000000 ) ) ;
#1175 = DIRECTION ( 'NONE',  ( -1.000000000000000000, 0.000000000000000000, 1.476360405086632427E-15 ) ) ;
#1176 = LINE ( 'NONE', #3180, #1865 ) ;
#1177 = CALENDAR_DATE ( 2023, 17, 8 ) ;
#1178 = ORIENTED_EDGE ( 'NONE', *, *, #4238, .F. ) ;
#1179 = CARTESIAN_POINT ( 'NONE',  ( 2.461745511456043247E-14, 2.100000000000000089, 64.30000000000002558 ) ) ;
#1180 = EDGE_CURVE ( 'NONE', #1983, #2680, #664, .T. ) ;
#1181 = DIRECTION ( 'NONE',  ( -0.000000000000000000, -1.000000000000000000, -0.000000000000000000 ) ) ;
#1182 = ORIENTED_EDGE ( 'NONE', *, *, #289, .T. ) ;
#1183 = DIRECTION ( 'NONE',  ( 1.000000000000000000, 0.000000000000000000, 1.387778780781444492E-15 ) ) ;
#1184 = ORIENTED_EDGE ( 'NONE', *, *, #3863, .F. ) ;
#1185 = FACE_OUTER_BOUND ( 'NONE', #3701, .T. ) ;
#1186 = EDGE_CURVE ( 'NONE', #2537, #2517, #4090, .T. ) ;
#1187 = EDGE_CURVE ( 'NONE', #2617, #3951, #653, .T. ) ;
#1188 = ORIENTED_EDGE ( 'NONE', *, *, #4092, .F. ) ;
#1189 = LINE ( 'NONE', #4316, #1560 ) ;
#1190 = DIRECTION ( 'NONE',  ( -1.000000000000000000, 0.000000000000000000, 0.000000000000000000 ) ) ;
#1191 = CARTESIAN_POINT ( 'NONE',  ( 6.938893903907228378E-15, 15.69229576515475699, 59.90000000000000568 ) ) ;
#1192 = VERTEX_POINT ( 'NONE', #1621 ) ;
#1193 = ORIENTED_EDGE ( 'NONE', *, *, #3664, .F. ) ;
#1194 = CARTESIAN_POINT ( 'NONE',  ( 0.000000000000000000, 189.0178641211801107, -63.00000000000004263 ) ) ;
#1195 = DIRECTION ( 'NONE',  ( -1.000000000000000000, 0.000000000000000000, -0.000000000000000000 ) ) ;
#1196 = CARTESIAN_POINT ( 'NONE',  ( 8.095376221225095567E-14, 5.149999999999987921, 62.99999999999998579 ) ) ;
#1197 = AXIS2_PLACEMENT_3D ( 'NONE', #1767, #3185, #38 ) ;
#1198 = CARTESIAN_POINT ( 'NONE',  ( -67.25000000000000000, 1.500000000000000000, -69.75000000000000000 ) ) ;
#1199 = VECTOR ( 'NONE', #538, 1000.000000000000000 ) ;
#1200 = ORIENTED_EDGE ( 'NONE', *, *, #640, .T. ) ;
#1201 = DIRECTION ( 'NONE',  ( -6.938893903907230744E-15, 0.000000000000000000, 1.000000000000000000 ) ) ;
#1202 = VERTEX_POINT ( 'NONE', #4405 ) ;
#1203 = PLANE ( 'NONE',  #2048 ) ;
#1204 = ORIENTED_EDGE ( 'NONE', *, *, #1791, .T. ) ;
#1205 = LINE ( 'NONE', #148, #2439 ) ;
#1206 = EDGE_CURVE ( 'NONE', #4164, #3066, #2156, .T. ) ;
#1207 = VECTOR ( 'NONE', #2487, 1000.000000000000000 ) ;
#1208 = ORIENTED_EDGE ( 'NONE', *, *, #1319, .F. ) ;
#1209 = CARTESIAN_POINT ( 'NONE',  ( 57.45000000000007390, 2.200000000000000622, 66.45000000000004547 ) ) ;
#1210 = VECTOR ( 'NONE', #1863, 1000.000000000000000 ) ;
#1211 = DIRECTION ( 'NONE',  ( -0.000000000000000000, -1.000000000000000000, -0.000000000000000000 ) ) ;
#1212 = DIRECTION ( 'NONE',  ( 0.000000000000000000, 1.000000000000000000, -0.000000000000000000 ) ) ;
#1213 = VECTOR ( 'NONE', #1788, 1000.000000000000000 ) ;
#1214 = EDGE_CURVE ( 'NONE', #3211, #1430, #942, .T. ) ;
#1215 = ORIENTED_EDGE ( 'NONE', *, *, #1187, .T. ) ;
#1216 = CIRCLE ( 'NONE', #1855, 0.5000000000000004441 ) ;
#1217 = CARTESIAN_POINT ( 'NONE',  ( 6.938893903907228378E-15, 5.150000000000000355, 59.90000000000000568 ) ) ;
#1218 = EDGE_CURVE ( 'NONE', #2049, #1728, #3094, .T. ) ;
#1219 = DIRECTION ( 'NONE',  ( 1.000000000000000000, 0.000000000000000000, -1.541976423090496225E-15 ) ) ;
#1220 = VECTOR ( 'NONE', #2281, 999.9999999999998863 ) ;
#1221 = ORIENTED_EDGE ( 'NONE', *, *, #2670, .F. ) ;
#1222 = DIRECTION ( 'NONE',  ( 0.000000000000000000, 1.000000000000000000, 0.000000000000000000 ) ) ;
#1223 = VECTOR ( 'NONE', #3735, 1000.000000000000000 ) ;
#1224 = FACE_OUTER_BOUND ( 'NONE', #316, .T. ) ;
#1225 = CARTESIAN_POINT ( 'NONE',  ( 4.149999999999917755, 3.149999999999999911, -6.126895681109402911E-15 ) ) ;
#1226 = CARTESIAN_POINT ( 'NONE',  ( -63.75000000000004263, 1.899999999999999023, -55.75000000000000711 ) ) ;
#1227 = ORIENTED_EDGE ( 'NONE', *, *, #2128, .F. ) ;
#1228 = FACE_OUTER_BOUND ( 'NONE', #2290, .T. ) ;
#1229 = CARTESIAN_POINT ( 'NONE',  ( 66.45000000000005969, -18.09898987322328168, -56.95000000000005969 ) ) ;
#1230 = CARTESIAN_POINT ( 'NONE',  ( -66.95000000000005969, 1.899999999999999023, -66.45000000000005969 ) ) ;
#1231 = VERTEX_POINT ( 'NONE', #1349 ) ;
#1232 = DIRECTION ( 'NONE',  ( -0.000000000000000000, 1.000000000000000000, -0.000000000000000000 ) ) ;
#1233 = ORIENTED_EDGE ( 'NONE', *, *, #4202, .F. ) ;
#1234 = FACE_OUTER_BOUND ( 'NONE', #44, .T. ) ;
#1235 = AXIS2_PLACEMENT_3D ( 'NONE', #3000, #4384, #1260 ) ;
#1236 = VERTEX_POINT ( 'NONE', #4430 ) ;
#1237 = CARTESIAN_POINT ( 'NONE',  ( -66.45000000000004547, -18.09898987322328168, 66.95000000000007390 ) ) ;
#1238 = EDGE_CURVE ( 'NONE', #4429, #1094, #1803, .T. ) ;
#1239 = CARTESIAN_POINT ( 'NONE',  ( -64.95000000000005969, 2.200000000000000622, -64.95000000000005969 ) ) ;
#1240 = DIRECTION ( 'NONE',  ( 1.541976423090496225E-15, 0.000000000000000000, -1.000000000000000000 ) ) ;
#1241 = VECTOR ( 'NONE', #1622, 1000.000000000000000 ) ;
#1242 = ORIENTED_EDGE ( 'NONE', *, *, #2751, .T. ) ;
#1243 = VERTEX_POINT ( 'NONE', #4471 ) ;
#1244 = DIRECTION ( 'NONE',  ( -0.000000000000000000, 1.000000000000000000, -0.000000000000000000 ) ) ;
#1245 = LINE ( 'NONE', #253, #4257 ) ;
#1246 = EDGE_CURVE ( 'NONE', #128, #1192, #2735, .T. ) ;
#1247 = VERTEX_POINT ( 'NONE', #3349 ) ;
#1248 = CARTESIAN_POINT ( 'NONE',  ( 64.30000000000003979, 2.100000000000000977, 54.37250226860446389 ) ) ;
#1249 = ADVANCED_FACE ( 'NONE', ( #200 ), #1596, .T. ) ;
#1250 = CARTESIAN_POINT ( 'NONE',  ( 66.45000000000005969, 2.200000000000000622, -66.95000000000005969 ) ) ;
#1251 = ORIENTED_EDGE ( 'NONE', *, *, #3839, .T. ) ;
#1252 = CARTESIAN_POINT ( 'NONE',  ( 64.30000000000002558, 2.100000000000000089, -8.205818371520145207E-15 ) ) ;
#1253 = DIRECTION ( 'NONE',  ( -0.000000000000000000, 1.000000000000000000, -0.000000000000000000 ) ) ;
#1254 = ORIENTED_EDGE ( 'NONE', *, *, #1362, .T. ) ;
#1255 = LINE ( 'NONE', #1326, #1826 ) ;
#1256 = ORIENTED_EDGE ( 'NONE', *, *, #2880, .T. ) ;
#1257 = CARTESIAN_POINT ( 'NONE',  ( 0.000000000000000000, 189.0178641211801107, 63.74999999999998579 ) ) ;
#1258 = ORIENTED_EDGE ( 'NONE', *, *, #812, .F. ) ;
#1259 = VECTOR ( 'NONE', #3975, 1000.000000000000000 ) ;
#1260 = DIRECTION ( 'NONE',  ( -0.000000000000000000, 0.000000000000000000, 1.000000000000000000 ) ) ;
#1261 = DIRECTION ( 'NONE',  ( 0.000000000000000000, 0.000000000000000000, -1.000000000000000000 ) ) ;
#1262 = VECTOR ( 'NONE', #3230, 1000.000000000000000 ) ;
#1263 = ORIENTED_EDGE ( 'NONE', *, *, #165, .T. ) ;
#1264 = CARTESIAN_POINT ( 'NONE',  ( -62.25000000000000000, 5.149999999999987921, -50.25000000000001421 ) ) ;
#1265 = EDGE_LOOP ( 'NONE', ( #3938, #1962, #3595, #1915 ) ) ;
#1266 = DIRECTION ( 'NONE',  ( -1.000000000000000000, 0.000000000000000000, 0.000000000000000000 ) ) ;
#1267 = ADVANCED_FACE ( 'NONE', ( #4044 ), #3118, .F. ) ;
#1268 = LINE ( 'NONE', #576, #2997 ) ;
#1269 = DIRECTION ( 'NONE',  ( 0.000000000000000000, 0.000000000000000000, -1.000000000000000000 ) ) ;
#1270 = ADVANCED_FACE ( 'NONE', ( #3460 ), #1707, .T. ) ;
#1271 = EDGE_CURVE ( 'NONE', #3983, #1014, #909, .T. ) ;
#1272 = LINE ( 'NONE', #2625, #397 ) ;
#1273 = ORIENTED_EDGE ( 'NONE', *, *, #497, .F. ) ;
#1274 = LINE ( 'NONE', #2607, #2145 ) ;
#1275 = VERTEX_POINT ( 'NONE', #3734 ) ;
#1276 = VECTOR ( 'NONE', #845, 1000.000000000000000 ) ;
#1277 = EDGE_CURVE ( 'NONE', #3213, #3719, #3362, .T. ) ;
#1278 = DIRECTION ( 'NONE',  ( 0.000000000000000000, 0.000000000000000000, -1.000000000000000000 ) ) ;
#1279 = VERTEX_POINT ( 'NONE', #1969 ) ;
#1280 = ORIENTED_EDGE ( 'NONE', *, *, #2623, .F. ) ;
#1281 = CARTESIAN_POINT ( 'NONE',  ( 67.25000000000000000, 4.100000000000000533, -67.25000000000000000 ) ) ;
#1282 = CYLINDRICAL_SURFACE ( 'NONE', #4160, 2.500000000000002220 ) ;
#1283 = CIRCLE ( 'NONE', #706, 1.999999999999974021 ) ;
#1284 = ORIENTED_EDGE ( 'NONE', *, *, #3119, .F. ) ;
#1285 = DIRECTION ( 'NONE',  ( -0.3939192985791800106, 0.000000000000000000, 0.9191450300180527000 ) ) ;
#1286 = VECTOR ( 'NONE', #3004, 1000.000000000000000 ) ;
#1287 = FACE_OUTER_BOUND ( 'NONE', #2482, .T. ) ;
#1288 = DIRECTION ( 'NONE',  ( -1.541976423090495042E-15, 0.000000000000000000, 1.000000000000000000 ) ) ;
#1289 = AXIS2_PLACEMENT_3D ( 'NONE', #3176, #2525, #2181 ) ;
#1290 = VECTOR ( 'NONE', #662, 1000.000000000000000 ) ;
#1291 = ORIENTED_EDGE ( 'NONE', *, *, #2430, .F. ) ;
#1292 = VECTOR ( 'NONE', #1856, 1000.000000000000000 ) ;
#1293 = DIRECTION ( 'NONE',  ( 0.000000000000000000, 0.000000000000000000, -1.000000000000000000 ) ) ;
#1294 = VECTOR ( 'NONE', #4084, 1000.000000000000000 ) ;
#1295 = CC_DESIGN_PERSON_AND_ORGANIZATION_ASSIGNMENT ( #3617, #4281, ( #1829 ) ) ;
#1296 = DIRECTION ( 'NONE',  ( 0.000000000000000000, 0.000000000000000000, 1.000000000000000000 ) ) ;
#1297 = LINE ( 'NONE', #2757, #1220 ) ;
#1298 = VERTEX_POINT ( 'NONE', #554 ) ;
#1299 = DIRECTION ( 'NONE',  ( 1.000000000000000000, 0.000000000000000000, -0.000000000000000000 ) ) ;
#1300 = EDGE_CURVE ( 'NONE', #3678, #4063, #1615, .T. ) ;
#1301 = EDGE_CURVE ( 'NONE', #2259, #1938, #240, .T. ) ;
#1302 = DIRECTION ( 'NONE',  ( 0.000000000000000000, -0.000000000000000000, -1.000000000000000000 ) ) ;
#1303 = ORIENTED_EDGE ( 'NONE', *, *, #1570, .F. ) ;
#1304 = FACE_OUTER_BOUND ( 'NONE', #3397, .T. ) ;
#1305 = VERTEX_POINT ( 'NONE', #1901 ) ;
#1306 = EDGE_CURVE ( 'NONE', #1054, #1973, #4083, .T. ) ;
#1307 = CARTESIAN_POINT ( 'NONE',  ( 65.75000000000000000, 4.100000000000000533, -55.75000000000000711 ) ) ;
#1308 = CARTESIAN_POINT ( 'NONE',  ( 57.45000000000005969, -18.09898987322328168, -66.45000000000007390 ) ) ;
#1309 = ORIENTED_EDGE ( 'NONE', *, *, #4050, .F. ) ;
#1310 = ORIENTED_EDGE ( 'NONE', *, *, #235, .T. ) ;
#1311 = DIRECTION ( 'NONE',  ( -0.000000000000000000, 1.000000000000000000, -0.000000000000000000 ) ) ;
#1312 = FACE_OUTER_BOUND ( 'NONE', #3896, .T. ) ;
#1313 = AXIS2_PLACEMENT_3D ( 'NONE', #826, #110, #3588 ) ;
#1314 = LINE ( 'NONE', #2691, #364 ) ;
#1315 = ORIENTED_EDGE ( 'NONE', *, *, #3934, .F. ) ;
#1316 = ORIENTED_EDGE ( 'NONE', *, *, #2838, .T. ) ;
#1317 = CARTESIAN_POINT ( 'NONE',  ( -69.75000000000000000, 4.100000000000000533, 67.25000000000000000 ) ) ;
#1318 = PLANE ( 'NONE',  #3369 ) ;
#1319 = EDGE_CURVE ( 'NONE', #1347, #4447, #2606, .T. ) ;
#1320 = DIRECTION ( 'NONE',  ( -0.9191450300180488142, 0.000000000000000000, 0.3939192985791887258 ) ) ;
#1321 = VECTOR ( 'NONE', #259, 1000.000000000000000 ) ;
#1322 = ORIENTED_EDGE ( 'NONE', *, *, #2195, .T. ) ;
#1323 = DIRECTION ( 'NONE',  ( -0.000000000000000000, 1.000000000000000000, -0.000000000000000000 ) ) ;
#1324 = CYLINDRICAL_SURFACE ( 'NONE', #858, 0.5000000000000004441 ) ;
#1325 = ORIENTED_EDGE ( 'NONE', *, *, #497, .T. ) ;
#1326 = CARTESIAN_POINT ( 'NONE',  ( -68.25000000000000000, 0.000000000000000000, -67.25000000000000000 ) ) ;
#1327 = DIRECTION ( 'NONE',  ( 0.000000000000000000, 0.000000000000000000, -1.000000000000000000 ) ) ;
#1328 = ADVANCED_FACE ( 'NONE', ( #955 ), #1988, .T. ) ;
#1329 = DIRECTION ( 'NONE',  ( 0.000000000000000000, 0.000000000000000000, -1.000000000000000000 ) ) ;
#1330 = LINE ( 'NONE', #3721, #436 ) ;
#1331 = DIRECTION ( 'NONE',  ( 0.000000000000000000, -1.000000000000000000, 0.000000000000000000 ) ) ;
#1332 = ADVANCED_FACE ( 'NONE', ( #164 ), #1562, .F. ) ;
#1333 = VERTEX_POINT ( 'NONE', #4377 ) ;
#1334 = EDGE_CURVE ( 'NONE', #435, #103, #3668, .T. ) ;
#1335 = PLANE ( 'NONE',  #707 ) ;
#1336 = DIRECTION ( 'NONE',  ( -0.000000000000000000, 0.000000000000000000, 1.000000000000000000 ) ) ;
#1337 = CARTESIAN_POINT ( 'NONE',  ( 56.95000000000006679, -18.09898987322328168, 65.45000000000004547 ) ) ;
#1338 = ORIENTED_EDGE ( 'NONE', *, *, #217, .T. ) ;
#1339 = ORIENTED_EDGE ( 'NONE', *, *, #4437, .F. ) ;
#1340 = CARTESIAN_POINT ( 'NONE',  ( 67.50000000000000000, 4.100000000000000533, -54.78175416344816284 ) ) ;
#1341 = VECTOR ( 'NONE', #3464, 1000.000000000000000 ) ;
#1342 = DIRECTION ( 'NONE',  ( 0.000000000000000000, 0.000000000000000000, 1.000000000000000000 ) ) ;
#1343 = LINE ( 'NONE', #2008, #3693 ) ;
#1344 = DIRECTION ( 'NONE',  ( -1.000000000000000000, 0.000000000000000000, -0.000000000000000000 ) ) ;
#1345 = ORIENTED_EDGE ( 'NONE', *, *, #114, .F. ) ;
#1346 = PLANE ( 'NONE',  #3700 ) ;
#1347 = VERTEX_POINT ( 'NONE', #2631 ) ;
#1348 = CARTESIAN_POINT ( 'NONE',  ( 64.95000000000007390, 1.899999999999999023, 57.45000000000005969 ) ) ;
#1349 = CARTESIAN_POINT ( 'NONE',  ( -67.50000000000000000, 4.100000000000000533, -54.78175416344820547 ) ) ;
#1350 = DIRECTION ( 'NONE',  ( -0.000000000000000000, 1.000000000000000000, -0.000000000000000000 ) ) ;
#1351 = ADVANCED_FACE ( 'NONE', ( #3041 ), #580, .T. ) ;
#1352 = VECTOR ( 'NONE', #2564, 1000.000000000000000 ) ;
#1353 = LINE ( 'NONE', #346, #3268 ) ;
#1354 = EDGE_CURVE ( 'NONE', #3401, #4504, #2311, .T. ) ;
#1355 = DIRECTION ( 'NONE',  ( 6.938893903907221278E-15, 0.000000000000000000, 1.000000000000000000 ) ) ;
#1356 = ORIENTED_EDGE ( 'NONE', *, *, #4394, .T. ) ;
#1357 = EDGE_LOOP ( 'NONE', ( #2814, #324, #4364, #2343 ) ) ;
#1358 = CARTESIAN_POINT ( 'NONE',  ( 56.95000000000006679, 1.899999999999999023, 65.45000000000004547 ) ) ;
#1359 = LINE ( 'NONE', #4141, #104 ) ;
#1360 = VECTOR ( 'NONE', #2463, 1000.000000000000000 ) ;
#1361 = EDGE_CURVE ( 'NONE', #4404, #774, #4107, .T. ) ;
#1362 = EDGE_CURVE ( 'NONE', #2259, #2930, #4144, .T. ) ;
#1363 = VERTEX_POINT ( 'NONE', #3057 ) ;
#1364 = ORIENTED_EDGE ( 'NONE', *, *, #613, .F. ) ;
#1365 = CARTESIAN_POINT ( 'NONE',  ( -67.25000000000000000, 4.100000000000000533, -69.75000000000000000 ) ) ;
#1366 = DIRECTION ( 'NONE',  ( 0.000000000000000000, 0.000000000000000000, -1.000000000000000000 ) ) ;
#1367 = VECTOR ( 'NONE', #4254, 1000.000000000000000 ) ;
#1368 = VECTOR ( 'NONE', #2319, 1000.000000000000000 ) ;
#1369 = LINE ( 'NONE', #2115, #4066 ) ;
#1370 = CARTESIAN_POINT ( 'NONE',  ( -55.75000000000000711, 1.899999999999999023, -65.74999999999998579 ) ) ;
#1371 = VECTOR ( 'NONE', #4055, 1000.000000000000000 ) ;
#1372 = LINE ( 'NONE', #3384, #496 ) ;
#1373 = ORIENTED_EDGE ( 'NONE', *, *, #761, .F. ) ;
#1374 = AXIS2_PLACEMENT_3D ( 'NONE', #4038, #1903, #1302 ) ;
#1375 = DIRECTION ( 'NONE',  ( -0.000000000000000000, 1.000000000000000000, -0.000000000000000000 ) ) ;
#1376 = VERTEX_POINT ( 'NONE', #4480 ) ;
#1377 = CARTESIAN_POINT ( 'NONE',  ( -55.74999999999999289, 1.899999999999999023, 63.75000000000007105 ) ) ;
#1378 = CARTESIAN_POINT ( 'NONE',  ( 69.75000000000000000, 4.100000000000000533, 67.25000000000000000 ) ) ;
#1379 = CARTESIAN_POINT ( 'NONE',  ( -50.24999999999998579, 189.0178641211801107, 62.25000000000000000 ) ) ;
#1380 = VERTEX_POINT ( 'NONE', #328 ) ;
#1381 = CYLINDRICAL_SURFACE ( 'NONE', #3196, 0.5000000000000004441 ) ;
#1382 = DIRECTION ( 'NONE',  ( 0.000000000000000000, 1.000000000000000000, -0.000000000000000000 ) ) ;
#1383 = ORIENTED_EDGE ( 'NONE', *, *, #2106, .F. ) ;
#1384 = ORIENTED_EDGE ( 'NONE', *, *, #631, .T. ) ;
#1385 = VECTOR ( 'NONE', #1661, 1000.000000000000000 ) ;
#1386 = CARTESIAN_POINT ( 'NONE',  ( 63.75000000000001421, 189.0178641211801107, 63.74999999999998579 ) ) ;
#1387 = ADVANCED_FACE ( 'NONE', ( #2370 ), #968, .T. ) ;
#1388 = AXIS2_PLACEMENT_3D ( 'NONE', #1454, #65, #2406 ) ;
#1389 = CARTESIAN_POINT ( 'NONE',  ( -66.45000000000005969, 1.899999999999999023, -56.95000000000005969 ) ) ;
#1390 = ORIENTED_EDGE ( 'NONE', *, *, #235, .F. ) ;
#1391 = FACE_OUTER_BOUND ( 'NONE', #147, .T. ) ;
#1392 = VERTEX_POINT ( 'NONE', #4099 ) ;
#1393 = DIRECTION ( 'NONE',  ( 0.000000000000000000, 0.000000000000000000, 1.000000000000000000 ) ) ;
#1394 = LINE ( 'NONE', #3874, #1091 ) ;
#1395 = LINE ( 'NONE', #2785, #1292 ) ;
#1396 = ORIENTED_EDGE ( 'NONE', *, *, #828, .F. ) ;
#1397 = CARTESIAN_POINT ( 'NONE',  ( -56.95000000000005969, 1.899999999999999023, -66.45000000000005969 ) ) ;
#1398 = ORIENTED_EDGE ( 'NONE', *, *, #2085, .T. ) ;
#1399 = CARTESIAN_POINT ( 'NONE',  ( -55.75000000000000711, 1.899999999999999023, -67.74999999999991473 ) ) ;
#1400 = DIRECTION ( 'NONE',  ( -1.000000000000000000, -0.000000000000000000, 0.000000000000000000 ) ) ;
#1401 = EDGE_LOOP ( 'NONE', ( #2545, #3048, #1997, #1554 ) ) ;
#1402 = VERTEX_POINT ( 'NONE', #2326 ) ;
#1403 = LINE ( 'NONE', #2374, #2889 ) ;
#1404 = FACE_OUTER_BOUND ( 'NONE', #1412, .T. ) ;
#1405 = FACE_BOUND ( 'NONE', #2760, .T. ) ;
#1406 = AXIS2_PLACEMENT_3D ( 'NONE', #1771, #2108, #3190 ) ;
#1407 = CARTESIAN_POINT ( 'NONE',  ( -64.95000000000005969, 2.200000000000000622, -57.45000000000006679 ) ) ;
#1408 = EDGE_CURVE ( 'NONE', #944, #1914, #4440, .T. ) ;
#1409 = VERTEX_POINT ( 'NONE', #254 ) ;
#1410 = AXIS2_PLACEMENT_3D ( 'NONE', #1, #3139, #4133 ) ;
#1411 = CARTESIAN_POINT ( 'NONE',  ( -67.25000000000000000, 1.500000000000000000, -68.25000000000000000 ) ) ;
#1412 = EDGE_LOOP ( 'NONE', ( #1870, #656, #2948, #621 ) ) ;
#1413 = CARTESIAN_POINT ( 'NONE',  ( 63.75000000000005684, 1.899999999999999023, 55.75000000000000000 ) ) ;
#1414 = EDGE_CURVE ( 'NONE', #2620, #1085, #1314, .T. ) ;
#1415 = FACE_OUTER_BOUND ( 'NONE', #242, .T. ) ;
#1416 = ORIENTED_EDGE ( 'NONE', *, *, #3179, .T. ) ;
#1417 = CARTESIAN_POINT ( 'NONE',  ( 6.938893903907228378E-15, 4.750000000000000000, 59.90000000000000568 ) ) ;
#1418 = VERTEX_POINT ( 'NONE', #3426 ) ;
#1419 = EDGE_LOOP ( 'NONE', ( #1161, #2317, #3696, #4228 ) ) ;
#1420 = AXIS2_PLACEMENT_3D ( 'NONE', #3495, #2444, #3840 ) ;
#1421 = ORIENTED_EDGE ( 'NONE', *, *, #2407, .F. ) ;
#1422 = AXIS2_PLACEMENT_3D ( 'NONE', #206, #1980, #3305 ) ;
#1423 = DIRECTION ( 'NONE',  ( -0.000000000000000000, -1.000000000000000000, -0.000000000000000000 ) ) ;
#1424 = CARTESIAN_POINT ( 'NONE',  ( 57.45000000000005969, 2.200000000000000622, -66.95000000000007390 ) ) ;
#1425 = CIRCLE ( 'NONE', #772, 4.150000000000001243 ) ;
#1426 = ADVANCED_FACE ( 'NONE', ( #4118 ), #278, .T. ) ;
#1427 = ORIENTED_EDGE ( 'NONE', *, *, #2561, .T. ) ;
#1428 = AXIS2_PLACEMENT_3D ( 'NONE', #3818, #3499, #642 ) ;
#1429 = CARTESIAN_POINT ( 'NONE',  ( 66.95000000000007390, 1.899999999999999023, -57.45000000000007390 ) ) ;
#1430 = VERTEX_POINT ( 'NONE', #990 ) ;
#1431 = VECTOR ( 'NONE', #2069, 1000.000000000000000 ) ;
#1432 = FACE_OUTER_BOUND ( 'NONE', #871, .T. ) ;
#1433 = AXIS2_PLACEMENT_3D ( 'NONE', #1077, #3097, #3809 ) ;
#1434 = VERTEX_POINT ( 'NONE', #3651 ) ;
#1435 = ADVANCED_FACE ( 'NONE', ( #3351 ), #1169, .T. ) ;
#1436 = CARTESIAN_POINT ( 'NONE',  ( -67.75000000000046896, 4.100000000000000533, 4.701100619897174489E-13 ) ) ;
#1437 = VECTOR ( 'NONE', #3224, 1000.000000000000000 ) ;
#1438 = DIRECTION ( 'NONE',  ( 0.000000000000000000, 0.000000000000000000, -1.000000000000000000 ) ) ;
#1439 = ORIENTED_EDGE ( 'NONE', *, *, #3851, .T. ) ;
#1440 = VERTEX_POINT ( 'NONE', #279 ) ;
#1441 = EDGE_CURVE ( 'NONE', #908, #4071, #1627, .T. ) ;
#1442 = ADVANCED_FACE ( 'NONE', ( #305 ), #3105, .F. ) ;
#1443 = CARTESIAN_POINT ( 'NONE',  ( -63.75000000000001421, 5.149999999999987921, -63.75000000000002842 ) ) ;
#1444 = DIRECTION ( 'NONE',  ( 1.000000000000000000, 0.000000000000000000, -0.000000000000000000 ) ) ;
#1445 = ORIENTED_EDGE ( 'NONE', *, *, #1460, .T. ) ;
#1446 = CARTESIAN_POINT ( 'NONE',  ( -64.30000000000001137, 2.100000000000000977, 54.37250226860442837 ) ) ;
#1447 = AXIS2_PLACEMENT_3D ( 'NONE', #4362, #2199, #2567 ) ;
#1448 = EDGE_CURVE ( 'NONE', #1440, #2262, #4187, .T. ) ;
#1449 = ORIENTED_EDGE ( 'NONE', *, *, #3555, .T. ) ;
#1450 = DIRECTION ( 'NONE',  ( 0.000000000000000000, 0.000000000000000000, -1.000000000000000000 ) ) ;
#1451 =( LENGTH_UNIT ( ) NAMED_UNIT ( * ) SI_UNIT ( .MILLI., .METRE. ) );
#1452 = EDGE_LOOP ( 'NONE', ( #3571, #918, #2613, #2731, #4185, #3589, #511, #3226, #3192, #2589, #183, #4, #3626, #2469, #2641, #4443, #2089, #1383, #167, #2282, #1256, #2025, #3899, #2208, #2394 ) ) ;
#1453 = DIRECTION ( 'NONE',  ( -0.000000000000000000, 1.000000000000000000, -0.000000000000000000 ) ) ;
#1454 = CARTESIAN_POINT ( 'NONE',  ( -55.75000000000000711, 4.100000000000000533, -65.74999999999998579 ) ) ;
#1455 = DIRECTION ( 'NONE',  ( -0.000000000000000000, -1.000000000000000000, -0.000000000000000000 ) ) ;
#1456 = FACE_OUTER_BOUND ( 'NONE', #3736, .T. ) ;
#1457 = ORIENTED_EDGE ( 'NONE', *, *, #4173, .F. ) ;
#1458 = VERTEX_POINT ( 'NONE', #3880 ) ;
#1459 = EDGE_CURVE ( 'NONE', #3698, #1458, #2683, .T. ) ;
#1460 = EDGE_CURVE ( 'NONE', #2849, #255, #2093, .T. ) ;
#1461 = EDGE_CURVE ( 'NONE', #792, #3813, #2388, .T. ) ;
#1462 = VERTEX_POINT ( 'NONE', #3510 ) ;
#1463 = CARTESIAN_POINT ( 'NONE',  ( -62.25000000000000000, 189.0178641211801107, 62.25000000000000000 ) ) ;
#1464 = CARTESIAN_POINT ( 'NONE',  ( -55.74999999999999289, 1.899999999999999023, 63.75000000000007105 ) ) ;
#1465 = ORIENTED_EDGE ( 'NONE', *, *, #3214, .F. ) ;
#1466 = AXIS2_PLACEMENT_3D ( 'NONE', #4474, #4139, #3 ) ;
#1467 = CARTESIAN_POINT ( 'NONE',  ( -69.75000000000000000, 4.100000000000000533, -67.25000000000000000 ) ) ;
#1468 = CALENDAR_DATE ( 2023, 17, 8 ) ;
#1469 = LINE ( 'NONE', #735, #1058 ) ;
#1470 = EDGE_LOOP ( 'NONE', ( #3707, #2503, #2436, #2366 ) ) ;
#1471 = CARTESIAN_POINT ( 'NONE',  ( 30.33620689655305469, 5.149999999999987921, -70.78448275862051275 ) ) ;
#1472 = AXIS2_PLACEMENT_3D ( 'NONE', #3537, #1515, #2825 ) ;
#1473 = LINE ( 'NONE', #838, #4499 ) ;
#1474 = EDGE_LOOP ( 'NONE', ( #500, #338, #1660, #1643 ) ) ;
#1475 = DIRECTION ( 'NONE',  ( -0.000000000000000000, 0.000000000000000000, 1.000000000000000000 ) ) ;
#1476 = EDGE_LOOP ( 'NONE', ( #4340, #222, #3564, #1764 ) ) ;
#1477 = EDGE_LOOP ( 'NONE', ( #4176, #1147, #2662, #3250, #15, #660 ) ) ;
#1478 = CARTESIAN_POINT ( 'NONE',  ( 55.74999999999999289, 2.100000000000000089, -65.75000000000000000 ) ) ;
#1479 = DIRECTION ( 'NONE',  ( -0.000000000000000000, -1.000000000000000000, -0.000000000000000000 ) ) ;
#1480 = CARTESIAN_POINT ( 'NONE',  ( 57.45000000000007390, 2.200000000000000622, 65.45000000000004547 ) ) ;
#1481 = ORIENTED_EDGE ( 'NONE', *, *, #2972, .F. ) ;
#1482 = EDGE_CURVE ( 'NONE', #1333, #1749, #4295, .T. ) ;
#1483 = DIRECTION ( 'NONE',  ( 0.000000000000000000, 1.000000000000000000, -0.000000000000000000 ) ) ;
#1484 = ADVANCED_FACE ( 'NONE', ( #1754 ), #4210, .T. ) ;
#1485 = AXIS2_PLACEMENT_3D ( 'NONE', #2301, #3706, #592 ) ;
#1486 = CARTESIAN_POINT ( 'NONE',  ( -66.95000000000005969, 2.200000000000000622, -66.45000000000005969 ) ) ;
#1487 = EDGE_CURVE ( 'NONE', #4495, #1996, #133, .T. ) ;
#1488 = CLOSED_SHELL ( 'NONE', ( #4452, #2408, #2510, #2754, #258, #1634, #3798, #4150, #2553, #1332, #3080, #4449, #71, #4425, #3824, #3622, #747, #1663, #4253, #3309, #1760, #4094, #1507, #1442, #883, #4007, #1800, #3376, #2713, #3852, #4030, #2416, #3488, #3780, #1841, #1351, #3585, #4396, #3025, #3409, #2980, #1898, #2321, #4419, #80, #478, #1267, #4363, #2900, #4482, #563, #3266, #2275, #3372, #2349, #265, #2857, #3886, #3669, #2504, #2200, #764, #668, #25, #3637, #3966, #3940, #3884, #4000, #910, #3399, #1537, #81, #2828, #363, #263, #966, #1484, #2174, #4016, #1031, #2399, #2763, #2114, #3236, #3802, #2818, #4058, #1387, #2381, #4265, #326, #802, #3201, #879, #822, #2230, #3221, #2484, #555, #1435, #355, #1605, #142, #1249, #2725, #2782, #1426, #525, #2159, #212, #1761, #4231, #4081, #2166, #2609, #3093, #911, #4445, #356, #2129, #3070, #335, #2943, #4072, #1159, #4193, #670, #1328, #1270, #249, #3655, #4229, #2777, #3633, #202, #3285, #1931, #1875, #337 ) ) ;
#1489 = DIRECTION ( 'NONE',  ( 1.276177040671872737E-16, 0.000000000000000000, 1.000000000000000000 ) ) ;
#1490 = AXIS2_PLACEMENT_3D ( 'NONE', #965, #3508, #325 ) ;
#1491 = DIRECTION ( 'NONE',  ( -0.000000000000000000, 1.000000000000000000, -0.000000000000000000 ) ) ;
#1492 = ORIENTED_EDGE ( 'NONE', *, *, #2569, .T. ) ;
#1493 = DIRECTION ( 'NONE',  ( -0.9191450300180513677, 0.000000000000000000, -0.3939192985791831192 ) ) ;
#1494 = AXIS2_PLACEMENT_3D ( 'NONE', #3431, #3473, #1320 ) ;
#1495 = CARTESIAN_POINT ( 'NONE',  ( -4.149999999999992362, 15.69229576515475699, 59.90000000000000568 ) ) ;
#1496 = ORIENTED_EDGE ( 'NONE', *, *, #466, .T. ) ;
#1497 = LINE ( 'NONE', #4288, #1262 ) ;
#1498 = ORIENTED_EDGE ( 'NONE', *, *, #1575, .F. ) ;
#1499 = ORIENTED_EDGE ( 'NONE', *, *, #1104, .T. ) ;
#1500 = AXIS2_PLACEMENT_3D ( 'NONE', #655, #3443, #3482 ) ;
#1501 = DIRECTION ( 'NONE',  ( -0.000000000000000000, -1.000000000000000000, -0.000000000000000000 ) ) ;
#1502 = CARTESIAN_POINT ( 'NONE',  ( -67.50000000000001421, 2.100000000000000089, -8.549841925767509355E-15 ) ) ;
#1503 = CYLINDRICAL_SURFACE ( 'NONE', #1722, 1.500000000000001332 ) ;
#1504 = LINE ( 'NONE', #4294, #666 ) ;
#1505 = VECTOR ( 'NONE', #3203, 1000.000000000000000 ) ;
#1506 = ORIENTED_EDGE ( 'NONE', *, *, #3959, .F. ) ;
#1507 = ADVANCED_FACE ( 'NONE', ( #4020 ), #1573, .T. ) ;
#1508 = LINE ( 'NONE', #1106, #2001 ) ;
#1509 = VERTEX_POINT ( 'NONE', #3283 ) ;
#1510 = CARTESIAN_POINT ( 'NONE',  ( 65.75000000000000000, 4.100000000000000533, 55.74999999999999289 ) ) ;
#1511 = CARTESIAN_POINT ( 'NONE',  ( 65.45000000000005969, 2.200000000000000622, -56.95000000000006679 ) ) ;
#1512 = EDGE_CURVE ( 'NONE', #2404, #750, #730, .T. ) ;
#1513 = LINE ( 'NONE', #1131, #1505 ) ;
#1514 = EDGE_CURVE ( 'NONE', #1938, #792, #804, .T. ) ;
#1515 = DIRECTION ( 'NONE',  ( 0.000000000000000000, 0.000000000000000000, 1.000000000000000000 ) ) ;
#1516 = CARTESIAN_POINT ( 'NONE',  ( -65.45000000000005969, 2.200000000000000622, -57.45000000000006679 ) ) ;
#1517 = AXIS2_PLACEMENT_3D ( 'NONE', #49, #1444, #3901 ) ;
#1518 = ORIENTED_EDGE ( 'NONE', *, *, #1246, .T. ) ;
#1519 = CYLINDRICAL_SURFACE ( 'NONE', #264, 0.5000000000000073275 ) ;
#1520 = CARTESIAN_POINT ( 'NONE',  ( 4.150000000000005684, 5.150000000000000355, 59.90000000000000568 ) ) ;
#1521 = ORIENTED_EDGE ( 'NONE', *, *, #3913, .T. ) ;
#1522 = PLANE ( 'NONE',  #17 ) ;
#1523 = ORIENTED_EDGE ( 'NONE', *, *, #1334, .T. ) ;
#1524 = EDGE_LOOP ( 'NONE', ( #4461, #2234, #482, #945 ) ) ;
#1525 = CARTESIAN_POINT ( 'NONE',  ( 62.25000000000000000, 3.149999999999999911, 0.000000000000000000 ) ) ;
#1526 = CARTESIAN_POINT ( 'NONE',  ( 67.75000000000000000, 4.100000000000000533, -55.75000000000000711 ) ) ;
#1527 = CARTESIAN_POINT ( 'NONE',  ( 62.25000000000000000, 5.149999999999987921, 62.25000000000000000 ) ) ;
#1528 = ORIENTED_EDGE ( 'NONE', *, *, #854, .T. ) ;
#1529 = ORIENTED_EDGE ( 'NONE', *, *, #1765, .F. ) ;
#1530 = EDGE_LOOP ( 'NONE', ( #3507, #1909, #1465, #2854 ) ) ;
#1531 = DIRECTION ( 'NONE',  ( 0.000000000000000000, -1.000000000000000000, 0.000000000000000000 ) ) ;
#1532 = DIRECTION ( 'NONE',  ( -1.000000000000000000, 0.000000000000000000, 0.000000000000000000 ) ) ;
#1533 = DIRECTION ( 'NONE',  ( -0.000000000000000000, -1.000000000000000000, -0.000000000000000000 ) ) ;
#1534 = EDGE_CURVE ( 'NONE', #3580, #2442, #442, .T. ) ;
#1535 = LINE ( 'NONE', #1635, #1651 ) ;
#1536 = ORIENTED_EDGE ( 'NONE', *, *, #165, .F. ) ;
#1537 = ADVANCED_FACE ( 'NONE', ( #4269 ), #895, .F. ) ;
#1538 = EDGE_CURVE ( 'NONE', #2171, #143, #132, .T. ) ;
#1539 = FACE_OUTER_BOUND ( 'NONE', #2608, .T. ) ;
#1540 = VERTEX_POINT ( 'NONE', #1145 ) ;
#1541 = CIRCLE ( 'NONE', #1758, 0.5000000000000004441 ) ;
#1542 = CARTESIAN_POINT ( 'NONE',  ( -66.45000000000005969, -18.09898987322328168, -66.95000000000005969 ) ) ;
#1543 = EDGE_LOOP ( 'NONE', ( #415, #3008, #2322, #957 ) ) ;
#1544 = CARTESIAN_POINT ( 'NONE',  ( -62.25000000000000000, 5.149999999999987921, 0.000000000000000000 ) ) ;
#1545 = ORIENTED_EDGE ( 'NONE', *, *, #1140, .F. ) ;
#1546 = APPROVAL_PERSON_ORGANIZATION ( #2164, #3855, #3557 ) ;
#1547 = CARTESIAN_POINT ( 'NONE',  ( 69.75000000000000000, 1.500000000000000000, 67.25000000000000000 ) ) ;
#1548 = DIRECTION ( 'NONE',  ( -0.000000000000000000, -1.000000000000000000, -0.000000000000000000 ) ) ;
#1549 = EDGE_LOOP ( 'NONE', ( #3628, #2788, #3699, #2217 ) ) ;
#1550 = DIRECTION ( 'NONE',  ( 0.000000000000000000, 0.000000000000000000, -1.000000000000000000 ) ) ;
#1551 = DIRECTION ( 'NONE',  ( 1.000000000000000000, 0.000000000000000000, 0.000000000000000000 ) ) ;
#1552 = EDGE_LOOP ( 'NONE', ( #75, #1990, #269, #4237 ) ) ;
#1553 = CARTESIAN_POINT ( 'NONE',  ( 6.938893903907228378E-15, 4.750000000000000000, 59.90000000000000568 ) ) ;
#1554 = ORIENTED_EDGE ( 'NONE', *, *, #2628, .T. ) ;
#1555 = CARTESIAN_POINT ( 'NONE',  ( 6.938893903907228378E-15, 4.750000000000000000, 57.65000000000000568 ) ) ;
#1556 = DIRECTION ( 'NONE',  ( 0.000000000000000000, 0.000000000000000000, -1.000000000000000000 ) ) ;
#1557 = DIRECTION ( 'NONE',  ( -0.000000000000000000, 1.000000000000000000, -0.000000000000000000 ) ) ;
#1558 = VECTOR ( 'NONE', #4169, 1000.000000000000000 ) ;
#1559 = PLANE ( 'NONE',  #1583 ) ;
#1560 = VECTOR ( 'NONE', #3193, 1000.000000000000000 ) ;
#1561 = EDGE_LOOP ( 'NONE', ( #598, #1121, #1069, #2805, #1310, #523, #2945 ) ) ;
#1562 = PLANE ( 'NONE',  #514 ) ;
#1563 = PLANE ( 'NONE',  #1374 ) ;
#1564 = ORIENTED_EDGE ( 'NONE', *, *, #114, .T. ) ;
#1565 = CARTESIAN_POINT ( 'NONE',  ( 1.709968385153502818E-14, 4.100000000000000533, 67.50000000000000000 ) ) ;
#1566 = ORIENTED_EDGE ( 'NONE', *, *, #1512, .T. ) ;
#1567 = CARTESIAN_POINT ( 'NONE',  ( 6.938893903907228378E-15, 5.150000000000000355, 55.75000000000000711 ) ) ;
#1568 = VECTOR ( 'NONE', #1658, 1000.000000000000000 ) ;
#1569 = VERTEX_POINT ( 'NONE', #2592 ) ;
#1570 = EDGE_CURVE ( 'NONE', #1752, #4071, #3289, .T. ) ;
#1571 = VECTOR ( 'NONE', #923, 1000.000000000000000 ) ;
#1572 = CARTESIAN_POINT ( 'NONE',  ( 67.25000000000000000, 4.100000000000000533, -69.75000000000000000 ) ) ;
#1573 = PLANE ( 'NONE',  #4155 ) ;
#1574 = VECTOR ( 'NONE', #4286, 1000.000000000000000 ) ;
#1575 = EDGE_CURVE ( 'NONE', #4063, #4484, #3143, .T. ) ;
#1576 = ORIENTED_EDGE ( 'NONE', *, *, #2033, .T. ) ;
#1577 = ORIENTED_EDGE ( 'NONE', *, *, #2913, .T. ) ;
#1578 = LINE ( 'NONE', #542, #3970 ) ;
#1579 = CARTESIAN_POINT ( 'NONE',  ( 67.25000000000000000, 1.500000000000000000, 67.25000000000000000 ) ) ;
#1580 = AXIS2_PLACEMENT_3D ( 'NONE', #3411, #671, #3137 ) ;
#1581 = ORIENTED_EDGE ( 'NONE', *, *, #2644, .F. ) ;
#1582 = LINE ( 'NONE', #4027, #4248 ) ;
#1583 = AXIS2_PLACEMENT_3D ( 'NONE', #3383, #2959, #2578 ) ;
#1584 = LINE ( 'NONE', #2986, #1371 ) ;
#1585 = PLANE ( 'NONE',  #2244 ) ;
#1586 = LINE ( 'NONE', #3405, #1142 ) ;
#1587 = CARTESIAN_POINT ( 'NONE',  ( 67.50000000000000000, 4.100000000000000533, 0.000000000000000000 ) ) ;
#1588 = ORIENTED_EDGE ( 'NONE', *, *, #570, .F. ) ;
#1589 = CARTESIAN_POINT ( 'NONE',  ( -62.25000000000000000, 5.149999999999987921, 0.000000000000000000 ) ) ;
#1590 = ORIENTED_EDGE ( 'NONE', *, *, #1116, .T. ) ;
#1591 = DIRECTION ( 'NONE',  ( -0.000000000000000000, 1.000000000000000000, -0.000000000000000000 ) ) ;
#1592 = VERTEX_POINT ( 'NONE', #2222 ) ;
#1593 = PLANE ( 'NONE',  #566 ) ;
#1594 = AXIS2_PLACEMENT_3D ( 'NONE', #1124, #2502, #2770 ) ;
#1595 = VERTEX_POINT ( 'NONE', #1820 ) ;
#1596 = PLANE ( 'NONE',  #1235 ) ;
#1597 = LINE ( 'NONE', #2640, #1241 ) ;
#1598 = VECTOR ( 'NONE', #3765, 1000.000000000000000 ) ;
#1599 = EDGE_CURVE ( 'NONE', #1392, #3580, #2876, .T. ) ;
#1600 = VERTEX_POINT ( 'NONE', #1527 ) ;
#1601 = ORIENTED_EDGE ( 'NONE', *, *, #1692, .F. ) ;
#1602 = CARTESIAN_POINT ( 'NONE',  ( 66.95000000000007390, -18.09898987322328168, -57.45000000000007390 ) ) ;
#1603 = PLANE ( 'NONE',  #1422 ) ;
#1604 = DIRECTION ( 'NONE',  ( -0.000000000000000000, -1.000000000000000000, -0.000000000000000000 ) ) ;
#1605 = ADVANCED_FACE ( 'NONE', ( #3257 ), #2947, .T. ) ;
#1606 = EDGE_CURVE ( 'NONE', #3053, #1983, #1504, .T. ) ;
#1607 = VECTOR ( 'NONE', #2397, 1000.000000000000000 ) ;
#1608 = EDGE_LOOP ( 'NONE', ( #330, #2520, #1536, #1338 ) ) ;
#1609 = DIRECTION ( 'NONE',  ( -1.000000000000000000, -0.000000000000000000, -0.000000000000000000 ) ) ;
#1610 = DIRECTION ( 'NONE',  ( 0.000000000000000000, -0.000000000000000000, -1.000000000000000000 ) ) ;
#1611 = FACE_OUTER_BOUND ( 'NONE', #3836, .T. ) ;
#1612 = DIRECTION ( 'NONE',  ( -0.000000000000000000, 1.000000000000000000, -0.000000000000000000 ) ) ;
#1613 = CARTESIAN_POINT ( 'NONE',  ( 6.938893903907228378E-15, 5.150000000000000355, 57.65000000000000568 ) ) ;
#1614 = ORIENTED_EDGE ( 'NONE', *, *, #280, .T. ) ;
#1615 = LINE ( 'NONE', #4065, #3854 ) ;
#1616 = CARTESIAN_POINT ( 'NONE',  ( -66.45000000000004547, 1.899999999999999023, 66.95000000000007390 ) ) ;
#1617 = ORIENTED_EDGE ( 'NONE', *, *, #4508, .F. ) ;
#1618 = CARTESIAN_POINT ( 'NONE',  ( -66.95000000000005969, 1.899999999999999023, 57.45000000000007390 ) ) ;
#1619 = ORIENTED_EDGE ( 'NONE', *, *, #345, .F. ) ;
#1620 = ORIENTED_EDGE ( 'NONE', *, *, #1659, .F. ) ;
#1621 = CARTESIAN_POINT ( 'NONE',  ( -64.95000000000004547, 1.899999999999999023, 64.95000000000007390 ) ) ;
#1622 = DIRECTION ( 'NONE',  ( -0.000000000000000000, -1.000000000000000000, -0.000000000000000000 ) ) ;
#1623 = VECTOR ( 'NONE', #524, 1000.000000000000000 ) ;
#1624 = ORIENTED_EDGE ( 'NONE', *, *, #2369, .T. ) ;
#1625 = EDGE_CURVE ( 'NONE', #3400, #1347, #540, .T. ) ;
#1626 = FACE_OUTER_BOUND ( 'NONE', #1419, .T. ) ;
#1627 = LINE ( 'NONE', #1337, #2316 ) ;
#1628 = DIRECTION ( 'NONE',  ( -1.000000000000000000, 0.000000000000000000, 0.000000000000000000 ) ) ;
#1629 = ORIENTED_EDGE ( 'NONE', *, *, #550, .T. ) ;
#1630 = LINE ( 'NONE', #3403, #4123 ) ;
#1631 = EDGE_CURVE ( 'NONE', #4413, #32, #797, .T. ) ;
#1632 = DIRECTION ( 'NONE',  ( -0.000000000000000000, -1.000000000000000000, -0.000000000000000000 ) ) ;
#1633 = DIRECTION ( 'NONE',  ( 0.000000000000000000, 0.000000000000000000, -1.000000000000000000 ) ) ;
#1634 = ADVANCED_FACE ( 'NONE', ( #4318 ), #3325, .F. ) ;
#1635 = CARTESIAN_POINT ( 'NONE',  ( -67.74999999999998579, 4.100000000000000533, 67.75000000000001421 ) ) ;
#1636 = AXIS2_PLACEMENT_3D ( 'NONE', #3870, #3892, #2144 ) ;
#1637 = VERTEX_POINT ( 'NONE', #1887 ) ;
#1638 = CARTESIAN_POINT ( 'NONE',  ( -66.95000000000005969, -18.09898987322328168, -66.45000000000005969 ) ) ;
#1639 = CARTESIAN_POINT ( 'NONE',  ( 69.75000000000000000, 1.500000000000000000, -67.25000000000000000 ) ) ;
#1640 = ORIENTED_EDGE ( 'NONE', *, *, #1218, .T. ) ;
#1641 = DIRECTION ( 'NONE',  ( -2.533286496523707549E-16, 0.000000000000000000, -1.000000000000000000 ) ) ;
#1642 = VERTEX_POINT ( 'NONE', #177 ) ;
#1643 = ORIENTED_EDGE ( 'NONE', *, *, #619, .F. ) ;
#1644 = CARTESIAN_POINT ( 'NONE',  ( 0.000000000000000000, 2.100000000000000089, -67.50000000000000000 ) ) ;
#1645 = DIRECTION ( 'NONE',  ( -0.000000000000000000, -1.000000000000000000, 0.000000000000000000 ) ) ;
#1646 = AXIS2_PLACEMENT_3D ( 'NONE', #1006, #3439, #1327 ) ;
#1647 = EDGE_LOOP ( 'NONE', ( #986, #850, #796, #680 ) ) ;
#1648 = LINE ( 'NONE', #2323, #572 ) ;
#1649 = CIRCLE ( 'NONE', #1718, 0.5000000000000004441 ) ;
#1650 = DIRECTION ( 'NONE',  ( -1.000000000000000000, 0.000000000000000000, 0.000000000000000000 ) ) ;
#1651 = VECTOR ( 'NONE', #3359, 1000.000000000000000 ) ;
#1652 = VECTOR ( 'NONE', #1852, 1000.000000000000000 ) ;
#1653 = EDGE_LOOP ( 'NONE', ( #892, #2315, #3100, #1879 ) ) ;
#1654 = ORIENTED_EDGE ( 'NONE', *, *, #4481, .F. ) ;
#1655 = VECTOR ( 'NONE', #4275, 1000.000000000000000 ) ;
#1656 = FACE_OUTER_BOUND ( 'NONE', #1474, .T. ) ;
#1657 = AXIS2_PLACEMENT_3D ( 'NONE', #2846, #4239, #3889 ) ;
#1658 = DIRECTION ( 'NONE',  ( -0.000000000000000000, 1.000000000000000000, -0.000000000000000000 ) ) ;
#1659 = EDGE_CURVE ( 'NONE', #1122, #1097, #2975, .T. ) ;
#1660 = ORIENTED_EDGE ( 'NONE', *, *, #2173, .T. ) ;
#1661 = DIRECTION ( 'NONE',  ( -1.387778780781446464E-15, 0.000000000000000000, -1.000000000000000000 ) ) ;
#1662 = EDGE_CURVE ( 'NONE', #513, #827, #4385, .T. ) ;
#1663 = ADVANCED_FACE ( 'NONE', ( #4406 ), #224, .T. ) ;
#1664 = EDGE_CURVE ( 'NONE', #1462, #594, #2665, .T. ) ;
#1665 = CARTESIAN_POINT ( 'NONE',  ( 0.000000000000000000, 5.149999999999987921, 62.25000000000000000 ) ) ;
#1666 = ORIENTED_EDGE ( 'NONE', *, *, #2369, .F. ) ;
#1667 = DIRECTION ( 'NONE',  ( 1.284980352575412305E-15, -0.000000000000000000, 1.000000000000000000 ) ) ;
#1668 = CARTESIAN_POINT ( 'NONE',  ( -67.75000000000002842, 4.100000000000000533, 55.75000000000000000 ) ) ;
#1669 = DIRECTION ( 'NONE',  ( 0.000000000000000000, 1.000000000000000000, -0.000000000000000000 ) ) ;
#1670 = DIRECTION ( 'NONE',  ( -0.000000000000000000, 1.000000000000000000, -0.000000000000000000 ) ) ;
#1671 = VECTOR ( 'NONE', #3739, 1000.000000000000000 ) ;
#1672 = ORIENTED_EDGE ( 'NONE', *, *, #854, .F. ) ;
#1673 = DIRECTION ( 'NONE',  ( -0.000000000000000000, 1.000000000000000000, -0.000000000000000000 ) ) ;
#1674 = AXIS2_PLACEMENT_3D ( 'NONE', #3859, #2714, #679 ) ;
#1675 = EDGE_CURVE ( 'NONE', #4413, #1795, #4074, .T. ) ;
#1676 = VERTEX_POINT ( 'NONE', #2708 ) ;
#1677 = ORIENTED_EDGE ( 'NONE', *, *, #4006, .F. ) ;
#1678 = CARTESIAN_POINT ( 'NONE',  ( -57.45000000000005258, -18.09898987322328168, 64.95000000000007390 ) ) ;
#1679 = DIRECTION ( 'NONE',  ( 3.469446951953614189E-15, 0.000000000000000000, 1.000000000000000000 ) ) ;
#1680 = CARTESIAN_POINT ( 'NONE',  ( -66.45000000000004547, -18.09898987322328168, 57.45000000000007390 ) ) ;
#1681 = LINE ( 'NONE', #4373, #2216 ) ;
#1682 = DIRECTION ( 'NONE',  ( 0.000000000000000000, 0.000000000000000000, -1.000000000000000000 ) ) ;
#1683 = DIRECTION ( 'NONE',  ( 0.000000000000000000, 0.000000000000000000, -1.000000000000000000 ) ) ;
#1684 = EDGE_LOOP ( 'NONE', ( #2909, #4218, #1139, #2382 ) ) ;
#1685 = EDGE_CURVE ( 'NONE', #2773, #1298, #1597, .T. ) ;
#1686 = CARTESIAN_POINT ( 'NONE',  ( 68.25000000000000000, 1.500000000000000000, -67.25000000000000000 ) ) ;
#1687 = ORIENTED_EDGE ( 'NONE', *, *, #2220, .T. ) ;
#1688 = DIRECTION ( 'NONE',  ( -0.000000000000000000, -1.000000000000000000, -0.000000000000000000 ) ) ;
#1689 = CARTESIAN_POINT ( 'NONE',  ( -57.45000000000005258, 1.899999999999999023, 64.95000000000007390 ) ) ;
#1690 = EDGE_CURVE ( 'NONE', #902, #3850, #3076, .T. ) ;
#1691 = CARTESIAN_POINT ( 'NONE',  ( -4.149999999999993250, 15.69229576515475699, 62.25000000000000000 ) ) ;
#1692 = EDGE_CURVE ( 'NONE', #1987, #4087, #67, .T. ) ;
#1693 = CARTESIAN_POINT ( 'NONE',  ( -65.45000000000004547, -18.09898987322328168, 56.95000000000007390 ) ) ;
#1694 = DIRECTION ( 'NONE',  ( -0.9191450300180513677, 0.000000000000000000, -0.3939192985791831192 ) ) ;
#1695 = DIRECTION ( 'NONE',  ( -0.000000000000000000, -1.000000000000000000, -0.000000000000000000 ) ) ;
#1696 = EDGE_LOOP ( 'NONE', ( #401, #4297, #1048, #476 ) ) ;
#1697 = DIRECTION ( 'NONE',  ( 0.000000000000000000, 0.000000000000000000, 1.000000000000000000 ) ) ;
#1698 = ORIENTED_EDGE ( 'NONE', *, *, #406, .F. ) ;
#1699 = CIRCLE ( 'NONE', #2415, 0.5000000000000004441 ) ;
#1700 = VECTOR ( 'NONE', #3092, 1000.000000000000000 ) ;
#1701 = CARTESIAN_POINT ( 'NONE',  ( 67.74999999999998579, 4.100000000000000533, 55.74999999999999289 ) ) ;
#1702 = ORIENTED_EDGE ( 'NONE', *, *, #3727, .F. ) ;
#1703 = LINE ( 'NONE', #649, #2971 ) ;
#1704 = ORIENTED_EDGE ( 'NONE', *, *, #2880, .F. ) ;
#1705 = EDGE_CURVE ( 'NONE', #1932, #3861, #4472, .T. ) ;
#1706 = CARTESIAN_POINT ( 'NONE',  ( 0.000000000000000000, 1.900000000000000133, 0.000000000000000000 ) ) ;
#1707 = CYLINDRICAL_SURFACE ( 'NONE', #207, 0.5000000000000004441 ) ;
#1708 = AXIS2_PLACEMENT_3D ( 'NONE', #3915, #3609, #2273 ) ;
#1709 = CARTESIAN_POINT ( 'NONE',  ( 2.461745511456043247E-14, 189.0178641211801107, 64.30000000000002558 ) ) ;
#1710 = CARTESIAN_POINT ( 'NONE',  ( 66.45000000000005969, -18.09898987322328168, -66.45000000000005969 ) ) ;
#1711 = ORIENTED_EDGE ( 'NONE', *, *, #2284, .T. ) ;
#1712 = EDGE_LOOP ( 'NONE', ( #2967, #3373, #408, #2500 ) ) ;
#1713 = PLANE ( 'NONE',  #998 ) ;
#1714 = EDGE_CURVE ( 'NONE', #4087, #3298, #4045, .T. ) ;
#1715 = CARTESIAN_POINT ( 'NONE',  ( 67.25000000000000000, 2.100000000000000089, -69.75000000000000000 ) ) ;
#1716 = AXIS2_PLACEMENT_3D ( 'NONE', #4159, #3833, #276 ) ;
#1717 = VERTEX_POINT ( 'NONE', #1995 ) ;
#1718 = AXIS2_PLACEMENT_3D ( 'NONE', #3370, #4112, #1329 ) ;
#1719 = ORIENTED_EDGE ( 'NONE', *, *, #3214, .T. ) ;
#1720 = CARTESIAN_POINT ( 'NONE',  ( -57.45000000000006679, -18.09898987322328168, -64.95000000000005969 ) ) ;
#1721 = AXIS2_PLACEMENT_3D ( 'NONE', #3981, #1921, #3334 ) ;
#1722 = AXIS2_PLACEMENT_3D ( 'NONE', #3964, #1912, #150 ) ;
#1723 = PLANE ( 'NONE',  #262 ) ;
#1724 = AXIS2_PLACEMENT_3D ( 'NONE', #2132, #1483, #4151 ) ;
#1725 = ORIENTED_EDGE ( 'NONE', *, *, #1832, .F. ) ;
#1726 = VECTOR ( 'NONE', #193, 1000.000000000000000 ) ;
#1727 = CARTESIAN_POINT ( 'NONE',  ( -63.75000000000005684, 1.899999999999999023, -55.75000000000000711 ) ) ;
#1728 = VERTEX_POINT ( 'NONE', #3051 ) ;
#1729 = DIRECTION ( 'NONE',  ( 0.000000000000000000, 1.000000000000000000, 0.000000000000000000 ) ) ;
#1730 = DIRECTION ( 'NONE',  ( -1.000000000000000000, 0.000000000000000000, 3.828531122015618210E-16 ) ) ;
#1731 = CARTESIAN_POINT ( 'NONE',  ( -56.95000000000005258, -18.09898987322328168, 66.45000000000007390 ) ) ;
#1732 = ORIENTED_EDGE ( 'NONE', *, *, #1123, .F. ) ;
#1733 = DIRECTION ( 'NONE',  ( -0.000000000000000000, -0.000000000000000000, 1.000000000000000000 ) ) ;
#1734 = CARTESIAN_POINT ( 'NONE',  ( -66.45000000000004547, 2.200000000000000622, 66.95000000000007390 ) ) ;
#1735 = EDGE_CURVE ( 'NONE', #2620, #513, #3024, .T. ) ;
#1736 = ORIENTED_EDGE ( 'NONE', *, *, #1448, .T. ) ;
#1737 = EDGE_LOOP ( 'NONE', ( #1577, #3295, #2310, #814 ) ) ;
#1738 = AXIS2_PLACEMENT_3D ( 'NONE', #3993, #2544, #3606 ) ;
#1739 = CARTESIAN_POINT ( 'NONE',  ( -64.95000000000004547, 2.200000000000000622, 57.45000000000007390 ) ) ;
#1740 = DIRECTION ( 'NONE',  ( -1.000000000000000000, 0.000000000000000000, 0.000000000000000000 ) ) ;
#1741 = CARTESIAN_POINT ( 'NONE',  ( 0.000000000000000000, 2.200000000000000622, 0.000000000000000000 ) ) ;
#1742 = ORIENTED_EDGE ( 'NONE', *, *, #2033, .F. ) ;
#1743 = EDGE_CURVE ( 'NONE', #3678, #2767, #962, .T. ) ;
#1744 = AXIS2_PLACEMENT_3D ( 'NONE', #2354, #2696, #309 ) ;
#1745 = LINE ( 'NONE', #2055, #1146 ) ;
#1746 = ORIENTED_EDGE ( 'NONE', *, *, #3128, .T. ) ;
#1747 = CARTESIAN_POINT ( 'NONE',  ( -65.45000000000005969, 1.899999999999999023, -56.95000000000005969 ) ) ;
#1748 = CARTESIAN_POINT ( 'NONE',  ( -16.96034482758659578, 3.149999999999999911, -39.57413793103288668 ) ) ;
#1749 = VERTEX_POINT ( 'NONE', #920 ) ;
#1750 = DIRECTION ( 'NONE',  ( 0.3939192985791737378, 0.000000000000000000, -0.9191450300180552535 ) ) ;
#1751 = ORIENTED_EDGE ( 'NONE', *, *, #2644, .T. ) ;
#1752 = VERTEX_POINT ( 'NONE', #2296 ) ;
#1753 = LINE ( 'NONE', #3446, #765 ) ;
#1754 = FACE_OUTER_BOUND ( 'NONE', #2871, .T. ) ;
#1755 = ORIENTED_EDGE ( 'NONE', *, *, #2318, .F. ) ;
#1756 = FACE_OUTER_BOUND ( 'NONE', #1543, .T. ) ;
#1757 = CC_DESIGN_DATE_AND_TIME_ASSIGNMENT ( #2847, #3270, ( #4110 ) ) ;
#1758 = AXIS2_PLACEMENT_3D ( 'NONE', #798, #2920, #2213 ) ;
#1759 = LINE ( 'NONE', #3516, #1207 ) ;
#1760 = ADVANCED_FACE ( 'NONE', ( #3371 ), #1282, .T. ) ;
#1761 = ADVANCED_FACE ( 'NONE', ( #2022 ), #4431, .T. ) ;
#1762 = VERTEX_POINT ( 'NONE', #299 ) ;
#1763 = DIRECTION ( 'NONE',  ( 1.000000000000000000, 0.000000000000000000, -0.000000000000000000 ) ) ;
#1764 = ORIENTED_EDGE ( 'NONE', *, *, #693, .F. ) ;
#1765 = EDGE_CURVE ( 'NONE', #1971, #4504, #3396, .T. ) ;
#1766 = DIRECTION ( 'NONE',  ( 0.3939192985791800106, 0.000000000000000000, 0.9191450300180527000 ) ) ;
#1767 = CARTESIAN_POINT ( 'NONE',  ( 62.25000000000000000, 189.0178641211801107, 0.000000000000000000 ) ) ;
#1768 = ORIENTED_EDGE ( 'NONE', *, *, #907, .F. ) ;
#1769 = DIRECTION ( 'NONE',  ( -1.541976423090495042E-15, 0.000000000000000000, 1.000000000000000000 ) ) ;
#1770 = ORIENTED_EDGE ( 'NONE', *, *, #529, .F. ) ;
#1771 = CARTESIAN_POINT ( 'NONE',  ( 0.000000000000000000, 3.149999999999999911, 0.000000000000000000 ) ) ;
#1772 = ORIENTED_EDGE ( 'NONE', *, *, #1570, .T. ) ;
#1773 = ORIENTED_EDGE ( 'NONE', *, *, #1271, .F. ) ;
#1774 = DIRECTION ( 'NONE',  ( 8.326672684688672475E-15, 0.000000000000000000, 1.000000000000000000 ) ) ;
#1775 = AXIS2_PLACEMENT_3D ( 'NONE', #1579, #545, #2981 ) ;
#1776 = EDGE_CURVE ( 'NONE', #1881, #3837, #1330, .T. ) ;
#1777 = ORIENTED_EDGE ( 'NONE', *, *, #4298, .T. ) ;
#1778 = CIRCLE ( 'NONE', #3955, 1.000000000000000888 ) ;
#1779 = DIRECTION ( 'NONE',  ( 0.000000000000000000, 0.000000000000000000, 1.000000000000000000 ) ) ;
#1780 = DIRECTION ( 'NONE',  ( 0.000000000000000000, 0.000000000000000000, -1.000000000000000000 ) ) ;
#1781 = AXIS2_PLACEMENT_3D ( 'NONE', #857, #1871, #2647 ) ;
#1782 = ORIENTED_EDGE ( 'NONE', *, *, #2040, .T. ) ;
#1783 = AXIS2_PLACEMENT_3D ( 'NONE', #2023, #1331, #1051 ) ;
#1784 = EDGE_CURVE ( 'NONE', #1247, #1509, #875, .T. ) ;
#1785 = DIRECTION ( 'NONE',  ( -1.000000000000000000, 0.000000000000000000, 0.000000000000000000 ) ) ;
#1786 = ORIENTED_EDGE ( 'NONE', *, *, #2835, .F. ) ;
#1787 = DATE_AND_TIME ( #753, #2634 ) ;
#1788 = DIRECTION ( 'NONE',  ( -1.000000000000000000, 0.000000000000000000, -5.204170427930407873E-15 ) ) ;
#1789 = DIRECTION ( 'NONE',  ( 0.000000000000000000, 0.000000000000000000, 1.000000000000000000 ) ) ;
#1790 = VECTOR ( 'NONE', #3042, 1000.000000000000000 ) ;
#1791 = EDGE_CURVE ( 'NONE', #520, #2517, #3360, .T. ) ;
#1792 = ORIENTED_EDGE ( 'NONE', *, *, #748, .T. ) ;
#1793 = DIRECTION ( 'NONE',  ( -1.000000000000000000, 0.000000000000000000, 0.000000000000000000 ) ) ;
#1794 = DIRECTION ( 'NONE',  ( 0.9191450300180539212, 0.000000000000000000, -0.3939192985791770130 ) ) ;
#1795 = VERTEX_POINT ( 'NONE', #1975 ) ;
#1796 = CIRCLE ( 'NONE', #3134, 2.000000000000029310 ) ;
#1797 = DIRECTION ( 'NONE',  ( -1.000000000000000000, 0.000000000000000000, -1.541976423090493661E-15 ) ) ;
#1798 = ORIENTED_EDGE ( 'NONE', *, *, #3492, .F. ) ;
#1799 = ORIENTED_EDGE ( 'NONE', *, *, #646, .F. ) ;
#1800 = ADVANCED_FACE ( 'NONE', ( #3163 ), #3208, .F. ) ;
#1801 = ORIENTED_EDGE ( 'NONE', *, *, #4327, .T. ) ;
#1802 = DIRECTION ( 'NONE',  ( 0.000000000000000000, 0.000000000000000000, 1.000000000000000000 ) ) ;
#1803 = CIRCLE ( 'NONE', #430, 2.000000000000001776 ) ;
#1804 = DIRECTION ( 'NONE',  ( 0.000000000000000000, 0.000000000000000000, 1.000000000000000000 ) ) ;
#1805 = ORIENTED_EDGE ( 'NONE', *, *, #1538, .T. ) ;
#1806 = AXIS2_PLACEMENT_3D ( 'NONE', #1191, #3630, #518 ) ;
#1807 = DIRECTION ( 'NONE',  ( -0.000000000000000000, -1.000000000000000000, -0.000000000000000000 ) ) ;
#1808 = CARTESIAN_POINT ( 'NONE',  ( 48.50000000000000000, 5.149999999999987921, -63.00000000000002842 ) ) ;
#1809 = ORIENTED_EDGE ( 'NONE', *, *, #853, .T. ) ;
#1810 = CC_DESIGN_PERSON_AND_ORGANIZATION_ASSIGNMENT ( #2472, #506, ( #1829 ) ) ;
#1811 = LINE ( 'NONE', #99, #3614 ) ;
#1812 = CARTESIAN_POINT ( 'NONE',  ( -64.95000000000004547, 2.200000000000000622, 57.45000000000007390 ) ) ;
#1813 = ORIENTED_EDGE ( 'NONE', *, *, #1924, .T. ) ;
#1814 = DIRECTION ( 'NONE',  ( 0.000000000000000000, 1.000000000000000000, -0.000000000000000000 ) ) ;
#1815 = ORIENTED_EDGE ( 'NONE', *, *, #3724, .F. ) ;
#1816 = EDGE_CURVE ( 'NONE', #3299, #2373, #1394, .T. ) ;
#1817 = ORIENTED_EDGE ( 'NONE', *, *, #1107, .T. ) ;
#1818 = EDGE_CURVE ( 'NONE', #2921, #1434, #2084, .T. ) ;
#1819 = DIRECTION ( 'NONE',  ( -7.381802025433162136E-16, 0.000000000000000000, 1.000000000000000000 ) ) ;
#1820 = CARTESIAN_POINT ( 'NONE',  ( -56.95000000000005258, 1.899999999999999023, 65.45000000000007390 ) ) ;
#1821 = EDGE_LOOP ( 'NONE', ( #20, #1815 ) ) ;
#1822 = CARTESIAN_POINT ( 'NONE',  ( 55.75000000000000711, 4.100000000000000533, 67.75000000000001421 ) ) ;
#1823 = CARTESIAN_POINT ( 'NONE',  ( 4.701100619897174489E-13, 4.100000000000000533, 67.75000000000046896 ) ) ;
#1824 = PLANE ( 'NONE',  #2101 ) ;
#1825 = DIRECTION ( 'NONE',  ( -0.000000000000000000, 1.000000000000000000, -0.000000000000000000 ) ) ;
#1826 = VECTOR ( 'NONE', #3672, 1000.000000000000000 ) ;
#1827 = DIRECTION ( 'NONE',  ( -7.381802025433162136E-16, 0.000000000000000000, 1.000000000000000000 ) ) ;
#1828 = DATE_AND_TIME ( #3593, #3883 ) ;
#1829 = PRODUCT_DEFINITION_FORMATION_WITH_SPECIFIED_SOURCE ( '任何', '', #3911, .NOT_KNOWN. ) ;
#1830 = EDGE_LOOP ( 'NONE', ( #1809, #387, #2922, #4128 ) ) ;
#1831 = PLANE ( 'NONE',  #2080 ) ;
#1832 = EDGE_CURVE ( 'NONE', #3191, #1363, #3999, .T. ) ;
#1833 = CARTESIAN_POINT ( 'NONE',  ( 66.45000000000007390, 1.899999999999999023, 66.95000000000004547 ) ) ;
#1834 = VERTEX_POINT ( 'NONE', #2423 ) ;
#1835 = PLANE ( 'NONE',  #3386 ) ;
#1836 = ORIENTED_EDGE ( 'NONE', *, *, #699, .T. ) ;
#1837 = DIRECTION ( 'NONE',  ( 0.000000000000000000, -0.000000000000000000, -1.000000000000000000 ) ) ;
#1838 = DIRECTION ( 'NONE',  ( 0.000000000000000000, 0.000000000000000000, -1.000000000000000000 ) ) ;
#1839 = CARTESIAN_POINT ( 'NONE',  ( -55.74999999999999289, 1.899999999999999023, 65.75000000000000000 ) ) ;
#1840 = DIRECTION ( 'NONE',  ( 0.000000000000000000, 1.000000000000000000, -0.000000000000000000 ) ) ;
#1841 = ADVANCED_FACE ( 'NONE', ( #659 ), #373, .T. ) ;
#1842 = ORIENTED_EDGE ( 'NONE', *, *, #2226, .T. ) ;
#1843 = AXIS2_PLACEMENT_3D ( 'NONE', #122, #2456, #3849 ) ;
#1844 = CIRCLE ( 'NONE', #1843, 0.5000000000000004441 ) ;
#1845 = CYLINDRICAL_SURFACE ( 'NONE', #2582, 0.5000000000000004441 ) ;
#1846 = LINE ( 'NONE', #549, #3680 ) ;
#1847 = CARTESIAN_POINT ( 'NONE',  ( -68.25000000000000000, 1.500000000000000000, 67.25000000000000000 ) ) ;
#1848 = DIRECTION ( 'NONE',  ( -1.000000000000000000, 0.000000000000000000, 1.276177040671872737E-16 ) ) ;
#1849 = PERSON_AND_ORGANIZATION ( #2749, #3239 ) ;
#1850 = FACE_OUTER_BOUND ( 'NONE', #3077, .T. ) ;
#1851 = ORIENTED_EDGE ( 'NONE', *, *, #1631, .T. ) ;
#1852 = DIRECTION ( 'NONE',  ( 0.000000000000000000, 0.000000000000000000, -1.000000000000000000 ) ) ;
#1853 = AXIS2_PLACEMENT_3D ( 'NONE', #4215, #2099, #93 ) ;
#1854 = EDGE_CURVE ( 'NONE', #4082, #4271, #1057, .T. ) ;
#1855 = AXIS2_PLACEMENT_3D ( 'NONE', #191, #4102, #2278 ) ;
#1856 = DIRECTION ( 'NONE',  ( 7.381802025433162136E-16, 0.000000000000000000, -1.000000000000000000 ) ) ;
#1857 = EDGE_LOOP ( 'NONE', ( #1322, #3692, #3716, #3293 ) ) ;
#1858 = DIRECTION ( 'NONE',  ( 0.000000000000000000, 0.000000000000000000, -1.000000000000000000 ) ) ;
#1859 = ORIENTED_EDGE ( 'NONE', *, *, #1046, .F. ) ;
#1860 = DIRECTION ( 'NONE',  ( 1.000000000000000000, 0.000000000000000000, 0.000000000000000000 ) ) ;
#1861 = CIRCLE ( 'NONE', #3980, 1.500000000000001332 ) ;
#1862 = CARTESIAN_POINT ( 'NONE',  ( -57.45000000000005258, 2.200000000000000622, 64.95000000000007390 ) ) ;
#1863 = DIRECTION ( 'NONE',  ( 0.000000000000000000, 0.000000000000000000, -1.000000000000000000 ) ) ;
#1864 = DIRECTION ( 'NONE',  ( 1.266643248261853035E-16, 0.000000000000000000, -1.000000000000000000 ) ) ;
#1865 = VECTOR ( 'NONE', #1807, 1000.000000000000000 ) ;
#1866 = VERTEX_POINT ( 'NONE', #2812 ) ;
#1868 = EDGE_CURVE ( 'NONE', #203, #2747, #3469, .T. ) ;
#1867 = CARTESIAN_POINT ( 'NONE',  ( 66.95000000000007390, 2.200000000000000622, -57.45000000000007390 ) ) ;
#1869 = ORIENTED_EDGE ( 'NONE', *, *, #1319, .T. ) ;
#1870 = ORIENTED_EDGE ( 'NONE', *, *, #1300, .T. ) ;
#1871 = DIRECTION ( 'NONE',  ( 0.000000000000000000, -0.000000000000000000, 1.000000000000000000 ) ) ;
#1872 = CARTESIAN_POINT ( 'NONE',  ( 63.00000000000002842, 3.149999999999999911, 0.000000000000000000 ) ) ;
#1873 = EDGE_CURVE ( 'NONE', #4376, #3445, #4142, .T. ) ;
#1874 = LINE ( 'NONE', #2987, #1170 ) ;
#1875 = ADVANCED_FACE ( 'NONE', ( #3792, #327 ), #2028, .F. ) ;
#1876 = DIRECTION ( 'NONE',  ( -0.000000000000000000, 1.000000000000000000, -0.000000000000000000 ) ) ;
#1877 = PERSON_AND_ORGANIZATION ( #2749, #3239 ) ;
#1878 = AXIS2_PLACEMENT_3D ( 'NONE', #4433, #1288, #948 ) ;
#1879 = ORIENTED_EDGE ( 'NONE', *, *, #2226, .F. ) ;
#1880 = CARTESIAN_POINT ( 'NONE',  ( -55.75000000000000000, 4.100000000000000533, 65.75000000000000000 ) ) ;
#1881 = VERTEX_POINT ( 'NONE', #277 ) ;
#1882 = CARTESIAN_POINT ( 'NONE',  ( 63.00000000000002842, 5.149999999999987921, 0.000000000000000000 ) ) ;
#1883 = VERTEX_POINT ( 'NONE', #3509 ) ;
#1884 = EDGE_LOOP ( 'NONE', ( #3967, #1576, #3634, #560, #4196, #2844 ) ) ;
#1885 = VERTEX_POINT ( 'NONE', #989 ) ;
#1886 = DIRECTION ( 'NONE',  ( 0.000000000000000000, 0.000000000000000000, 1.000000000000000000 ) ) ;
#1887 = CARTESIAN_POINT ( 'NONE',  ( -63.75000000000001421, 1.899999999999999023, 63.75000000000002842 ) ) ;
#1888 = EDGE_CURVE ( 'NONE', #1055, #32, #1083, .T. ) ;
#1889 = VECTOR ( 'NONE', #4031, 1000.000000000000000 ) ;
#1890 = ORIENTED_EDGE ( 'NONE', *, *, #991, .F. ) ;
#1891 = CARTESIAN_POINT ( 'NONE',  ( -57.45000000000006679, 2.200000000000000622, -64.95000000000005969 ) ) ;
#1892 = EDGE_CURVE ( 'NONE', #2422, #3412, #1753, .T. ) ;
#1893 = ORIENTED_EDGE ( 'NONE', *, *, #3511, .T. ) ;
#1894 = PLANE ( 'NONE',  #1112 ) ;
#1895 = DIRECTION ( 'NONE',  ( 0.000000000000000000, 0.000000000000000000, -1.000000000000000000 ) ) ;
#1896 = DIRECTION ( 'NONE',  ( 0.000000000000000000, 1.000000000000000000, -0.000000000000000000 ) ) ;
#1897 = CARTESIAN_POINT ( 'NONE',  ( 65.75000000000000000, 1.899999999999999023, 53.75000000000007105 ) ) ;
#1898 = ADVANCED_FACE ( 'NONE', ( #1037, #3103 ), #304, .T. ) ;
#1899 = SHAPE_DEFINITION_REPRESENTATION ( #543, #402 ) ;
#1900 = ORIENTED_EDGE ( 'NONE', *, *, #1924, .F. ) ;
#1901 = CARTESIAN_POINT ( 'NONE',  ( 54.37250226860439994, 5.149999999999987921, 64.29999999999999716 ) ) ;
#1902 = EDGE_CURVE ( 'NONE', #2014, #1440, #2361, .T. ) ;
#1903 = DIRECTION ( 'NONE',  ( 0.000000000000000000, -1.000000000000000000, 0.000000000000000000 ) ) ;
#1904 = ORIENTED_EDGE ( 'NONE', *, *, #1776, .F. ) ;
#1905 = AXIS2_PLACEMENT_3D ( 'NONE', #457, #1814, #775 ) ;
#1906 = PLANE ( 'NONE',  #317 ) ;
#1907 = ORIENTED_EDGE ( 'NONE', *, *, #693, .T. ) ;
#1908 = DIRECTION ( 'NONE',  ( -1.000000000000000000, 0.000000000000000000, 0.000000000000000000 ) ) ;
#1909 = ORIENTED_EDGE ( 'NONE', *, *, #1631, .F. ) ;
#1910 = CARTESIAN_POINT ( 'NONE',  ( 66.95000000000007390, 1.899999999999999023, 66.45000000000004547 ) ) ;
#1911 = VECTOR ( 'NONE', #2968, 1000.000000000000000 ) ;
#1912 = DIRECTION ( 'NONE',  ( -1.000000000000000000, 0.000000000000000000, 0.000000000000000000 ) ) ;
#1913 = DIRECTION ( 'NONE',  ( 1.387778780781446267E-15, 0.000000000000000000, 1.000000000000000000 ) ) ;
#1914 = VERTEX_POINT ( 'NONE', #2414 ) ;
#1915 = ORIENTED_EDGE ( 'NONE', *, *, #3832, .T. ) ;
#1916 = CARTESIAN_POINT ( 'NONE',  ( -66.45000000000005969, 2.200000000000000622, -66.95000000000005969 ) ) ;
#1917 = ORIENTED_EDGE ( 'NONE', *, *, #1301, .T. ) ;
#1918 = FACE_OUTER_BOUND ( 'NONE', #697, .T. ) ;
#1919 = DIRECTION ( 'NONE',  ( 0.000000000000000000, 1.000000000000000000, -0.000000000000000000 ) ) ;
#1920 = AXIS2_PLACEMENT_3D ( 'NONE', #375, #726, #1779 ) ;
#1921 = DIRECTION ( 'NONE',  ( 0.000000000000000000, 1.000000000000000000, -0.000000000000000000 ) ) ;
#1922 = ORIENTED_EDGE ( 'NONE', *, *, #287, .F. ) ;
#1923 = DIRECTION ( 'NONE',  ( 1.000000000000000000, 0.000000000000000000, 0.000000000000000000 ) ) ;
#1924 = EDGE_CURVE ( 'NONE', #1305, #1172, #4506, .T. ) ;
#1925 = DIRECTION ( 'NONE',  ( 1.000000000000000000, 0.000000000000000000, -0.000000000000000000 ) ) ;
#1926 = ORIENTED_EDGE ( 'NONE', *, *, #399, .T. ) ;
#1927 = LINE ( 'NONE', #915, #2863 ) ;
#1928 = ORIENTED_EDGE ( 'NONE', *, *, #2485, .F. ) ;
#1929 = PLANE ( 'NONE',  #921 ) ;
#1930 = AXIS2_PLACEMENT_3D ( 'NONE', #1587, #932, #4395 ) ;
#1931 = ADVANCED_FACE ( 'NONE', ( #2392 ), #3812, .T. ) ;
#1932 = VERTEX_POINT ( 'NONE', #1734 ) ;
#1933 = CARTESIAN_POINT ( 'NONE',  ( -64.95000000000005969, -18.09898987322328168, -57.45000000000006679 ) ) ;
#1934 = VECTOR ( 'NONE', #1190, 1000.000000000000000 ) ;
#1935 = DIRECTION ( 'NONE',  ( -0.000000000000000000, 1.000000000000000000, -0.000000000000000000 ) ) ;
#1936 = CARTESIAN_POINT ( 'NONE',  ( -69.75000000000000000, 2.100000000000000089, 67.25000000000000000 ) ) ;
#1937 = AXIS2_PLACEMENT_3D ( 'NONE', #3928, #2182, #1610 ) ;
#1938 = VERTEX_POINT ( 'NONE', #3900 ) ;
#1939 = DIRECTION ( 'NONE',  ( 0.000000000000000000, -1.000000000000000000, 0.000000000000000000 ) ) ;
#1940 = VECTOR ( 'NONE', #3436, 1000.000000000000000 ) ;
#1941 = ORIENTED_EDGE ( 'NONE', *, *, #2086, .F. ) ;
#1942 = DIRECTION ( 'NONE',  ( 0.000000000000000000, 1.000000000000000000, -0.000000000000000000 ) ) ;
#1943 = DIRECTION ( 'NONE',  ( -0.000000000000000000, 1.000000000000000000, -0.000000000000000000 ) ) ;
#1944 = CARTESIAN_POINT ( 'NONE',  ( -63.75000000000001421, 1.899999999999999023, -63.75000000000002842 ) ) ;
#1945 = ORIENTED_EDGE ( 'NONE', *, *, #2011, .T. ) ;
#1946 = CARTESIAN_POINT ( 'NONE',  ( 64.95000000000007390, 2.200000000000000622, 57.45000000000005969 ) ) ;
#1947 = FACE_OUTER_BOUND ( 'NONE', #3547, .T. ) ;
#1948 = ORIENTED_EDGE ( 'NONE', *, *, #3762, .F. ) ;
#1949 = EDGE_CURVE ( 'NONE', #2537, #2146, #632, .T. ) ;
#1950 = DIRECTION ( 'NONE',  ( 0.000000000000000000, 0.000000000000000000, -1.000000000000000000 ) ) ;
#1951 = ORIENTED_EDGE ( 'NONE', *, *, #380, .T. ) ;
#1952 = PLANE ( 'NONE',  #842 ) ;
#1953 = VECTOR ( 'NONE', #3104, 1000.000000000000000 ) ;
#1954 = EDGE_LOOP ( 'NONE', ( #2031, #2120, #2834, #3645 ) ) ;
#1955 = DIRECTION ( 'NONE',  ( -0.000000000000000000, 1.000000000000000000, -0.000000000000000000 ) ) ;
#1956 = DIRECTION ( 'NONE',  ( 1.000000000000000000, 0.000000000000000000, -0.000000000000000000 ) ) ;
#1957 = VECTOR ( 'NONE', #1240, 1000.000000000000000 ) ;
#1958 = ORIENTED_EDGE ( 'NONE', *, *, #1092, .T. ) ;
#1959 = DIRECTION ( 'NONE',  ( 0.000000000000000000, -0.000000000000000000, -1.000000000000000000 ) ) ;
#1960 = EDGE_CURVE ( 'NONE', #3814, #1409, #48, .T. ) ;
#1961 = EDGE_CURVE ( 'NONE', #1054, #3768, #418, .T. ) ;
#1962 = ORIENTED_EDGE ( 'NONE', *, *, #3098, .F. ) ;
#1963 = CARTESIAN_POINT ( 'NONE',  ( -66.95000000000005969, -18.09898987322328168, -66.45000000000005969 ) ) ;
#1964 = DIRECTION ( 'NONE',  ( 0.000000000000000000, 0.000000000000000000, -1.000000000000000000 ) ) ;
#1965 = DIRECTION ( 'NONE',  ( 0.000000000000000000, 0.000000000000000000, -1.000000000000000000 ) ) ;
#1966 = DIRECTION ( 'NONE',  ( -0.3939192985791737378, 0.000000000000000000, -0.9191450300180552535 ) ) ;
#1967 = DIRECTION ( 'NONE',  ( 0.000000000000000000, 0.000000000000000000, -1.000000000000000000 ) ) ;
#1968 = ORIENTED_EDGE ( 'NONE', *, *, #2961, .F. ) ;
#1969 = CARTESIAN_POINT ( 'NONE',  ( -48.49999999999998579, 3.149999999999986144, 63.00000000000002842 ) ) ;
#1970 = CYLINDRICAL_SURFACE ( 'NONE', #4277, 2.000000000000015543 ) ;
#1971 = VERTEX_POINT ( 'NONE', #3568 ) ;
#1972 = LINE ( 'NONE', #1565, #3015 ) ;
#1973 = VERTEX_POINT ( 'NONE', #3234 ) ;
#1974 = CARTESIAN_POINT ( 'NONE',  ( 63.75000000000002842, 1.899999999999999023, 63.75000000000001421 ) ) ;
#1975 = CARTESIAN_POINT ( 'NONE',  ( 69.75000000000000000, 4.100000000000000533, -67.25000000000000000 ) ) ;
#1976 = ORIENTED_EDGE ( 'NONE', *, *, #2652, .T. ) ;
#1977 = ORIENTED_EDGE ( 'NONE', *, *, #1784, .F. ) ;
#1978 = CARTESIAN_POINT ( 'NONE',  ( 6.938893903907228378E-15, 5.150000000000000355, 59.90000000000000568 ) ) ;
#1979 = LOCAL_TIME ( 0, 4, 37.00000000000000000, #4240 ) ;
#1980 = DIRECTION ( 'NONE',  ( 1.000000000000000000, 0.000000000000000000, 0.000000000000000000 ) ) ;
#1981 = DIRECTION ( 'NONE',  ( 0.000000000000000000, 0.000000000000000000, -1.000000000000000000 ) ) ;
#1982 = EDGE_CURVE ( 'NONE', #2191, #3211, #3215, .T. ) ;
#1983 = VERTEX_POINT ( 'NONE', #441 ) ;
#1984 = DIRECTION ( 'NONE',  ( 0.000000000000000000, -1.000000000000000000, 0.000000000000000000 ) ) ;
#1985 = CARTESIAN_POINT ( 'NONE',  ( -63.75000000000004263, 1.899999999999999023, 55.75000000000002132 ) ) ;
#1986 = VECTOR ( 'NONE', #3961, 1000.000000000000000 ) ;
#1987 = VERTEX_POINT ( 'NONE', #741 ) ;
#1988 = PLANE ( 'NONE',  #2765 ) ;
#1989 = CARTESIAN_POINT ( 'NONE',  ( 65.45000000000007390, -18.09898987322328168, 57.45000000000005969 ) ) ;
#1990 = ORIENTED_EDGE ( 'NONE', *, *, #2106, .T. ) ;
#1991 = VECTOR ( 'NONE', #3648, 1000.000000000000000 ) ;
#1992 = CARTESIAN_POINT ( 'NONE',  ( 66.45000000000007390, 1.899999999999999023, 57.45000000000005969 ) ) ;
#1993 = ORIENTED_EDGE ( 'NONE', *, *, #399, .F. ) ;
#1994 = DIRECTION ( 'NONE',  ( 0.000000000000000000, 1.000000000000000000, -0.000000000000000000 ) ) ;
#1995 = CARTESIAN_POINT ( 'NONE',  ( 57.45000000000007390, 1.899999999999999023, 64.95000000000004547 ) ) ;
#1996 = VERTEX_POINT ( 'NONE', #3281 ) ;
#1997 = ORIENTED_EDGE ( 'NONE', *, *, #3461, .F. ) ;
#1998 = FACE_OUTER_BOUND ( 'NONE', #362, .T. ) ;
#1999 = AXIS2_PLACEMENT_3D ( 'NONE', #3679, #568, #1550 ) ;
#2000 = AXIS2_PLACEMENT_3D ( 'NONE', #290, #1682, #1344 ) ;
#2001 = VECTOR ( 'NONE', #829, 1000.000000000000000 ) ;
#2002 = ORIENTED_EDGE ( 'NONE', *, *, #1116, .F. ) ;
#2003 = ORIENTED_EDGE ( 'NONE', *, *, #3432, .F. ) ;
#2004 = DIRECTION ( 'NONE',  ( -0.000000000000000000, -1.000000000000000000, -0.000000000000000000 ) ) ;
#2005 = AXIS2_PLACEMENT_3D ( 'NONE', #2843, #1825, #95 ) ;
#2006 = EDGE_CURVE ( 'NONE', #1097, #2767, #3038, .T. ) ;
#2007 = CYLINDRICAL_SURFACE ( 'NONE', #3575, 0.5000000000000073275 ) ;
#2008 = CARTESIAN_POINT ( 'NONE',  ( -63.75000000000001421, 1.899999999999999023, 63.75000000000002842 ) ) ;
#2009 = VECTOR ( 'NONE', #426, 1000.000000000000000 ) ;
#2010 = CARTESIAN_POINT ( 'NONE',  ( 66.95000000000005969, 1.899999999999999023, -66.45000000000005969 ) ) ;
#2011 = EDGE_CURVE ( 'NONE', #594, #1569, #3540, .T. ) ;
#2012 = FACE_OUTER_BOUND ( 'NONE', #459, .T. ) ;
#2013 = EDGE_CURVE ( 'NONE', #1192, #1987, #1143, .T. ) ;
#2014 = VERTEX_POINT ( 'NONE', #3253 ) ;
#2015 = AXIS2_PLACEMENT_3D ( 'NONE', #793, #3917, #79 ) ;
#2016 = APPLICATION_CONTEXT ( 'configuration controlled 3d designs of mechanical parts and assemblies' ) ;
#2017 = DIRECTION ( 'NONE',  ( -0.000000000000000000, -1.000000000000000000, -0.000000000000000000 ) ) ;
#2018 = EDGE_LOOP ( 'NONE', ( #1518, #2793, #913, #888 ) ) ;
#2019 = DIRECTION ( 'NONE',  ( 0.000000000000000000, -0.000000000000000000, 1.000000000000000000 ) ) ;
#2020 = AXIS2_PLACEMENT_3D ( 'NONE', #3034, #284, #1342 ) ;
#2021 = CARTESIAN_POINT ( 'NONE',  ( 66.45000000000005969, 1.899999999999999023, -66.45000000000005969 ) ) ;
#2022 = FACE_OUTER_BOUND ( 'NONE', #993, .T. ) ;
#2023 = CARTESIAN_POINT ( 'NONE',  ( 0.000000000000000000, 1.900000000000000133, 0.000000000000000000 ) ) ;
#2024 = VECTOR ( 'NONE', #874, 1000.000000000000000 ) ;
#2025 = ORIENTED_EDGE ( 'NONE', *, *, #1041, .F. ) ;
#2026 = ORIENTED_EDGE ( 'NONE', *, *, #1816, .F. ) ;
#2027 = DIRECTION ( 'NONE',  ( 1.000000000000000000, 0.000000000000000000, -8.326672684688672475E-15 ) ) ;
#2028 = PLANE ( 'NONE',  #4337 ) ;
#2029 = VECTOR ( 'NONE', #247, 1000.000000000000000 ) ;
#2030 = CARTESIAN_POINT ( 'NONE',  ( -65.74999999999998579, 2.100000000000000977, -55.75000000000000711 ) ) ;
#2031 = ORIENTED_EDGE ( 'NONE', *, *, #515, .T. ) ;
#2032 = ORIENTED_EDGE ( 'NONE', *, *, #2907, .T. ) ;
#2033 = EDGE_CURVE ( 'NONE', #3878, #1458, #107, .T. ) ;
#2034 = DIRECTION ( 'NONE',  ( 0.000000000000000000, 1.000000000000000000, -0.000000000000000000 ) ) ;
#2035 = VERTEX_POINT ( 'NONE', #1862 ) ;
#2036 = EDGE_CURVE ( 'NONE', #4168, #1540, #2836, .T. ) ;
#2037 = CARTESIAN_POINT ( 'NONE',  ( 57.45000000000007390, 1.899999999999999023, 66.45000000000004547 ) ) ;
#2038 = ORIENTED_EDGE ( 'NONE', *, *, #2086, .T. ) ;
#2039 = DIRECTION ( 'NONE',  ( 1.000000000000000000, 0.000000000000000000, -3.469446951953611033E-15 ) ) ;
#2040 = EDGE_CURVE ( 'NONE', #4085, #282, #1189, .T. ) ;
#2041 = DIRECTION ( 'NONE',  ( 0.9191450300180513677, 0.000000000000000000, 0.3939192985791831192 ) ) ;
#2042 = MANIFOLD_SOLID_BREP ( '圆角3', #1488 ) ;
#2043 = CARTESIAN_POINT ( 'NONE',  ( 68.25000000000000000, 1.500000000000000000, 67.25000000000000000 ) ) ;
#2044 = CARTESIAN_POINT ( 'NONE',  ( -66.45000000000005969, 2.200000000000000622, -56.95000000000005969 ) ) ;
#2045 = ORIENTED_EDGE ( 'NONE', *, *, #287, .T. ) ;
#2046 = ORIENTED_EDGE ( 'NONE', *, *, #3468, .F. ) ;
#2047 = PLANE ( 'NONE',  #1490 ) ;
#2048 = AXIS2_PLACEMENT_3D ( 'NONE', #1542, #2585, #4261 ) ;
#2049 = VERTEX_POINT ( 'NONE', #1443 ) ;
#2050 = ORIENTED_EDGE ( 'NONE', *, *, #3119, .T. ) ;
#2051 = CARTESIAN_POINT ( 'NONE',  ( 0.000000000000000000, 189.0178641211801107, 63.74999999999998579 ) ) ;
#2052 = AXIS2_PLACEMENT_3D ( 'NONE', #3414, #534, #1950 ) ;
#2053 = DIRECTION ( 'NONE',  ( -0.000000000000000000, 1.000000000000000000, -0.000000000000000000 ) ) ;
#2054 = ORIENTED_EDGE ( 'NONE', *, *, #1606, .T. ) ;
#2055 = CARTESIAN_POINT ( 'NONE',  ( 66.45000000000005969, 1.899999999999999023, -56.95000000000006679 ) ) ;
#2056 = VERTEX_POINT ( 'NONE', #4230 ) ;
#2057 = CARTESIAN_POINT ( 'NONE',  ( 0.000000000000000000, 2.100000000000000089, 0.000000000000000000 ) ) ;
#2058 = EDGE_CURVE ( 'NONE', #3673, #2171, #1103, .T. ) ;
#2059 = VECTOR ( 'NONE', #2004, 1000.000000000000000 ) ;
#2060 = CARTESIAN_POINT ( 'NONE',  ( -66.95000000000005969, 2.200000000000000622, -66.45000000000005969 ) ) ;
#2061 = DIRECTION ( 'NONE',  ( -0.000000000000000000, 1.000000000000000000, -0.000000000000000000 ) ) ;
#2062 = ORIENTED_EDGE ( 'NONE', *, *, #2272, .F. ) ;
#2063 = FACE_OUTER_BOUND ( 'NONE', #374, .T. ) ;
#2064 = CARTESIAN_POINT ( 'NONE',  ( 6.938893903907228378E-15, 15.69229576515475699, 59.90000000000000568 ) ) ;
#2065 = CIRCLE ( 'NONE', #1716, 2.000000000000015543 ) ;
#2066 = ORIENTED_EDGE ( 'NONE', *, *, #849, .T. ) ;
#2067 = VECTOR ( 'NONE', #3705, 1000.000000000000000 ) ;
#2068 = VERTEX_POINT ( 'NONE', #199 ) ;
#2069 = DIRECTION ( 'NONE',  ( -1.000000000000000000, 0.000000000000000000, 0.000000000000000000 ) ) ;
#2070 = EDGE_CURVE ( 'NONE', #4330, #3287, #2732, .T. ) ;
#2071 = LINE ( 'NONE', #2419, #558 ) ;
#2072 = CYLINDRICAL_SURFACE ( 'NONE', #2327, 0.5000000000000004441 ) ;
#2073 = CARTESIAN_POINT ( 'NONE',  ( 55.75000000000000711, 189.0178641211801107, 63.74999999999998579 ) ) ;
#2074 = VECTOR ( 'NONE', #2507, 1000.000000000000000 ) ;
#2075 = VECTOR ( 'NONE', #2112, 1000.000000000000000 ) ;
#2076 = DIRECTION ( 'NONE',  ( 0.000000000000000000, 1.000000000000000000, -0.000000000000000000 ) ) ;
#2077 = AXIS2_PLACEMENT_3D ( 'NONE', #2622, #3685, #3065 ) ;
#2078 = EDGE_LOOP ( 'NONE', ( #4227, #2688, #607, #3364, #2224, #3969, #1746, #3422 ) ) ;
#2080 = AXIS2_PLACEMENT_3D ( 'NONE', #2867, #3187, #3621 ) ;
#2079 = AXIS2_PLACEMENT_3D ( 'NONE', #2896, #3623, #2168 ) ;
#2081 = LINE ( 'NONE', #1665, #187 ) ;
#2082 = ORIENTED_EDGE ( 'NONE', *, *, #3010, .F. ) ;
#2083 = DIRECTION ( 'NONE',  ( 1.000000000000000000, 0.000000000000000000, -0.000000000000000000 ) ) ;
#2084 = LINE ( 'NONE', #754, #2604 ) ;
#2085 = EDGE_CURVE ( 'NONE', #3058, #1932, #872, .T. ) ;
#2086 = EDGE_CURVE ( 'NONE', #1881, #902, #3323, .T. ) ;
#2087 = FACE_OUTER_BOUND ( 'NONE', #582, .T. ) ;
#2088 = CARTESIAN_POINT ( 'NONE',  ( -67.25000000000000000, 2.100000000000000089, 69.75000000000000000 ) ) ;
#2089 = ORIENTED_EDGE ( 'NONE', *, *, #2654, .F. ) ;
#2090 = ORIENTED_EDGE ( 'NONE', *, *, #3555, .F. ) ;
#2091 = CARTESIAN_POINT ( 'NONE',  ( -67.49999999999997158, 2.100000000000000977, -54.78175416344822679 ) ) ;
#2092 = DIRECTION ( 'NONE',  ( 0.000000000000000000, -1.000000000000000000, 0.000000000000000000 ) ) ;
#2093 = LINE ( 'NONE', #4249, #4517 ) ;
#2094 = EDGE_CURVE ( 'NONE', #2831, #2056, #174, .T. ) ;
#2095 = ORIENTED_EDGE ( 'NONE', *, *, #2040, .F. ) ;
#2096 = LINE ( 'NONE', #682, #3834 ) ;
#2097 = AXIS2_PLACEMENT_3D ( 'NONE', #788, #2160, #33 ) ;
#2098 = EDGE_CURVE ( 'NONE', #960, #3829, #4360, .T. ) ;
#2099 = DIRECTION ( 'NONE',  ( -0.000000000000000000, 1.000000000000000000, -0.000000000000000000 ) ) ;
#2100 = ORIENTED_EDGE ( 'NONE', *, *, #1949, .T. ) ;
#2101 = AXIS2_PLACEMENT_3D ( 'NONE', #2183, #1532, #2932 ) ;
#2102 = CARTESIAN_POINT ( 'NONE',  ( 57.45000000000007390, 2.200000000000000622, 66.95000000000005969 ) ) ;
#2103 = ORIENTED_EDGE ( 'NONE', *, *, #1902, .F. ) ;
#2104 = CARTESIAN_POINT ( 'NONE',  ( 62.25000000000000000, 5.149999999999987921, 0.000000000000000000 ) ) ;
#2105 = FACE_OUTER_BOUND ( 'NONE', #769, .T. ) ;
#2106 = EDGE_CURVE ( 'NONE', #170, #3990, #893, .T. ) ;
#2107 = CARTESIAN_POINT ( 'NONE',  ( 35.95000000000002416, 5.149999999999987921, -62.25000000000001421 ) ) ;
#2108 = DIRECTION ( 'NONE',  ( 0.000000000000000000, -1.000000000000000000, 0.000000000000000000 ) ) ;
#2109 = ORIENTED_EDGE ( 'NONE', *, *, #2907, .F. ) ;
#2110 = ORIENTED_EDGE ( 'NONE', *, *, #205, .T. ) ;
#2111 = ORIENTED_EDGE ( 'NONE', *, *, #1072, .T. ) ;
#2112 = DIRECTION ( 'NONE',  ( -1.000000000000000000, 0.000000000000000000, 1.387778780781463504E-14 ) ) ;
#2113 = PLANE ( 'NONE',  #2254 ) ;
#2114 = ADVANCED_FACE ( 'NONE', ( #1312 ), #2274, .T. ) ;
#2115 = CARTESIAN_POINT ( 'NONE',  ( -55.75000000000000711, 1.899999999999999023, -67.74999999999991473 ) ) ;
#2116 = VECTOR ( 'NONE', #1438, 1000.000000000000000 ) ;
#2117 = CARTESIAN_POINT ( 'NONE',  ( -65.75000000000000000, 2.100000000000000089, 55.75000000000000000 ) ) ;
#2118 = ORIENTED_EDGE ( 'NONE', *, *, #3664, .T. ) ;
#2119 = DIRECTION ( 'NONE',  ( -0.3939192985791737933, 0.000000000000000000, -0.9191450300180552535 ) ) ;
#2120 = ORIENTED_EDGE ( 'NONE', *, *, #4393, .F. ) ;
#2121 = PERSON_AND_ORGANIZATION_ROLE ( 'design_owner' ) ;
#2122 = VERTEX_POINT ( 'NONE', #3005 ) ;
#2123 = CARTESIAN_POINT ( 'NONE',  ( -67.25000000000000000, 0.000000000000000000, -68.25000000000000000 ) ) ;
#2124 = DIRECTION ( 'NONE',  ( -0.000000000000000000, 1.000000000000000000, -0.000000000000000000 ) ) ;
#2125 = ORIENTED_EDGE ( 'NONE', *, *, #1076, .T. ) ;
#2126 = EDGE_LOOP ( 'NONE', ( #1449, #1258, #4401, #4287 ) ) ;
#2127 = VECTOR ( 'NONE', #3451, 1000.000000000000000 ) ;
#2128 = EDGE_CURVE ( 'NONE', #1418, #2667, #3407, .T. ) ;
#2129 = ADVANCED_FACE ( 'NONE', ( #3029 ), #1603, .T. ) ;
#2130 = ORIENTED_EDGE ( 'NONE', *, *, #2401, .T. ) ;
#2131 = VECTOR ( 'NONE', #87, 1000.000000000000000 ) ;
#2132 = CARTESIAN_POINT ( 'NONE',  ( -67.25000000000000000, 4.100000000000000533, -67.25000000000000000 ) ) ;
#2133 = DIRECTION ( 'NONE',  ( -0.000000000000000000, 1.000000000000000000, -0.000000000000000000 ) ) ;
#2134 = EDGE_CURVE ( 'NONE', #3385, #2919, #1778, .T. ) ;
#2135 = CIRCLE ( 'NONE', #3902, 0.5000000000000073275 ) ;
#2136 = CARTESIAN_POINT ( 'NONE',  ( -63.00000000000002842, 3.149999999999986144, -37.69999999999999574 ) ) ;
#2137 = VECTOR ( 'NONE', #3605, 1000.000000000000000 ) ;
#2138 = ORIENTED_EDGE ( 'NONE', *, *, #2655, .T. ) ;
#2139 = VECTOR ( 'NONE', #2190, 1000.000000000000000 ) ;
#2140 = EDGE_CURVE ( 'NONE', #4071, #4330, #633, .T. ) ;
#2141 = CARTESIAN_POINT ( 'NONE',  ( 56.95000000000005969, 1.899999999999999023, 66.45000000000004547 ) ) ;
#2142 = EDGE_CURVE ( 'NONE', #4087, #3113, #1245, .T. ) ;
#2143 = PERSON_AND_ORGANIZATION ( #2749, #3239 ) ;
#2144 = DIRECTION ( 'NONE',  ( 0.000000000000000000, 0.000000000000000000, -1.000000000000000000 ) ) ;
#2145 = VECTOR ( 'NONE', #2286, 1000.000000000000000 ) ;
#2146 = VERTEX_POINT ( 'NONE', #4051 ) ;
#2147 = LINE ( 'NONE', #1471, #113 ) ;
#2148 = PLANE ( 'NONE',  #4424 ) ;
#2149 = VECTOR ( 'NONE', #1785, 1000.000000000000000 ) ;
#2150 = PLANE ( 'NONE',  #1905 ) ;
#2151 = VERTEX_POINT ( 'NONE', #4342 ) ;
#2152 = EDGE_LOOP ( 'NONE', ( #1254, #1439, #2599, #933 ) ) ;
#2153 = DIRECTION ( 'NONE',  ( 0.000000000000000000, 0.000000000000000000, 1.000000000000000000 ) ) ;
#2154 = ORIENTED_EDGE ( 'NONE', *, *, #4219, .F. ) ;
#2155 = FACE_OUTER_BOUND ( 'NONE', #3054, .T. ) ;
#2156 = CIRCLE ( 'NONE', #3711, 1.399999999999998579 ) ;
#2157 = CARTESIAN_POINT ( 'NONE',  ( -66.95000000000005969, 1.899999999999999023, -66.45000000000005969 ) ) ;
#2158 = CARTESIAN_POINT ( 'NONE',  ( 62.25000000000000000, 189.0178641211801107, 62.25000000000000000 ) ) ;
#2159 = ADVANCED_FACE ( 'NONE', ( #925 ), #3997, .T. ) ;
#2160 = DIRECTION ( 'NONE',  ( 1.000000000000000000, 0.000000000000000000, 1.541976423090496225E-15 ) ) ;
#2161 = VECTOR ( 'NONE', #4453, 1000.000000000000000 ) ;
#2162 = PRODUCT_DEFINITION ( '未知', '', #1829, #2565 ) ;
#2163 = DIRECTION ( 'NONE',  ( 1.000000000000000000, -0.000000000000000000, -1.541976423090493661E-15 ) ) ;
#2164 = PERSON_AND_ORGANIZATION ( #2749, #3239 ) ;
#2165 = VERTEX_POINT ( 'NONE', #3654 ) ;
#2166 = ADVANCED_FACE ( 'NONE', ( #1626 ), #2619, .T. ) ;
#2167 = AXIS2_PLACEMENT_3D ( 'NONE', #2252, #1557, #3613 ) ;
#2168 = DIRECTION ( 'NONE',  ( 0.000000000000000000, 0.000000000000000000, -1.000000000000000000 ) ) ;
#2169 = ORIENTED_EDGE ( 'NONE', *, *, #1873, .T. ) ;
#2170 = CARTESIAN_POINT ( 'NONE',  ( 66.45000000000005969, 2.200000000000000622, -66.45000000000005969 ) ) ;
#2171 = VERTEX_POINT ( 'NONE', #878 ) ;
#2172 = EDGE_LOOP ( 'NONE', ( #4427, #1498, #3987, #347, #73, #2954, #2433, #603, #3756, #567, #890 ) ) ;
#2173 = EDGE_CURVE ( 'NONE', #323, #3954, #3184, .T. ) ;
#2174 = ADVANCED_FACE ( 'NONE', ( #1287 ), #702, .T. ) ;
#2175 = FACE_OUTER_BOUND ( 'NONE', #3026, .T. ) ;
#2176 = CARTESIAN_POINT ( 'NONE',  ( -64.95000000000004547, 1.899999999999999023, 57.45000000000007390 ) ) ;
#2177 = CARTESIAN_POINT ( 'NONE',  ( 67.50000000000000000, 4.100000000000000533, 54.78175416344813442 ) ) ;
#2178 = CARTESIAN_POINT ( 'NONE',  ( -66.45000000000005969, 2.200000000000000622, -66.95000000000005969 ) ) ;
#2179 = VERTEX_POINT ( 'NONE', #2325 ) ;
#2180 = FACE_OUTER_BOUND ( 'NONE', #2078, .T. ) ;
#2181 = DIRECTION ( 'NONE',  ( 1.000000000000000000, 0.000000000000000000, -0.000000000000000000 ) ) ;
#2182 = DIRECTION ( 'NONE',  ( 0.000000000000000000, -1.000000000000000000, 0.000000000000000000 ) ) ;
#2183 = CARTESIAN_POINT ( 'NONE',  ( 56.95000000000005969, -18.09898987322328168, -66.45000000000005969 ) ) ;
#2184 = VECTOR ( 'NONE', #4448, 999.9999999999998863 ) ;
#2185 = CARTESIAN_POINT ( 'NONE',  ( 63.75000000000000000, 189.0178641211801107, -63.75000000000000000 ) ) ;
#2186 = APPROVAL_ROLE ( '' ) ;
#2187 = CIRCLE ( 'NONE', #388, 0.5000000000000073275 ) ;
#2188 = DIRECTION ( 'NONE',  ( -0.000000000000000000, -1.000000000000000000, -0.000000000000000000 ) ) ;
#2189 = DIRECTION ( 'NONE',  ( -0.000000000000000000, -1.000000000000000000, -0.000000000000000000 ) ) ;
#2190 = DIRECTION ( 'NONE',  ( -0.000000000000000000, -1.000000000000000000, -0.000000000000000000 ) ) ;
#2191 = VERTEX_POINT ( 'NONE', #180 ) ;
#2192 = DIRECTION ( 'NONE',  ( 0.000000000000000000, -1.000000000000000000, 0.000000000000000000 ) ) ;
#2193 = ORIENTED_EDGE ( 'NONE', *, *, #1599, .F. ) ;
#2194 = CARTESIAN_POINT ( 'NONE',  ( 67.25000000000000000, 1.500000000000000000, -69.75000000000000000 ) ) ;
#2195 = EDGE_CURVE ( 'NONE', #351, #194, #3474, .T. ) ;
#2196 = FACE_OUTER_BOUND ( 'NONE', #405, .T. ) ;
#2197 = CARTESIAN_POINT ( 'NONE',  ( -4.149999999999947953, 5.150000000000000355, -3.063447840554723938E-15 ) ) ;
#2198 = CARTESIAN_POINT ( 'NONE',  ( -64.95000000000005969, 1.899999999999999023, -57.45000000000006679 ) ) ;
#2199 = DIRECTION ( 'NONE',  ( 0.000000000000000000, 1.000000000000000000, -0.000000000000000000 ) ) ;
#2200 = ADVANCED_FACE ( 'NONE', ( #900 ), #3725, .F. ) ;
#2201 = EDGE_LOOP ( 'NONE', ( #1590, #3072, #2660, #1711, #1945, #1751, #4515, #3237 ) ) ;
#2202 = VECTOR ( 'NONE', #2743, 1000.000000000000000 ) ;
#2203 = EDGE_LOOP ( 'NONE', ( #4078, #2100, #2062, #1564, #458, #4147, #2497, #3640 ) ) ;
#2204 = FACE_OUTER_BOUND ( 'NONE', #4313, .T. ) ;
#2205 = CARTESIAN_POINT ( 'NONE',  ( -63.75000000000005684, 5.149999999999987921, -55.75000000000000711 ) ) ;
#2206 = PERSON_AND_ORGANIZATION ( #2749, #3239 ) ;
#2207 = CIRCLE ( 'NONE', #260, 0.5000000000000004441 ) ;
#2208 = ORIENTED_EDGE ( 'NONE', *, *, #1784, .T. ) ;
#2209 = VECTOR ( 'NONE', #2726, 1000.000000000000000 ) ;
#2210 = AXIS2_PLACEMENT_3D ( 'NONE', #3259, #1939, #1959 ) ;
#2211 = DIRECTION ( 'NONE',  ( 6.938893903907226800E-15, 0.000000000000000000, 1.000000000000000000 ) ) ;
#2212 = VERTEX_POINT ( 'NONE', #1613 ) ;
#2213 = DIRECTION ( 'NONE',  ( 0.000000000000000000, 0.000000000000000000, -1.000000000000000000 ) ) ;
#2214 = ORIENTED_EDGE ( 'NONE', *, *, #1041, .T. ) ;
#2215 = LINE ( 'NONE', #1544, #4263 ) ;
#2216 = VECTOR ( 'NONE', #4303, 1000.000000000000000 ) ;
#2217 = ORIENTED_EDGE ( 'NONE', *, *, #70, .T. ) ;
#2218 = CARTESIAN_POINT ( 'NONE',  ( 63.00000000000002842, 189.0178641211801107, 0.000000000000000000 ) ) ;
#2219 = EDGE_CURVE ( 'NONE', #1392, #395, #1272, .T. ) ;
#2220 = EDGE_CURVE ( 'NONE', #3535, #2676, #3751, .T. ) ;
#2221 = CARTESIAN_POINT ( 'NONE',  ( 67.25000000000000000, 1.500000000000000000, 67.25000000000000000 ) ) ;
#2222 = CARTESIAN_POINT ( 'NONE',  ( 54.78175416344821258, 2.100000000000000977, 67.49999999999998579 ) ) ;
#2223 = AXIS2_PLACEMENT_3D ( 'NONE', #755, #2518, #412 ) ;
#2224 = ORIENTED_EDGE ( 'NONE', *, *, #3006, .T. ) ;
#2225 = LINE ( 'NONE', #3632, #2067 ) ;
#2226 = EDGE_CURVE ( 'NONE', #4509, #56, #3498, .T. ) ;
#2227 = EDGE_LOOP ( 'NONE', ( #3957, #392 ) ) ;
#2228 = FACE_OUTER_BOUND ( 'NONE', #4284, .T. ) ;
#2229 = CIRCLE ( 'NONE', #2020, 1.500000000000001332 ) ;
#2230 = ADVANCED_FACE ( 'NONE', ( #2175 ), #4266, .T. ) ;
#2231 = VECTOR ( 'NONE', #2257, 1000.000000000000000 ) ;
#2232 = CARTESIAN_POINT ( 'NONE',  ( -57.45000000000006679, 1.899999999999999023, -66.45000000000005969 ) ) ;
#2233 = VECTOR ( 'NONE', #1400, 1000.000000000000000 ) ;
#2234 = ORIENTED_EDGE ( 'NONE', *, *, #2652, .F. ) ;
#2235 = DIRECTION ( 'NONE',  ( 0.000000000000000000, 0.000000000000000000, -1.000000000000000000 ) ) ;
#2236 = ORIENTED_EDGE ( 'NONE', *, *, #1186, .F. ) ;
#2237 = LINE ( 'NONE', #3073, #2341 ) ;
#2238 = ORIENTED_EDGE ( 'NONE', *, *, #586, .F. ) ;
#2239 = LINE ( 'NONE', #596, #2692 ) ;
#2240 = ORIENTED_EDGE ( 'NONE', *, *, #2481, .F. ) ;
#2241 = CARTESIAN_POINT ( 'NONE',  ( 66.45000000000005969, 1.899999999999999023, -66.95000000000005969 ) ) ;
#2242 = FACE_OUTER_BOUND ( 'NONE', #4157, .T. ) ;
#2243 = DIRECTION ( 'NONE',  ( -1.000000000000000000, 0.000000000000000000, 1.387778780781446267E-15 ) ) ;
#2244 = AXIS2_PLACEMENT_3D ( 'NONE', #503, #1175, #809 ) ;
#2245 = ORIENTED_EDGE ( 'NONE', *, *, #611, .T. ) ;
#2246 = CARTESIAN_POINT ( 'NONE',  ( -66.45000000000004547, -18.09898987322328168, 56.95000000000007390 ) ) ;
#2247 = DIRECTION ( 'NONE',  ( 0.000000000000000000, -1.000000000000000000, 0.000000000000000000 ) ) ;
#2248 = DIRECTION ( 'NONE',  ( 0.000000000000000000, 0.000000000000000000, 1.000000000000000000 ) ) ;
#2249 = ORIENTED_EDGE ( 'NONE', *, *, #821, .T. ) ;
#2250 = DIRECTION ( 'NONE',  ( 5.551115123125785069E-15, 0.000000000000000000, -1.000000000000000000 ) ) ;
#2251 = EDGE_CURVE ( 'NONE', #944, #530, #3252, .T. ) ;
#2252 = CARTESIAN_POINT ( 'NONE',  ( -67.25000000000000000, 1.500000000000000000, -67.25000000000000000 ) ) ;
#2253 = CARTESIAN_POINT ( 'NONE',  ( -37.69999999999996732, 5.149999999999987921, 63.00000000000002842 ) ) ;
#2254 = AXIS2_PLACEMENT_3D ( 'NONE', #359, #3530, #1837 ) ;
#2255 = ORIENTED_EDGE ( 'NONE', *, *, #433, .T. ) ;
#2256 = LINE ( 'NONE', #1638, #342 ) ;
#2257 = DIRECTION ( 'NONE',  ( 0.000000000000000000, 0.000000000000000000, 1.000000000000000000 ) ) ;
#2258 = LINE ( 'NONE', #3695, #116 ) ;
#2259 = VERTEX_POINT ( 'NONE', #3153 ) ;
#2260 = VECTOR ( 'NONE', #1750, 1000.000000000000000 ) ;
#2261 = DIRECTION ( 'NONE',  ( -0.000000000000000000, 1.000000000000000000, -0.000000000000000000 ) ) ;
#2262 = VERTEX_POINT ( 'NONE', #2446 ) ;
#2263 = CARTESIAN_POINT ( 'NONE',  ( -65.74999999999997158, 1.899999999999999023, 55.75000000000002132 ) ) ;
#2264 = ORIENTED_EDGE ( 'NONE', *, *, #2058, .T. ) ;
#2265 = CARTESIAN_POINT ( 'NONE',  ( 0.000000000000000000, 3.149999999999999911, 62.25000000000000000 ) ) ;
#2266 = CIRCLE ( 'NONE', #3665, 0.5000000000000004441 ) ;
#2267 = CARTESIAN_POINT ( 'NONE',  ( 62.25000000000000000, 3.149999999999986144, 50.25000000000003553 ) ) ;
#2268 = DIRECTION ( 'NONE',  ( -0.000000000000000000, 1.000000000000000000, -0.000000000000000000 ) ) ;
#2269 = EDGE_LOOP ( 'NONE', ( #2978, #839, #3560, #3280 ) ) ;
#2270 = VERTEX_POINT ( 'NONE', #727 ) ;
#2271 = DIRECTION ( 'NONE',  ( 0.000000000000000000, 1.000000000000000000, 0.000000000000000000 ) ) ;
#2272 = EDGE_CURVE ( 'NONE', #647, #2146, #1166, .T. ) ;
#2273 = DIRECTION ( 'NONE',  ( 0.000000000000000000, 0.000000000000000000, 1.000000000000000000 ) ) ;
#2274 = PLANE ( 'NONE',  #3752 ) ;
#2275 = ADVANCED_FACE ( 'NONE', ( #2542 ), #3603, .F. ) ;
#2276 = ORIENTED_EDGE ( 'NONE', *, *, #4022, .T. ) ;
#2277 = CARTESIAN_POINT ( 'NONE',  ( -62.25000000000000000, 3.149999999999986144, 62.25000000000000000 ) ) ;
#2278 = DIRECTION ( 'NONE',  ( 0.000000000000000000, 0.000000000000000000, -1.000000000000000000 ) ) ;
#2279 = AXIS2_PLACEMENT_3D ( 'NONE', #610, #1650, #3056 ) ;
#2280 = DIRECTION ( 'NONE',  ( -1.000000000000000000, 0.000000000000000000, -1.541976423090493661E-15 ) ) ;
#2281 = DIRECTION ( 'NONE',  ( 0.9191450300180513677, 0.000000000000000000, 0.3939192985791831192 ) ) ;
#2282 = ORIENTED_EDGE ( 'NONE', *, *, #2983, .T. ) ;
#2283 = DIRECTION ( 'NONE',  ( 0.000000000000000000, -0.000000000000000000, -1.000000000000000000 ) ) ;
#2284 = EDGE_CURVE ( 'NONE', #3306, #594, #407, .T. ) ;
#2285 = EDGE_CURVE ( 'NONE', #1749, #701, #1154, .T. ) ;
#2286 = DIRECTION ( 'NONE',  ( -0.000000000000000000, -0.000000000000000000, 1.000000000000000000 ) ) ;
#2287 = ORIENTED_EDGE ( 'NONE', *, *, #3128, .F. ) ;
#2288 = VECTOR ( 'NONE', #604, 1000.000000000000000 ) ;
#2289 = DIRECTION ( 'NONE',  ( 1.541976423090495042E-15, 0.000000000000000000, 1.000000000000000000 ) ) ;
#2290 = EDGE_LOOP ( 'NONE', ( #2245, #1035, #1993, #1629 ) ) ;
#2291 = EDGE_LOOP ( 'NONE', ( #1624, #420, #149, #2110 ) ) ;
#2292 = VECTOR ( 'NONE', #2280, 1000.000000000000000 ) ;
#2293 = ORIENTED_EDGE ( 'NONE', *, *, #1414, .F. ) ;
#2294 = VECTOR ( 'NONE', #1453, 1000.000000000000000 ) ;
#2295 = DIRECTION ( 'NONE',  ( 0.000000000000000000, 1.000000000000000000, -0.000000000000000000 ) ) ;
#2296 = CARTESIAN_POINT ( 'NONE',  ( 57.45000000000007390, 2.200000000000000622, 64.95000000000004547 ) ) ;
#2297 = VECTOR ( 'NONE', #3766, 1000.000000000000000 ) ;
#2298 = EDGE_LOOP ( 'NONE', ( #2336, #600, #3168, #4146 ) ) ;
#2299 = EDGE_LOOP ( 'NONE', ( #3746, #2657, #1786, #3204 ) ) ;
#2300 = LINE ( 'NONE', #590, #2742 ) ;
#2301 = CARTESIAN_POINT ( 'NONE',  ( 57.45000000000005969, -18.09898987322328168, -65.45000000000007390 ) ) ;
#2302 = VECTOR ( 'NONE', #1098, 1000.000000000000000 ) ;
#2303 = EDGE_LOOP ( 'NONE', ( #2568, #3326, #3801, #3172 ) ) ;
#2304 = DIRECTION ( 'NONE',  ( 0.000000000000000000, 0.000000000000000000, 1.000000000000000000 ) ) ;
#2305 = CARTESIAN_POINT ( 'NONE',  ( -63.00000000000002842, 5.149999999999987921, -48.50000000000000000 ) ) ;
#2306 = DIRECTION ( 'NONE',  ( 0.000000000000000000, 0.000000000000000000, -1.000000000000000000 ) ) ;
#2307 = CARTESIAN_POINT ( 'NONE',  ( 39.57413793103403066, 5.149999999999987921, -16.96034482758632578 ) ) ;
#2308 = DIRECTION ( 'NONE',  ( 1.387778780781446267E-15, 0.000000000000000000, 1.000000000000000000 ) ) ;
#2309 = EDGE_CURVE ( 'NONE', #4509, #960, #2650, .T. ) ;
#2310 = ORIENTED_EDGE ( 'NONE', *, *, #34, .F. ) ;
#2311 = LINE ( 'NONE', #1946, #3570 ) ;
#2312 = DIRECTION ( 'NONE',  ( 0.000000000000000000, 0.000000000000000000, -1.000000000000000000 ) ) ;
#2313 = ORIENTED_EDGE ( 'NONE', *, *, #521, .T. ) ;
#2314 = CARTESIAN_POINT ( 'NONE',  ( 1.709968385153502818E-14, 4.100000000000000533, 67.50000000000000000 ) ) ;
#2315 = ORIENTED_EDGE ( 'NONE', *, *, #2098, .T. ) ;
#2316 = VECTOR ( 'NONE', #2716, 1000.000000000000000 ) ;
#2317 = ORIENTED_EDGE ( 'NONE', *, *, #1832, .T. ) ;
#2318 = EDGE_CURVE ( 'NONE', #841, #1333, #429, .T. ) ;
#2319 = DIRECTION ( 'NONE',  ( -0.000000000000000000, -1.000000000000000000, -0.000000000000000000 ) ) ;
#2320 = DIRECTION ( 'NONE',  ( 0.000000000000000000, 0.000000000000000000, 1.000000000000000000 ) ) ;
#2321 = ADVANCED_FACE ( 'NONE', ( #1850 ), #1073, .F. ) ;
#2322 = ORIENTED_EDGE ( 'NONE', *, *, #1685, .F. ) ;
#2323 = CARTESIAN_POINT ( 'NONE',  ( -64.95000000000004547, -18.09898987322328168, 64.95000000000007390 ) ) ;
#2324 = EDGE_CURVE ( 'NONE', #2936, #3298, #1844, .T. ) ;
#2325 = CARTESIAN_POINT ( 'NONE',  ( 67.50000000000000000, 4.100000000000000533, 54.78175416344813442 ) ) ;
#2326 = CARTESIAN_POINT ( 'NONE',  ( 54.78175416344817705, 4.100000000000000533, 67.49999999999998579 ) ) ;
#2327 = AXIS2_PLACEMENT_3D ( 'NONE', #3497, #3797, #332 ) ;
#2328 = VERTEX_POINT ( 'NONE', #813 ) ;
#2329 = LINE ( 'NONE', #3133, #1558 ) ;
#2330 = DIRECTION ( 'NONE',  ( -0.000000000000000000, -1.000000000000000000, -0.000000000000000000 ) ) ;
#2331 = DIRECTION ( 'NONE',  ( 0.000000000000000000, 0.000000000000000000, 1.000000000000000000 ) ) ;
#2332 = CARTESIAN_POINT ( 'NONE',  ( -64.95000000000004547, 2.200000000000000622, 64.95000000000007390 ) ) ;
#2333 = ORIENTED_EDGE ( 'NONE', *, *, #4174, .F. ) ;
#2334 = DIRECTION ( 'NONE',  ( -1.276177040671872737E-16, 0.000000000000000000, -1.000000000000000000 ) ) ;
#2335 = LINE ( 'NONE', #4329, #2822 ) ;
#2336 = ORIENTED_EDGE ( 'NONE', *, *, #4478, .T. ) ;
#2337 = CARTESIAN_POINT ( 'NONE',  ( 67.75000000000001421, 1.899999999999999023, 67.74999999999998579 ) ) ;
#2338 = ORIENTED_EDGE ( 'NONE', *, *, #2465, .T. ) ;
#2339 = LINE ( 'NONE', #1974, #182 ) ;
#2340 = DIRECTION ( 'NONE',  ( -0.000000000000000000, 1.000000000000000000, -0.000000000000000000 ) ) ;
#2341 = VECTOR ( 'NONE', #4380, 1000.000000000000000 ) ;
#2342 = EDGE_CURVE ( 'NONE', #56, #3829, #3538, .T. ) ;
#2343 = ORIENTED_EDGE ( 'NONE', *, *, #3338, .T. ) ;
#2344 = ORIENTED_EDGE ( 'NONE', *, *, #2626, .T. ) ;
#2345 = CARTESIAN_POINT ( 'NONE',  ( 7.214439433715382461E-15, 5.150000000000000355, 62.15000000000001279 ) ) ;
#2346 = CIRCLE ( 'NONE', #463, 0.5000000000000073275 ) ;
#2347 = DIRECTION ( 'NONE',  ( -1.541976423090496225E-15, 0.000000000000000000, -1.000000000000000000 ) ) ;
#2348 = EDGE_CURVE ( 'NONE', #69, #1509, #1469, .T. ) ;
#2349 = ADVANCED_FACE ( 'NONE', ( #2105 ), #4242, .F. ) ;
#2350 = ORIENTED_EDGE ( 'NONE', *, *, #1534, .T. ) ;
#2351 = ORIENTED_EDGE ( 'NONE', *, *, #467, .T. ) ;
#2352 = LINE ( 'NONE', #3684, #3049 ) ;
#2353 = DIRECTION ( 'NONE',  ( -0.000000000000000000, -1.000000000000000000, -0.000000000000000000 ) ) ;
#2354 = CARTESIAN_POINT ( 'NONE',  ( 67.25000000000000000, 1.500000000000000000, -67.25000000000000000 ) ) ;
#2355 = CARTESIAN_POINT ( 'NONE',  ( 55.74999999999999289, 4.100000000000000533, -65.75000000000000000 ) ) ;
#2356 = LINE ( 'NONE', #3753, #2074 ) ;
#2357 = AXIS2_PLACEMENT_3D ( 'NONE', #117, #3973, #994 ) ;
#2358 = CARTESIAN_POINT ( 'NONE',  ( -57.45000000000006679, -18.09898987322328168, -66.95000000000007390 ) ) ;
#2359 = DIRECTION ( 'NONE',  ( -0.000000000000000000, 1.000000000000000000, -0.000000000000000000 ) ) ;
#2360 = ORIENTED_EDGE ( 'NONE', *, *, #1606, .F. ) ;
#2361 = CIRCLE ( 'NONE', #2952, 1.999999999999988010 ) ;
#2362 = FACE_OUTER_BOUND ( 'NONE', #2489, .T. ) ;
#2363 = CARTESIAN_POINT ( 'NONE',  ( -67.75000000000002842, 4.100000000000000533, 55.75000000000000000 ) ) ;
#2364 = CARTESIAN_POINT ( 'NONE',  ( -57.45000000000006679, 1.899999999999999023, -64.95000000000005969 ) ) ;
#2365 = CARTESIAN_POINT ( 'NONE',  ( 67.25000000000000000, 1.500000000000000000, 69.75000000000000000 ) ) ;
#2366 = ORIENTED_EDGE ( 'NONE', *, *, #3272, .F. ) ;
#2367 = DIRECTION ( 'NONE',  ( 0.000000000000000000, 0.000000000000000000, -1.000000000000000000 ) ) ;
#2368 = AXIS2_PLACEMENT_3D ( 'NONE', #3723, #2271, #3398 ) ;
#2369 = EDGE_CURVE ( 'NONE', #3053, #2262, #4258, .T. ) ;
#2370 = FACE_OUTER_BOUND ( 'NONE', #2269, .T. ) ;
#2371 = VECTOR ( 'NONE', #1628, 1000.000000000000000 ) ;
#2372 = ORIENTED_EDGE ( 'NONE', *, *, #378, .T. ) ;
#2373 = VERTEX_POINT ( 'NONE', #2474 ) ;
#2374 = CARTESIAN_POINT ( 'NONE',  ( 66.45000000000005969, 2.200000000000000622, -56.95000000000006679 ) ) ;
#2375 = DIRECTION ( 'NONE',  ( 0.000000000000000000, 0.000000000000000000, -1.000000000000000000 ) ) ;
#2376 = AXIS2_PLACEMENT_3D ( 'NONE', #1686, #1068, #2383 ) ;
#2377 = CARTESIAN_POINT ( 'NONE',  ( -64.30000000000001137, 189.0178641211801107, 54.37250226860435021 ) ) ;
#2378 = EDGE_CURVE ( 'NONE', #2676, #281, #3110, .T. ) ;
#2379 = AXIS2_PLACEMENT_3D ( 'NONE', #3269, #2864, #2119 ) ;
#2380 = DIRECTION ( 'NONE',  ( -1.541976423090496225E-15, 0.000000000000000000, -1.000000000000000000 ) ) ;
#2381 = ADVANCED_FACE ( 'NONE', ( #3559 ), #1133, .T. ) ;
#2382 = ORIENTED_EDGE ( 'NONE', *, *, #2998, .F. ) ;
#2383 = DIRECTION ( 'NONE',  ( 1.000000000000000000, 0.000000000000000000, 0.000000000000000000 ) ) ;
#2384 = ORIENTED_EDGE ( 'NONE', *, *, #4326, .F. ) ;
#2385 = PLANE ( 'NONE',  #975 ) ;
#2386 = CARTESIAN_POINT ( 'NONE',  ( -1.769417945496345003E-13, 5.149999999999987921, -63.75000000000020606 ) ) ;
#2387 = DIRECTION ( 'NONE',  ( 0.000000000000000000, 0.000000000000000000, 1.000000000000000000 ) ) ;
#2388 = CIRCLE ( 'NONE', #2988, 0.5000000000000004441 ) ;
#2389 = LINE ( 'NONE', #1053, #1341 ) ;
#2390 = ORIENTED_EDGE ( 'NONE', *, *, #4200, .F. ) ;
#2391 = DIRECTION ( 'NONE',  ( 0.000000000000000000, 1.000000000000000000, 0.000000000000000000 ) ) ;
#2392 = FACE_OUTER_BOUND ( 'NONE', #3415, .T. ) ;
#2393 = ORIENTED_EDGE ( 'NONE', *, *, #1218, .F. ) ;
#2394 = ORIENTED_EDGE ( 'NONE', *, *, #3842, .T. ) ;
#2395 = DIRECTION ( 'NONE',  ( 1.000000000000000000, -0.000000000000000000, -0.000000000000000000 ) ) ;
#2396 = CYLINDRICAL_SURFACE ( 'NONE', #248, 4.150000000000001243 ) ;
#2397 = DIRECTION ( 'NONE',  ( 0.3939192985791800106, 0.000000000000000000, 0.9191450300180525890 ) ) ;
#2398 = CARTESIAN_POINT ( 'NONE',  ( -64.30000000000002558, 189.0178641211801107, 8.205818371520142052E-15 ) ) ;
#2399 = ADVANCED_FACE ( 'NONE', ( #1224 ), #904, .T. ) ;
#2400 = ORIENTED_EDGE ( 'NONE', *, *, #2718, .F. ) ;
#2401 = EDGE_CURVE ( 'NONE', #1883, #2831, #2804, .T. ) ;
#2402 = EDGE_CURVE ( 'NONE', #717, #841, #472, .T. ) ;
#2403 = FACE_OUTER_BOUND ( 'NONE', #4307, .T. ) ;
#2404 = VERTEX_POINT ( 'NONE', #3085 ) ;
#2405 = CARTESIAN_POINT ( 'NONE',  ( 56.95000000000005258, 2.200000000000000622, -65.45000000000005969 ) ) ;
#2406 = DIRECTION ( 'NONE',  ( 0.000000000000000000, 0.000000000000000000, -1.000000000000000000 ) ) ;
#2407 = EDGE_CURVE ( 'NONE', #3361, #1592, #2329, .T. ) ;
#2408 = ADVANCED_FACE ( 'NONE', ( #4511 ), #2396, .T. ) ;
#2409 = LINE ( 'NONE', #2432, #3763 ) ;
#2410 = FACE_OUTER_BOUND ( 'NONE', #2633, .T. ) ;
#2411 = ORIENTED_EDGE ( 'NONE', *, *, #2838, .F. ) ;
#2412 = DIRECTION ( 'NONE',  ( 0.000000000000000000, 1.000000000000000000, -0.000000000000000000 ) ) ;
#2413 = AXIS2_PLACEMENT_3D ( 'NONE', #1847, #3263, #118 ) ;
#2414 = CARTESIAN_POINT ( 'NONE',  ( -64.30000000000003979, 2.100000000000000977, -54.37250226860444258 ) ) ;
#2415 = AXIS2_PLACEMENT_3D ( 'NONE', #2170, #3625, #512 ) ;
#2416 = ADVANCED_FACE ( 'NONE', ( #3774 ), #3709, .F. ) ;
#2417 = ORIENTED_EDGE ( 'NONE', *, *, #155, .F. ) ;
#2418 = ORIENTED_EDGE ( 'NONE', *, *, #4202, .T. ) ;
#2419 = CARTESIAN_POINT ( 'NONE',  ( 56.95000000000006679, 1.899999999999999023, 66.45000000000004547 ) ) ;
#2420 = DIRECTION ( 'NONE',  ( 1.000000000000000000, 0.000000000000000000, 0.000000000000000000 ) ) ;
#2421 = CARTESIAN_POINT ( 'NONE',  ( 55.74999999999998579, 1.899999999999999023, -63.75000000000007105 ) ) ;
#2422 = VERTEX_POINT ( 'NONE', #663 ) ;
#2423 = CARTESIAN_POINT ( 'NONE',  ( -54.37250226860445679, 2.100000000000000977, 64.30000000000005400 ) ) ;
#2424 = CARTESIAN_POINT ( 'NONE',  ( -4.149999999999947953, 15.69229576515475699, -3.063447840554723938E-15 ) ) ;
#2425 = EDGE_LOOP ( 'NONE', ( #1496, #1704, #718, #677 ) ) ;
#2426 = LINE ( 'NONE', #1413, #4468 ) ;
#2427 = AXIS2_PLACEMENT_3D ( 'NONE', #973, #3379, #1964 ) ;
#2428 = CARTESIAN_POINT ( 'NONE',  ( -62.25000000000000000, 3.149999999999986144, -35.95000000000000995 ) ) ;
#2429 = EDGE_CURVE ( 'NONE', #4063, #760, #1630, .T. ) ;
#2430 = EDGE_CURVE ( 'NONE', #4168, #7, #308, .T. ) ;
#2431 = AXIS2_PLACEMENT_3D ( 'NONE', #1209, #3962, #2590 ) ;
#2432 = CARTESIAN_POINT ( 'NONE',  ( -64.95000000000005969, 2.200000000000000622, -57.45000000000006679 ) ) ;
#2433 = ORIENTED_EDGE ( 'NONE', *, *, #2917, .F. ) ;
#2434 = LINE ( 'NONE', #2044, #2792 ) ;
#2435 = ORIENTED_EDGE ( 'NONE', *, *, #3272, .T. ) ;
#2436 = ORIENTED_EDGE ( 'NONE', *, *, #808, .F. ) ;
#2437 = CARTESIAN_POINT ( 'NONE',  ( -66.95000000000004547, 1.899999999999999023, 66.45000000000007390 ) ) ;
#2438 = DIRECTION ( 'NONE',  ( 0.000000000000000000, 0.000000000000000000, -1.000000000000000000 ) ) ;
#2439 = VECTOR ( 'NONE', #3367, 1000.000000000000000 ) ;
#2440 = VERTEX_POINT ( 'NONE', #3060 ) ;
#2441 = AXIS2_PLACEMENT_3D ( 'NONE', #3282, #3992, #1886 ) ;
#2442 = VERTEX_POINT ( 'NONE', #3748 ) ;
#2443 = CARTESIAN_POINT ( 'NONE',  ( -65.74999999999998579, 4.100000000000000533, -55.75000000000000711 ) ) ;
#2444 = DIRECTION ( 'NONE',  ( -0.000000000000000000, 0.000000000000000000, -1.000000000000000000 ) ) ;
#2445 = DIRECTION ( 'NONE',  ( -0.000000000000000000, -1.000000000000000000, -0.000000000000000000 ) ) ;
#2446 = CARTESIAN_POINT ( 'NONE',  ( 67.75000000000000000, 1.899999999999999023, -67.75000000000000000 ) ) ;
#2447 = CIRCLE ( 'NONE', #1067, 1.999999999999946265 ) ;
#2448 = VECTOR ( 'NONE', #2546, 1000.000000000000114 ) ;
#2449 = DIRECTION ( 'NONE',  ( -0.000000000000000000, 1.000000000000000000, -0.000000000000000000 ) ) ;
#2450 = ORIENTED_EDGE ( 'NONE', *, *, #228, .T. ) ;
#2452 = VECTOR ( 'NONE', #2495, 1000.000000000000000 ) ;
#2451 = AXIS2_PLACEMENT_3D ( 'NONE', #556, #2938, #3984 ) ;
#2453 = DIRECTION ( 'NONE',  ( -1.000000000000000000, -0.000000000000000000, -0.000000000000000000 ) ) ;
#2454 = ORIENTED_EDGE ( 'NONE', *, *, #3532, .F. ) ;
#2455 = DIRECTION ( 'NONE',  ( -0.000000000000000000, -1.000000000000000000, -0.000000000000000000 ) ) ;
#2456 = DIRECTION ( 'NONE',  ( 0.000000000000000000, 1.000000000000000000, -0.000000000000000000 ) ) ;
#2457 = ORIENTED_EDGE ( 'NONE', *, *, #3694, .T. ) ;
#2458 = CARTESIAN_POINT ( 'NONE',  ( 55.75000000000000711, 4.100000000000000533, 67.75000000000001421 ) ) ;
#2459 = CARTESIAN_POINT ( 'NONE',  ( -56.95000000000005258, 1.899999999999999023, 66.45000000000007390 ) ) ;
#2460 = ORIENTED_EDGE ( 'NONE', *, *, #1625, .T. ) ;
#2461 = EDGE_CURVE ( 'NONE', #1094, #1440, #636, .T. ) ;
#2462 = FACE_OUTER_BOUND ( 'NONE', #1552, .T. ) ;
#2463 = DIRECTION ( 'NONE',  ( 0.000000000000000000, -1.000000000000000000, 0.000000000000000000 ) ) ;
#2464 = AXIS2_PLACEMENT_3D ( 'NONE', #4459, #3081, #1336 ) ;
#2465 = EDGE_CURVE ( 'NONE', #171, #2014, #3429, .T. ) ;
#2466 = ORIENTED_EDGE ( 'NONE', *, *, #2835, .T. ) ;
#2467 = DIRECTION ( 'NONE',  ( 1.000000000000000000, 0.000000000000000000, 0.000000000000000000 ) ) ;
#2468 = DIRECTION ( 'NONE',  ( -0.000000000000000000, -1.000000000000000000, 0.000000000000000000 ) ) ;
#2469 = ORIENTED_EDGE ( 'NONE', *, *, #1127, .T. ) ;
#2470 = PLANE ( 'NONE',  #2379 ) ;
#2471 = EDGE_LOOP ( 'NONE', ( #85, #4397, #3279, #4017, #4432, #3247, #1178, #3091 ) ) ;
#2472 = PERSON_AND_ORGANIZATION ( #2749, #3239 ) ;
#2473 = EDGE_CURVE ( 'NONE', #908, #3318, #2071, .T. ) ;
#2474 = CARTESIAN_POINT ( 'NONE',  ( 37.69999999999998153, 3.149999999999986144, -63.00000000000004263 ) ) ;
#2475 = ORIENTED_EDGE ( 'NONE', *, *, #1158, .T. ) ;
#2476 = DIRECTION ( 'NONE',  ( -0.000000000000000000, -1.000000000000000000, -0.000000000000000000 ) ) ;
#2477 = CARTESIAN_POINT ( 'NONE',  ( 63.75000000000000000, 5.149999999999987921, -63.75000000000000000 ) ) ;
#2478 = CARTESIAN_POINT ( 'NONE',  ( 67.25000000000000000, 0.000000000000000000, 68.25000000000000000 ) ) ;
#2479 = EDGE_LOOP ( 'NONE', ( #438, #3229, #3527 ) ) ;
#2480 = ORIENTED_EDGE ( 'NONE', *, *, #433, .F. ) ;
#2481 = EDGE_CURVE ( 'NONE', #579, #3150, #2727, .T. ) ;
#2482 = EDGE_LOOP ( 'NONE', ( #3936, #3713, #2090, #4259 ) ) ;
#2483 = DIRECTION ( 'NONE',  ( 0.000000000000000000, 0.000000000000000000, -1.000000000000000000 ) ) ;
#2484 = ADVANCED_FACE ( 'NONE', ( #1404 ), #445, .T. ) ;
#2485 = EDGE_CURVE ( 'NONE', #2422, #3983, #3891, .T. ) ;
#2486 = VECTOR ( 'NONE', #2519, 1000.000000000000000 ) ;
#2487 = DIRECTION ( 'NONE',  ( 0.000000000000000000, -1.000000000000000000, 0.000000000000000000 ) ) ;
#2488 = DIRECTION ( 'NONE',  ( -1.000000000000000000, 0.000000000000000000, 6.938893903907222067E-15 ) ) ;
#2489 = EDGE_LOOP ( 'NONE', ( #2255, #4100, #2214, #816 ) ) ;
#2490 = VECTOR ( 'NONE', #1688, 1000.000000000000000 ) ;
#2491 = CARTESIAN_POINT ( 'NONE',  ( -67.25000000000000000, 1.500000000000000000, 69.75000000000000000 ) ) ;
#2492 = DIRECTION ( 'NONE',  ( 0.000000000000000000, 0.000000000000000000, 1.000000000000000000 ) ) ;
#2493 = DIRECTION ( 'NONE',  ( 0.000000000000000000, 1.000000000000000000, 0.000000000000000000 ) ) ;
#2494 = ORIENTED_EDGE ( 'NONE', *, *, #1868, .F. ) ;
#2495 = DIRECTION ( 'NONE',  ( 0.000000000000000000, 0.000000000000000000, -1.000000000000000000 ) ) ;
#2496 = CARTESIAN_POINT ( 'NONE',  ( 16.96034482758638973, 189.0178641211801107, 39.57413793103380328 ) ) ;
#2497 = ORIENTED_EDGE ( 'NONE', *, *, #3179, .F. ) ;
#2498 = CARTESIAN_POINT ( 'NONE',  ( -55.75000000000000000, 4.100000000000000533, 67.75000000000001421 ) ) ;
#2499 = ORIENTED_EDGE ( 'NONE', *, *, #1735, .T. ) ;
#2500 = ORIENTED_EDGE ( 'NONE', *, *, #4326, .T. ) ;
#2501 = AXIS2_PLACEMENT_3D ( 'NONE', #4282, #1491, #2531 ) ;
#2502 = DIRECTION ( 'NONE',  ( -0.000000000000000000, 1.000000000000000000, -0.000000000000000000 ) ) ;
#2503 = ORIENTED_EDGE ( 'NONE', *, *, #612, .T. ) ;
#2504 = ADVANCED_FACE ( 'NONE', ( #1756 ), #27, .F. ) ;
#2505 = AXIS2_PLACEMENT_3D ( 'NONE', #869, #1908, #2901 ) ;
#2506 = LINE ( 'NONE', #2908, #1655 ) ;
#2507 = DIRECTION ( 'NONE',  ( -0.000000000000000000, 1.000000000000000000, -0.000000000000000000 ) ) ;
#2508 = CYLINDRICAL_SURFACE ( 'NONE', #4485, 1.999999999999988010 ) ;
#2509 = CIRCLE ( 'NONE', #492, 1.500000000000001332 ) ;
#2510 = ADVANCED_FACE ( 'NONE', ( #3974 ), #2508, .F. ) ;
#2511 = AXIS2_PLACEMENT_3D ( 'NONE', #2221, #2591, #4019 ) ;
#2512 = CIRCLE ( 'NONE', #2077, 1.500000000000001332 ) ;
#2513 = LINE ( 'NONE', #790, #421 ) ;
#2514 = EDGE_CURVE ( 'NONE', #1060, #1434, #2956, .T. ) ;
#2515 = MECHANICAL_CONTEXT ( 'NONE', #862, 'mechanical' ) ;
#2516 = VECTOR ( 'NONE', #4012, 1000.000000000000000 ) ;
#2517 = VERTEX_POINT ( 'NONE', #2884 ) ;
#2518 = DIRECTION ( 'NONE',  ( -0.000000000000000000, 1.000000000000000000, -0.000000000000000000 ) ) ;
#2519 = DIRECTION ( 'NONE',  ( -0.000000000000000000, 1.000000000000000000, -0.000000000000000000 ) ) ;
#2520 = ORIENTED_EDGE ( 'NONE', *, *, #2983, .F. ) ;
#2521 = ORIENTED_EDGE ( 'NONE', *, *, #761, .T. ) ;
#2522 = CARTESIAN_POINT ( 'NONE',  ( 62.25000000000000000, 3.149999999999986144, 35.94999999999998153 ) ) ;
#2523 = DIRECTION ( 'NONE',  ( 1.000000000000000000, -0.000000000000000000, 1.266643248261853035E-16 ) ) ;
#2524 = ORIENTED_EDGE ( 'NONE', *, *, #658, .F. ) ;
#2525 = DIRECTION ( 'NONE',  ( 0.000000000000000000, -0.000000000000000000, 1.000000000000000000 ) ) ;
#2526 = VECTOR ( 'NONE', #2905, 1000.000000000000000 ) ;
#2527 = PLANE ( 'NONE',  #1937 ) ;
#2528 = EDGE_CURVE ( 'NONE', #2049, #3502, #1846, .T. ) ;
#2529 = DIRECTION ( 'NONE',  ( 0.000000000000000000, -0.000000000000000000, 1.000000000000000000 ) ) ;
#2530 = COORDINATED_UNIVERSAL_TIME_OFFSET ( 8, 0, .AHEAD. ) ;
#2531 = DIRECTION ( 'NONE',  ( 0.000000000000000000, 0.000000000000000000, -1.000000000000000000 ) ) ;
#2532 = VERTEX_POINT ( 'NONE', #2157 ) ;
#2533 = CARTESIAN_POINT ( 'NONE',  ( -67.50000000000002842, 2.100000000000000977, 54.78175416344830495 ) ) ;
#2534 = EDGE_CURVE ( 'NONE', #3820, #3213, #447, .T. ) ;
#2535 = AXIS2_PLACEMENT_3D ( 'NONE', #1720, #704, #485 ) ;
#2536 = LINE ( 'NONE', #3563, #3835 ) ;
#2537 = VERTEX_POINT ( 'NONE', #94 ) ;
#2538 = FACE_OUTER_BOUND ( 'NONE', #3162, .T. ) ;
#2539 = ORIENTED_EDGE ( 'NONE', *, *, #1104, .F. ) ;
#2540 = ORIENTED_EDGE ( 'NONE', *, *, #3129, .F. ) ;
#2541 = FACE_OUTER_BOUND ( 'NONE', #4189, .T. ) ;
#2542 = FACE_OUTER_BOUND ( 'NONE', #3486, .T. ) ;
#2543 = DIRECTION ( 'NONE',  ( 1.000000000000000000, 0.000000000000000000, 0.000000000000000000 ) ) ;
#2544 = DIRECTION ( 'NONE',  ( 1.541976423090493661E-15, 0.000000000000000000, 1.000000000000000000 ) ) ;
#2545 = ORIENTED_EDGE ( 'NONE', *, *, #4238, .T. ) ;
#2546 = DIRECTION ( 'NONE',  ( -0.3939192985791737933, 0.000000000000000000, -0.9191450300180552535 ) ) ;
#2547 = CARTESIAN_POINT ( 'NONE',  ( -68.25000000000000000, 0.000000000000000000, -67.25000000000000000 ) ) ;
#2548 = EDGE_LOOP ( 'NONE', ( #2653, #1836, #2789, #2586, #3423, #831, #819, #4476, #584, #3138, #390 ) ) ;
#2549 = DIRECTION ( 'NONE',  ( 1.000000000000000000, 0.000000000000000000, -1.387778780781463504E-14 ) ) ;
#2550 = AXIS2_PLACEMENT_3D ( 'NONE', #818, #2192, #1858 ) ;
#2551 = DIRECTION ( 'NONE',  ( 0.000000000000000000, 0.000000000000000000, 1.000000000000000000 ) ) ;
#2552 = APPROVAL_ROLE ( '' ) ;
#2553 = ADVANCED_FACE ( 'NONE', ( #1150 ), #2527, .F. ) ;
#2554 = ORIENTED_EDGE ( 'NONE', *, *, #3584, .F. ) ;
#2555 = CARTESIAN_POINT ( 'NONE',  ( -57.45000000000006679, 1.899999999999999023, -64.95000000000005969 ) ) ;
#2556 = LINE ( 'NONE', #100, #3346 ) ;
#2557 = ORIENTED_EDGE ( 'NONE', *, *, #1025, .T. ) ;
#2558 = CARTESIAN_POINT ( 'NONE',  ( -55.75000000000000000, 2.100000000000000089, 65.75000000000000000 ) ) ;
#2559 = ORIENTED_EDGE ( 'NONE', *, *, #3887, .F. ) ;
#2560 = CARTESIAN_POINT ( 'NONE',  ( -62.24999999999997868, 189.0178641211801107, -50.25000000000001421 ) ) ;
#2561 = EDGE_CURVE ( 'NONE', #1971, #1717, #1584, .T. ) ;
#2562 = ORIENTED_EDGE ( 'NONE', *, *, #646, .T. ) ;
#2563 = EDGE_CURVE ( 'NONE', #4271, #3366, #2512, .T. ) ;
#2564 = DIRECTION ( 'NONE',  ( -0.000000000000000000, -1.000000000000000000, -0.000000000000000000 ) ) ;
#2565 = DESIGN_CONTEXT ( 'detailed design', #2016, 'design' ) ;
#2566 = LINE ( 'NONE', #847, #3336 ) ;
#2567 = DIRECTION ( 'NONE',  ( 0.000000000000000000, 0.000000000000000000, 1.000000000000000000 ) ) ;
#2568 = ORIENTED_EDGE ( 'NONE', *, *, #1664, .F. ) ;
#2569 = EDGE_CURVE ( 'NONE', #635, #3698, #4491, .T. ) ;
#2570 = AXIS2_PLACEMENT_3D ( 'NONE', #2218, #768, #3594 ) ;
#2571 = ORIENTED_EDGE ( 'NONE', *, *, #498, .T. ) ;
#2572 = VECTOR ( 'NONE', #4018, 1000.000000000000000 ) ;
#2573 = ORIENTED_EDGE ( 'NONE', *, *, #2514, .T. ) ;
#2574 = DIRECTION ( 'NONE',  ( -1.000000000000000000, 0.000000000000000000, -0.000000000000000000 ) ) ;
#2575 = DIRECTION ( 'NONE',  ( -0.000000000000000000, -1.000000000000000000, -0.000000000000000000 ) ) ;
#2576 = DIRECTION ( 'NONE',  ( 1.000000000000000000, 0.000000000000000000, -1.284980352575412305E-15 ) ) ;
#2577 = EDGE_CURVE ( 'NONE', #897, #520, #1372, .T. ) ;
#2578 = DIRECTION ( 'NONE',  ( -1.000000000000000000, 0.000000000000000000, -0.000000000000000000 ) ) ;
#2579 = AXIS2_PLACEMENT_3D ( 'NONE', #1149, #2468, #3220 ) ;
#2580 = VECTOR ( 'NONE', #678, 1000.000000000000000 ) ;
#2581 = ORIENTED_EDGE ( 'NONE', *, *, #2006, .T. ) ;
#2582 = AXIS2_PLACEMENT_3D ( 'NONE', #11, #3864, #74 ) ;
#2583 = DIRECTION ( 'NONE',  ( -1.541976423090495042E-15, 0.000000000000000000, 1.000000000000000000 ) ) ;
#2584 = ORIENTED_EDGE ( 'NONE', *, *, #3069, .T. ) ;
#2585 = DIRECTION ( 'NONE',  ( -1.541976423090495042E-15, 0.000000000000000000, -1.000000000000000000 ) ) ;
#2586 = ORIENTED_EDGE ( 'NONE', *, *, #3468, .T. ) ;
#2587 = FACE_OUTER_BOUND ( 'NONE', #1684, .T. ) ;
#2588 = CIRCLE ( 'NONE', #2005, 1.999999999999932498 ) ;
#2589 = ORIENTED_EDGE ( 'NONE', *, *, #1816, .T. ) ;
#2590 = DIRECTION ( 'NONE',  ( 0.000000000000000000, 0.000000000000000000, -1.000000000000000000 ) ) ;
#2591 = DIRECTION ( 'NONE',  ( -0.000000000000000000, 1.000000000000000000, -0.000000000000000000 ) ) ;
#2592 = CARTESIAN_POINT ( 'NONE',  ( -67.25000000000000000, 4.100000000000000533, 69.75000000000000000 ) ) ;
#2593 = VECTOR ( 'NONE', #978, 1000.000000000000000 ) ;
#2594 = EDGE_CURVE ( 'NONE', #1027, #3022, #1297, .T. ) ;
#2595 = VERTEX_POINT ( 'NONE', #2332 ) ;
#2596 = CARTESIAN_POINT ( 'NONE',  ( 7.214439433715382461E-15, 15.69229576515475699, 62.15000000000001279 ) ) ;
#2597 = EDGE_CURVE ( 'NONE', #1676, #4163, #3754, .T. ) ;
#2598 = DIRECTION ( 'NONE',  ( 0.000000000000000000, 0.000000000000000000, -1.000000000000000000 ) ) ;
#2599 = ORIENTED_EDGE ( 'NONE', *, *, #1514, .F. ) ;
#2600 = CARTESIAN_POINT ( 'NONE',  ( -65.75000000000000000, 2.100000000000000089, 53.74999999999997158 ) ) ;
#2601 = LINE ( 'NONE', #160, #1259 ) ;
#2602 = VECTOR ( 'NONE', #4399, 1000.000000000000000 ) ;
#2603 = CARTESIAN_POINT ( 'NONE',  ( -67.25000000000000000, 0.000000000000000000, 67.25000000000000000 ) ) ;
#2604 = VECTOR ( 'NONE', #2928, 1000.000000000000000 ) ;
#2605 = ORIENTED_EDGE ( 'NONE', *, *, #2528, .F. ) ;
#2606 = LINE ( 'NONE', #216, #2231 ) ;
#2607 = CARTESIAN_POINT ( 'NONE',  ( 68.25000000000000000, 0.000000000000000000, 67.25000000000000000 ) ) ;
#2608 = EDGE_LOOP ( 'NONE', ( #1773, #1928, #2417, #3106, #1080 ) ) ;
#2609 = ADVANCED_FACE ( 'NONE', ( #2012 ), #3088, .T. ) ;
#2610 = LINE ( 'NONE', #2337, #1117 ) ;
#2611 = ORIENTED_EDGE ( 'NONE', *, *, #631, .F. ) ;
#2612 = CARTESIAN_POINT ( 'NONE',  ( -35.94999999999998153, 3.149999999999986144, 62.25000000000002842 ) ) ;
#2613 = ORIENTED_EDGE ( 'NONE', *, *, #1961, .F. ) ;
#2614 = DIRECTION ( 'NONE',  ( 1.541976423090496225E-15, 0.000000000000000000, -1.000000000000000000 ) ) ;
#2615 = DIRECTION ( 'NONE',  ( 0.000000000000000000, 0.000000000000000000, -1.000000000000000000 ) ) ;
#2616 = DIRECTION ( 'NONE',  ( 0.000000000000000000, 0.000000000000000000, 1.000000000000000000 ) ) ;
#2617 = VERTEX_POINT ( 'NONE', #499 ) ;
#2618 = DIRECTION ( 'NONE',  ( 1.476360405086632427E-15, 0.000000000000000000, 1.000000000000000000 ) ) ;
#2619 = PLANE ( 'NONE',  #97 ) ;
#2620 = VERTEX_POINT ( 'NONE', #2982 ) ;
#2621 = DIRECTION ( 'NONE',  ( 1.000000000000000000, 0.000000000000000000, 1.387778780781444492E-15 ) ) ;
#2622 = CARTESIAN_POINT ( 'NONE',  ( -67.25000000000000000, 1.500000000000000000, 68.25000000000000000 ) ) ;
#2623 = EDGE_CURVE ( 'NONE', #3954, #323, #3907, .T. ) ;
#2624 = CARTESIAN_POINT ( 'NONE',  ( 66.45000000000007390, 2.200000000000000622, 66.95000000000004547 ) ) ;
#2625 = CARTESIAN_POINT ( 'NONE',  ( 62.25000000000000000, 189.0178641211801107, -62.25000000000000000 ) ) ;
#2626 = EDGE_CURVE ( 'NONE', #2440, #3535, #4001, .T. ) ;
#2627 = CARTESIAN_POINT ( 'NONE',  ( 63.74999999999992895, 5.149999999999987921, -8.847089727481711133E-14 ) ) ;
#2628 = EDGE_CURVE ( 'NONE', #2151, #4495, #3007, .T. ) ;
#2629 = ORIENTED_EDGE ( 'NONE', *, *, #3727, .T. ) ;
#2630 = VECTOR ( 'NONE', #3897, 1000.000000000000000 ) ;
#2631 = CARTESIAN_POINT ( 'NONE',  ( 56.95000000000005969, 2.200000000000000622, -66.45000000000005969 ) ) ;
#2632 = PLANE ( 'NONE',  #2669 ) ;
#2633 = EDGE_LOOP ( 'NONE', ( #2050, #799, #708, #1114 ) ) ;
#2634 = LOCAL_TIME ( 0, 4, 37.00000000000000000, #3868 ) ;
#2635 = CARTESIAN_POINT ( 'NONE',  ( -70.78448275862054118, 5.149999999999987921, -30.33620689655278113 ) ) ;
#2636 = ORIENTED_EDGE ( 'NONE', *, *, #550, .F. ) ;
#2637 = DIRECTION ( 'NONE',  ( 0.000000000000000000, 0.000000000000000000, -1.000000000000000000 ) ) ;
#2638 = ORIENTED_EDGE ( 'NONE', *, *, #507, .T. ) ;
#2639 = FACE_OUTER_BOUND ( 'NONE', #547, .T. ) ;
#2640 = CARTESIAN_POINT ( 'NONE',  ( 35.95000000000002416, 189.0178641211801107, -62.25000000000001421 ) ) ;
#2641 = ORIENTED_EDGE ( 'NONE', *, *, #1868, .T. ) ;
#2642 = LINE ( 'NONE', #4048, #1571 ) ;
#2643 = DIRECTION ( 'NONE',  ( -1.000000000000000000, 0.000000000000000000, 0.000000000000000000 ) ) ;
#2644 = EDGE_CURVE ( 'NONE', #1569, #1275, #4077, .T. ) ;
#2645 = CARTESIAN_POINT ( 'NONE',  ( 0.000000000000000000, 4.100000000000000533, 67.75000000000001421 ) ) ;
#2646 = ORIENTED_EDGE ( 'NONE', *, *, #1026, .F. ) ;
#2647 = DIRECTION ( 'NONE',  ( 1.000000000000000000, 0.000000000000000000, -0.000000000000000000 ) ) ;
#2648 = DIRECTION ( 'NONE',  ( -0.000000000000000000, 1.000000000000000000, -0.000000000000000000 ) ) ;
#2649 = CARTESIAN_POINT ( 'NONE',  ( 0.000000000000000000, 1.900000000000000133, 0.000000000000000000 ) ) ;
#2650 = CIRCLE ( 'NONE', #2501, 0.5000000000000004441 ) ;
#2651 = CARTESIAN_POINT ( 'NONE',  ( -66.95000000000004547, 1.899999999999999023, 66.45000000000007390 ) ) ;
#2652 = EDGE_CURVE ( 'NONE', #937, #7, #1369, .T. ) ;
#2653 = ORIENTED_EDGE ( 'NONE', *, *, #2776, .T. ) ;
#2654 = EDGE_CURVE ( 'NONE', #3990, #143, #54, .T. ) ;
#2655 = EDGE_CURVE ( 'NONE', #2056, #1097, #2506, .T. ) ;
#2656 = CARTESIAN_POINT ( 'NONE',  ( -55.75000000000000000, 5.149999999999987921, 63.74999999999998579 ) ) ;
#2657 = ORIENTED_EDGE ( 'NONE', *, *, #403, .F. ) ;
#2658 = AXIS2_PLACEMENT_3D ( 'NONE', #2246, #3375, #3653 ) ;
#2659 = CARTESIAN_POINT ( 'NONE',  ( 56.95000000000005969, -18.09898987322328168, 66.45000000000004547 ) ) ;
#2660 = ORIENTED_EDGE ( 'NONE', *, *, #2762, .T. ) ;
#2661 = CIRCLE ( 'NONE', #4207, 0.5000000000000073275 ) ;
#2662 = ORIENTED_EDGE ( 'NONE', *, *, #3607, .F. ) ;
#2663 = AXIS2_PLACEMENT_3D ( 'NONE', #3733, #1923, #239 ) ;
#2664 = LINE ( 'NONE', #961, #2288 ) ;
#2665 = LINE ( 'NONE', #1936, #3074 ) ;
#2666 = VECTOR ( 'NONE', #1804, 1000.000000000000000 ) ;
#2667 = VERTEX_POINT ( 'NONE', #2547 ) ;
#2668 = CARTESIAN_POINT ( 'NONE',  ( 65.45000000000005969, 1.899999999999999023, -57.45000000000007390 ) ) ;
#2669 = AXIS2_PLACEMENT_3D ( 'NONE', #3363, #532, #1925 ) ;
#2670 = EDGE_CURVE ( 'NONE', #1402, #3820, #3615, .T. ) ;
#2671 = ORIENTED_EDGE ( 'NONE', *, *, #91, .F. ) ;
#2672 = CARTESIAN_POINT ( 'NONE',  ( -57.45000000000006679, 1.899999999999999023, -65.45000000000005969 ) ) ;
#2673 = LINE ( 'NONE', #2723, #3845 ) ;
#2674 = DIRECTION ( 'NONE',  ( -0.000000000000000000, 0.000000000000000000, 1.000000000000000000 ) ) ;
#2675 = PLANE ( 'NONE',  #2885 ) ;
#2676 = VERTEX_POINT ( 'NONE', #4032 ) ;
#2677 = CARTESIAN_POINT ( 'NONE',  ( 70.78448275862064065, 3.149999999999999911, 30.33620689655225533 ) ) ;
#2678 = EDGE_CURVE ( 'NONE', #2617, #2328, #3062, .T. ) ;
#2679 = CARTESIAN_POINT ( 'NONE',  ( 67.75000000000000000, 4.100000000000000533, -67.75000000000000000 ) ) ;
#2680 = VERTEX_POINT ( 'NONE', #3430 ) ;
#2681 = CARTESIAN_POINT ( 'NONE',  ( 8.095376221225095567E-14, 189.0178641211801107, 62.99999999999998579 ) ) ;
#2682 = EDGE_LOOP ( 'NONE', ( #3772, #2032, #743, #3847 ) ) ;
#2683 = CIRCLE ( 'NONE', #3782, 1.999999999999974021 ) ;
#2684 = CARTESIAN_POINT ( 'NONE',  ( -66.45000000000005969, -18.09898987322328168, -66.45000000000005969 ) ) ;
#2685 = EDGE_CURVE ( 'NONE', #2667, #2973, #4134, .T. ) ;
#2686 = CARTESIAN_POINT ( 'NONE',  ( 64.95000000000007390, -18.09898987322328168, 64.95000000000004547 ) ) ;
#2687 = ORIENTED_EDGE ( 'NONE', *, *, #699, .F. ) ;
#2688 = ORIENTED_EDGE ( 'NONE', *, *, #3562, .T. ) ;
#2689 = DIRECTION ( 'NONE',  ( 0.000000000000000000, 0.000000000000000000, -1.000000000000000000 ) ) ;
#2690 = CARTESIAN_POINT ( 'NONE',  ( 67.25000000000000000, 0.000000000000000000, -67.25000000000000000 ) ) ;
#2691 = CARTESIAN_POINT ( 'NONE',  ( -64.95000000000005969, -18.09898987322328168, -64.95000000000005969 ) ) ;
#2692 = VECTOR ( 'NONE', #3404, 1000.000000000000000 ) ;
#2693 = ORIENTED_EDGE ( 'NONE', *, *, #2597, .F. ) ;
#2694 = ORIENTED_EDGE ( 'NONE', *, *, #2220, .F. ) ;
#2695 = CARTESIAN_POINT ( 'NONE',  ( -62.24999999999997868, 3.149999999999986144, -50.25000000000001421 ) ) ;
#2696 = DIRECTION ( 'NONE',  ( 0.000000000000000000, -1.000000000000000000, 0.000000000000000000 ) ) ;
#2697 = CYLINDRICAL_SURFACE ( 'NONE', #417, 2.000000000000001776 ) ;
#2698 = FACE_OUTER_BOUND ( 'NONE', #163, .T. ) ;
#2699 = LINE ( 'NONE', #4104, #410 ) ;
#2700 = ORIENTED_EDGE ( 'NONE', *, *, #2999, .F. ) ;
#2701 = CARTESIAN_POINT ( 'NONE',  ( 0.000000000000000000, 2.100000000000000089, 0.000000000000000000 ) ) ;
#2702 = CARTESIAN_POINT ( 'NONE',  ( 4.150000000000007461, 5.150000000000000355, 62.25000000000000000 ) ) ;
#2703 = ORIENTED_EDGE ( 'NONE', *, *, #1960, .F. ) ;
#2704 = EDGE_CURVE ( 'NONE', #3150, #4460, #1586, .T. ) ;
#2705 = PLANE ( 'NONE',  #3019 ) ;
#2706 = DIRECTION ( 'NONE',  ( 1.224646799147356165E-16, 0.000000000000000000, -1.000000000000000000 ) ) ;
#2707 = CARTESIAN_POINT ( 'NONE',  ( 54.37250226860445679, 2.100000000000000977, 64.29999999999999716 ) ) ;
#2708 = CARTESIAN_POINT ( 'NONE',  ( 67.49999999999991473, 2.100000000000000977, 54.78175416344817705 ) ) ;
#2709 = VECTOR ( 'NONE', #695, 1000.000000000000000 ) ;
#2710 = CARTESIAN_POINT ( 'NONE',  ( 64.95000000000005969, 2.200000000000000622, -64.95000000000005969 ) ) ;
#2711 = ORIENTED_EDGE ( 'NONE', *, *, #2577, .T. ) ;
#2712 = FACE_BOUND ( 'NONE', #3903, .T. ) ;
#2713 = ADVANCED_FACE ( 'NONE', ( #4415 ), #2697, .F. ) ;
#2714 = DIRECTION ( 'NONE',  ( -1.000000000000000000, 0.000000000000000000, 1.387778780781446464E-15 ) ) ;
#2715 = DIRECTION ( 'NONE',  ( -0.000000000000000000, 1.000000000000000000, -0.000000000000000000 ) ) ;
#2716 = DIRECTION ( 'NONE',  ( -0.000000000000000000, 1.000000000000000000, -0.000000000000000000 ) ) ;
#2717 = EDGE_CURVE ( 'NONE', #1637, #3698, #1343, .T. ) ;
#2718 = EDGE_CURVE ( 'NONE', #717, #2014, #1681, .T. ) ;
#2719 = ORIENTED_EDGE ( 'NONE', *, *, #3006, .F. ) ;
#2720 = EDGE_LOOP ( 'NONE', ( #3793, #2778, #2994, #1481, #1941, #1732, #3718, #3032, #681, #22, #4013 ) ) ;
#2721 = PLANE ( 'NONE',  #4208 ) ;
#2722 = CARTESIAN_POINT ( 'NONE',  ( 65.75000000000000000, 5.149999999999987921, -55.75000000000000711 ) ) ;
#2723 = CARTESIAN_POINT ( 'NONE',  ( 57.45000000000005969, 2.200000000000000622, -64.95000000000005969 ) ) ;
#2724 = CARTESIAN_POINT ( 'NONE',  ( 57.45000000000005969, 2.200000000000000622, -64.95000000000005969 ) ) ;
#2725 = ADVANCED_FACE ( 'NONE', ( #3242 ), #449, .T. ) ;
#2726 = DIRECTION ( 'NONE',  ( -1.000000000000000000, 0.000000000000000000, 0.000000000000000000 ) ) ;
#2727 = CIRCLE ( 'NONE', #3327, 2.000000000000015543 ) ;
#2728 = ORIENTED_EDGE ( 'NONE', *, *, #3175, .F. ) ;
#2729 = EDGE_CURVE ( 'NONE', #2995, #3745, #2588, .T. ) ;
#2730 = CYLINDRICAL_SURFACE ( 'NONE', #3982, 0.5000000000000004441 ) ;
#2731 = ORIENTED_EDGE ( 'NONE', *, *, #1306, .T. ) ;
#2732 = CIRCLE ( 'NONE', #2431, 0.5000000000000143219 ) ;
#2733 = CARTESIAN_POINT ( 'NONE',  ( -55.75000000000000000, 4.100000000000000533, 67.75000000000001421 ) ) ;
#2734 = CARTESIAN_POINT ( 'NONE',  ( -64.30000000000003979, 5.149999999999987921, -54.37250226860447100 ) ) ;
#2735 = LINE ( 'NONE', #1008, #3216 ) ;
#2736 = DIRECTION ( 'NONE',  ( 0.000000000000000000, 0.000000000000000000, 1.000000000000000000 ) ) ;
#2737 = PLANE ( 'NONE',  #4274 ) ;
#2738 = FACE_OUTER_BOUND ( 'NONE', #687, .T. ) ;
#2739 = ORIENTED_EDGE ( 'NONE', *, *, #3450, .T. ) ;
#2740 = CIRCLE ( 'NONE', #2579, 4.150000000000001243 ) ;
#2741 = DIRECTION ( 'NONE',  ( -1.000000000000000000, 0.000000000000000000, -0.000000000000000000 ) ) ;
#2742 = VECTOR ( 'NONE', #4097, 1000.000000000000000 ) ;
#2743 = DIRECTION ( 'NONE',  ( -0.000000000000000000, -1.000000000000000000, -0.000000000000000000 ) ) ;
#2744 = VECTOR ( 'NONE', #2387, 1000.000000000000000 ) ;
#2745 = EDGE_CURVE ( 'NONE', #2262, #2995, #4235, .T. ) ;
#2746 = ORIENTED_EDGE ( 'NONE', *, *, #3388, .T. ) ;
#2747 = VERTEX_POINT ( 'NONE', #2136 ) ;
#2748 = LINE ( 'NONE', #3815, #1431 ) ;
#2749 = PERSON ( '未指定', '未指定', '未指定', ('未指定'), ('未指定'), ('未指定') ) ;
#2750 = CIRCLE ( 'NONE', #1657, 2.250000000000001776 ) ;
#2751 = EDGE_CURVE ( 'NONE', #2990, #717, #3552, .T. ) ;
#2752 = FACE_OUTER_BOUND ( 'NONE', #1530, .T. ) ;
#2753 = EDGE_CURVE ( 'NONE', #4460, #1637, #3222, .T. ) ;
#2754 = ADVANCED_FACE ( 'NONE', ( #3140 ), #4178, .F. ) ;
#2755 = AXIS2_PLACEMENT_3D ( 'NONE', #3930, #1848, #1489 ) ;
#2756 = LINE ( 'NONE', #3777, #2209 ) ;
#2757 = CARTESIAN_POINT ( 'NONE',  ( -30.33620689655305469, 5.149999999999987921, 70.78448275862051275 ) ) ;
#2758 = VERTEX_POINT ( 'NONE', #1867 ) ;
#2759 = DIRECTION ( 'NONE',  ( 1.000000000000000000, 0.000000000000000000, -0.000000000000000000 ) ) ;
#2760 = EDGE_LOOP ( 'NONE', ( #4105, #2524, #562, #3921, #4483, #2193, #4101, #2939, #4264, #700, #2636, #341, #776, #2521, #1792, #602, #2480, #2984, #2877, #4122, #2992, #493, #696, #1768, #244 ) ) ;
#2761 = DIRECTION ( 'NONE',  ( 0.000000000000000000, 0.000000000000000000, 1.000000000000000000 ) ) ;
#2762 = EDGE_CURVE ( 'NONE', #624, #3306, #267, .T. ) ;
#2763 = ADVANCED_FACE ( 'NONE', ( #2698 ), #3200, .T. ) ;
#2764 = PLANE ( 'NONE',  #4347 ) ;
#2765 = AXIS2_PLACEMENT_3D ( 'NONE', #3314, #1299, #4353 ) ;
#2766 = DIRECTION ( 'NONE',  ( 1.000000000000000000, 0.000000000000000000, 0.000000000000000000 ) ) ;
#2767 = VERTEX_POINT ( 'NONE', #4161 ) ;
#2768 = DIRECTION ( 'NONE',  ( -0.000000000000000000, 1.000000000000000000, -0.000000000000000000 ) ) ;
#2769 = AXIS2_PLACEMENT_3D ( 'NONE', #3740, #3442, #2736 ) ;
#2770 = DIRECTION ( 'NONE',  ( 0.000000000000000000, 0.000000000000000000, -1.000000000000000000 ) ) ;
#2771 = ORIENTED_EDGE ( 'NONE', *, *, #1361, .F. ) ;
#2772 = EDGE_CURVE ( 'NONE', #4369, #1066, #1861, .T. ) ;
#2773 = VERTEX_POINT ( 'NONE', #2107 ) ;
#2774 = FACE_OUTER_BOUND ( 'NONE', #541, .T. ) ;
#2775 = DIRECTION ( 'NONE',  ( -2.081668171172238880E-14, 0.000000000000000000, -1.000000000000000000 ) ) ;
#2776 = EDGE_CURVE ( 'NONE', #3829, #1085, #2409, .T. ) ;
#2777 = ADVANCED_FACE ( 'NONE', ( #736 ), #2737, .T. ) ;
#2778 = ORIENTED_EDGE ( 'NONE', *, *, #3337, .F. ) ;
#2779 = EDGE_CURVE ( 'NONE', #3813, #1380, #1011, .T. ) ;
#2780 = CARTESIAN_POINT ( 'NONE',  ( -4.149999999999993250, 5.150000000000000355, 62.25000000000000000 ) ) ;
#2781 = ORIENTED_EDGE ( 'NONE', *, *, #460, .F. ) ;
#2782 = ADVANCED_FACE ( 'NONE', ( #694, #3825 ), #4454, .F. ) ;
#2783 = DIRECTION ( 'NONE',  ( -3.469446951953607878E-15, 0.000000000000000000, 1.000000000000000000 ) ) ;
#2784 = DIRECTION ( 'NONE',  ( -1.000000000000000000, 0.000000000000000000, 0.000000000000000000 ) ) ;
#2785 = CARTESIAN_POINT ( 'NONE',  ( -4.149999999999947953, 3.149999999999999911, -3.063447840554723938E-15 ) ) ;
#2786 = ORIENTED_EDGE ( 'NONE', *, *, #4115, .T. ) ;
#2787 = DIRECTION ( 'NONE',  ( -1.000000000000000000, 0.000000000000000000, -1.541976423090495042E-15 ) ) ;
#2788 = ORIENTED_EDGE ( 'NONE', *, *, #4309, .T. ) ;
#2789 = ORIENTED_EDGE ( 'NONE', *, *, #1084, .T. ) ;
#2790 = CARTESIAN_POINT ( 'NONE',  ( 64.95000000000005969, -18.09898987322328168, -64.95000000000005969 ) ) ;
#2791 = CARTESIAN_POINT ( 'NONE',  ( -63.00000000000002842, 3.149999999999999911, 0.000000000000000000 ) ) ;
#2792 = VECTOR ( 'NONE', #2766, 1000.000000000000000 ) ;
#2793 = ORIENTED_EDGE ( 'NONE', *, *, #789, .T. ) ;
#2794 = ORIENTED_EDGE ( 'NONE', *, *, #3182, .F. ) ;
#2795 = CARTESIAN_POINT ( 'NONE',  ( -57.45000000000006679, -18.09898987322328168, -66.45000000000005969 ) ) ;
#2796 = LOCAL_TIME ( 0, 4, 37.00000000000000000, #2530 ) ;
#2797 = SPHERICAL_SURFACE ( 'NONE', #1102, 1.399999999999999911 ) ;
#2798 = CARTESIAN_POINT ( 'NONE',  ( -67.75000000000046896, 4.100000000000000533, 4.701100619897174489E-13 ) ) ;
#2799 = ORIENTED_EDGE ( 'NONE', *, *, #63, .F. ) ;
#2800 = EDGE_CURVE ( 'NONE', #1866, #351, #3853, .T. ) ;
#2801 = DIRECTION ( 'NONE',  ( -1.000000000000000000, 0.000000000000000000, 0.000000000000000000 ) ) ;
#2802 = ORIENTED_EDGE ( 'NONE', *, *, #1072, .F. ) ;
#2803 = LINE ( 'NONE', #16, #901 ) ;
#2804 = CIRCLE ( 'NONE', #2427, 0.5000000000000004441 ) ;
#2805 = ORIENTED_EDGE ( 'NONE', *, *, #3607, .T. ) ;
#2806 = AXIS2_PLACEMENT_3D ( 'NONE', #2064, #3490, #354 ) ;
#2807 = CARTESIAN_POINT ( 'NONE',  ( 30.33620689655305469, 189.0178641211801107, -70.78448275862051275 ) ) ;
#2808 = ORIENTED_EDGE ( 'NONE', *, *, #4195, .F. ) ;
#2809 = CYLINDRICAL_SURFACE ( 'NONE', #896, 0.5000000000000004441 ) ;
#2810 = ORIENTED_EDGE ( 'NONE', *, *, #1460, .F. ) ;
#2811 = VERTEX_POINT ( 'NONE', #2710 ) ;
#2812 = CARTESIAN_POINT ( 'NONE',  ( 64.95000000000005969, 1.899999999999999023, -64.95000000000005969 ) ) ;
#2813 = DIRECTION ( 'NONE',  ( 0.000000000000000000, 0.000000000000000000, -1.000000000000000000 ) ) ;
#2814 = ORIENTED_EDGE ( 'NONE', *, *, #529, .T. ) ;
#2815 = VECTOR ( 'NONE', #179, 1000.000000000000000 ) ;
#2816 = VECTOR ( 'NONE', #1043, 1000.000000000000000 ) ;
#2817 = AXIS2_PLACEMENT_3D ( 'NONE', #3894, #770, #432 ) ;
#2818 = ADVANCED_FACE ( 'NONE', ( #4114 ), #2764, .T. ) ;
#2819 = LINE ( 'NONE', #2862, #639 ) ;
#2820 = AXIS2_PLACEMENT_3D ( 'NONE', #1553, #4368, #2598 ) ;
#2821 = ORIENTED_EDGE ( 'NONE', *, *, #1685, .T. ) ;
#2822 = VECTOR ( 'NONE', #1201, 1000.000000000000000 ) ;
#2823 = CARTESIAN_POINT ( 'NONE',  ( 67.25000000000000000, 0.000000000000000000, -68.25000000000000000 ) ) ;
#2824 = ORIENTED_EDGE ( 'NONE', *, *, #1659, .T. ) ;
#2825 = DIRECTION ( 'NONE',  ( 1.000000000000000000, 0.000000000000000000, 0.000000000000000000 ) ) ;
#2826 = DIRECTION ( 'NONE',  ( -0.000000000000000000, -1.000000000000000000, -0.000000000000000000 ) ) ;
#2827 = ORIENTED_EDGE ( 'NONE', *, *, #1107, .F. ) ;
#2828 = ADVANCED_FACE ( 'NONE', ( #2087 ), #367, .F. ) ;
#2829 = LINE ( 'NONE', #3206, #3619 ) ;
#2830 = LINE ( 'NONE', #4225, #2302 ) ;
#2831 = VERTEX_POINT ( 'NONE', #1033 ) ;
#2832 = FACE_OUTER_BOUND ( 'NONE', #4334, .T. ) ;
#2833 = VERTEX_POINT ( 'NONE', #2365 ) ;
#2834 = ORIENTED_EDGE ( 'NONE', *, *, #2886, .F. ) ;
#2835 = EDGE_CURVE ( 'NONE', #3820, #281, #3788, .T. ) ;
#2836 = LINE ( 'NONE', #130, #4410 ) ;
#2837 = AXIS2_PLACEMENT_3D ( 'NONE', #3075, #2295, #4073 ) ;
#2838 = EDGE_CURVE ( 'NONE', #381, #1932, #344, .T. ) ;
#2839 = VERTEX_POINT ( 'NONE', #3504 ) ;
#2840 = CARTESIAN_POINT ( 'NONE',  ( -57.45000000000005258, 1.899999999999999023, 66.95000000000008811 ) ) ;
#2841 = AXIS2_PLACEMENT_3D ( 'NONE', #3235, #90, #2925 ) ;
#2842 = CARTESIAN_POINT ( 'NONE',  ( -69.75000000000000000, 2.100000000000000089, 69.75000000000000000 ) ) ;
#2843 = CARTESIAN_POINT ( 'NONE',  ( 55.74999999999998579, 1.899999999999999023, -65.75000000000000000 ) ) ;
#2844 = ORIENTED_EDGE ( 'NONE', *, *, #292, .T. ) ;
#2845 = VECTOR ( 'NONE', #2330, 1000.000000000000000 ) ;
#2846 = CARTESIAN_POINT ( 'NONE',  ( 6.938893903907228378E-15, 5.150000000000000355, 59.90000000000000568 ) ) ;
#2847 = DATE_AND_TIME ( #4306, #2796 ) ;
#2848 = CARTESIAN_POINT ( 'NONE',  ( -63.00000000000002842, 189.0178641211801107, 0.000000000000000000 ) ) ;
#2849 = VERTEX_POINT ( 'NONE', #4501 ) ;
#2850 = EDGE_CURVE ( 'NONE', #2373, #1298, #300, .T. ) ;
#2851 = DIRECTION ( 'NONE',  ( -6.938893903907221278E-15, 0.000000000000000000, -1.000000000000000000 ) ) ;
#2852 = APPROVAL ( #1153, '未指定' ) ;
#2853 = CARTESIAN_POINT ( 'NONE',  ( 66.95000000000007390, -18.09898987322328168, 66.45000000000004547 ) ) ;
#2854 = ORIENTED_EDGE ( 'NONE', *, *, #2134, .F. ) ;
#2855 = VERTEX_POINT ( 'NONE', #19 ) ;
#2856 = CARTESIAN_POINT ( 'NONE',  ( 67.74999999999991473, 1.899999999999999023, -55.75000000000001421 ) ) ;
#2857 = ADVANCED_FACE ( 'NONE', ( #1415 ), #675, .F. ) ;
#2858 = VERTEX_POINT ( 'NONE', #1378 ) ;
#2859 = EDGE_CURVE ( 'NONE', #2849, #1866, #1353, .T. ) ;
#2860 = EDGE_CURVE ( 'NONE', #1430, #1247, #1395, .T. ) ;
#2861 = AXIS2_PLACEMENT_3D ( 'NONE', #1510, #1942, #2304 ) ;
#2862 = CARTESIAN_POINT ( 'NONE',  ( -66.45000000000005969, -18.09898987322328168, -66.95000000000005969 ) ) ;
#2863 = VECTOR ( 'NONE', #243, 1000.000000000000000 ) ;
#2864 = DIRECTION ( 'NONE',  ( 0.9191450300180552535, 0.000000000000000000, -0.3939192985791737933 ) ) ;
#2865 = DIRECTION ( 'NONE',  ( 0.000000000000000000, 0.000000000000000000, 1.000000000000000000 ) ) ;
#2866 = CARTESIAN_POINT ( 'NONE',  ( 64.30000000000002558, 5.149999999999987921, -8.205818371520145207E-15 ) ) ;
#2867 = CARTESIAN_POINT ( 'NONE',  ( 0.000000000000000000, 189.0178641211801107, 62.25000000000000000 ) ) ;
#2868 = CARTESIAN_POINT ( 'NONE',  ( -66.45000000000005969, 1.899999999999999023, -66.95000000000005969 ) ) ;
#2869 = VERTEX_POINT ( 'NONE', #3597 ) ;
#2870 = CARTESIAN_POINT ( 'NONE',  ( 66.45000000000005969, -18.09898987322328168, -66.95000000000005969 ) ) ;
#2871 = EDGE_LOOP ( 'NONE', ( #4352, #2719, #2794, #36 ) ) ;
#2872 = ORIENTED_EDGE ( 'NONE', *, *, #489, .F. ) ;
#2873 = CARTESIAN_POINT ( 'NONE',  ( -67.25000000000000000, 4.100000000000000533, 67.25000000000000000 ) ) ;
#2874 = VECTOR ( 'NONE', #3241, 1000.000000000000000 ) ;
#2875 = FACE_OUTER_BOUND ( 'NONE', #2126, .T. ) ;
#2876 = LINE ( 'NONE', #465, #1155 ) ;
#2877 = ORIENTED_EDGE ( 'NONE', *, *, #217, .F. ) ;
#2878 = CARTESIAN_POINT ( 'NONE',  ( -57.45000000000006679, 2.200000000000000622, -64.95000000000005969 ) ) ;
#2879 = CIRCLE ( 'NONE', #3116, 0.5000000000000143219 ) ;
#2880 = EDGE_CURVE ( 'NONE', #964, #26, #1473, .T. ) ;
#2881 = AXIS2_PLACEMENT_3D ( 'NONE', #1978, #1311, #2689 ) ;
#2882 = CARTESIAN_POINT ( 'NONE',  ( -62.25000000000000000, 3.149999999999999911, 0.000000000000000000 ) ) ;
#2883 = DIRECTION ( 'NONE',  ( 1.000000000000000000, -0.000000000000000000, 0.000000000000000000 ) ) ;
#2884 = CARTESIAN_POINT ( 'NONE',  ( -54.78175416344827653, 2.100000000000000977, -67.50000000000000000 ) ) ;
#2885 = AXIS2_PLACEMENT_3D ( 'NONE', #2398, #4080, #1024 ) ;
#2886 = EDGE_CURVE ( 'NONE', #3213, #480, #3935, .T. ) ;
#2887 = EDGE_CURVE ( 'NONE', #1885, #2373, #2536, .T. ) ;
#2888 = FACE_OUTER_BOUND ( 'NONE', #634, .T. ) ;
#2889 = VECTOR ( 'NONE', #2395, 1000.000000000000000 ) ;
#2890 = VECTOR ( 'NONE', #3031, 1000.000000000000000 ) ;
#2891 = LINE ( 'NONE', #3912, #2149 ) ;
#2892 = COORDINATED_UNIVERSAL_TIME_OFFSET ( 8, 0, .AHEAD. ) ;
#2893 = VECTOR ( 'NONE', #4310, 1000.000000000000000 ) ;
#2894 = ORIENTED_EDGE ( 'NONE', *, *, #2762, .F. ) ;
#2895 = CARTESIAN_POINT ( 'NONE',  ( 0.000000000000000000, 5.149999999999987921, -63.00000000000004263 ) ) ;
#2896 = CARTESIAN_POINT ( 'NONE',  ( 57.45000000000005969, 1.899999999999999023, -66.45000000000007390 ) ) ;
#2897 = ORIENTED_EDGE ( 'NONE', *, *, #3348, .T. ) ;
#2898 = FACE_OUTER_BOUND ( 'NONE', #4021, .T. ) ;
#2899 = ORIENTED_EDGE ( 'NONE', *, *, #2887, .T. ) ;
#2900 = ADVANCED_FACE ( 'NONE', ( #1160 ), #2148, .F. ) ;
#2901 = DIRECTION ( 'NONE',  ( 0.000000000000000000, 0.000000000000000000, 1.000000000000000000 ) ) ;
#2902 = CARTESIAN_POINT ( 'NONE',  ( -66.95000000000004547, 2.200000000000000622, 66.45000000000007390 ) ) ;
#2903 = CARTESIAN_POINT ( 'NONE',  ( 66.45000000000007390, 2.200000000000000622, 57.45000000000005969 ) ) ;
#2904 = DIRECTION ( 'NONE',  ( 0.000000000000000000, 0.000000000000000000, 1.000000000000000000 ) ) ;
#2905 = DIRECTION ( 'NONE',  ( -0.000000000000000000, -1.000000000000000000, -0.000000000000000000 ) ) ;
#2906 = EDGE_LOOP ( 'NONE', ( #4456, #3003, #979, #3631, #3089, #1506, #138, #2562 ) ) ;
#2907 = EDGE_CURVE ( 'NONE', #2191, #1247, #434, .T. ) ;
#2908 = CARTESIAN_POINT ( 'NONE',  ( 66.95000000000008811, -18.09898987322328168, 57.45000000000005969 ) ) ;
#2909 = ORIENTED_EDGE ( 'NONE', *, *, #3860, .T. ) ;
#2910 = CARTESIAN_POINT ( 'NONE',  ( -9.402201239794546887E-13, 4.100000000000000533, -67.75000000000095213 ) ) ;
#2911 = AXIS2_PLACEMENT_3D ( 'NONE', #848, #2243, #1913 ) ;
#2912 = CARTESIAN_POINT ( 'NONE',  ( 64.95000000000007390, 2.200000000000000622, 57.45000000000005969 ) ) ;
#2913 = EDGE_CURVE ( 'NONE', #439, #203, #3579, .T. ) ;
#2914 = PERSON_AND_ORGANIZATION_ROLE ( 'classification_officer' ) ;
#2915 = ORIENTED_EDGE ( 'NONE', *, *, #3177, .F. ) ;
#2916 = CARTESIAN_POINT ( 'NONE',  ( -54.37250226860444968, 2.100000000000000977, -64.30000000000002558 ) ) ;
#2917 = EDGE_CURVE ( 'NONE', #3893, #1883, #479, .T. ) ;
#2918 = LINE ( 'NONE', #3875, #2893 ) ;
#2919 = VERTEX_POINT ( 'NONE', #125 ) ;
#2920 = DIRECTION ( 'NONE',  ( -0.000000000000000000, 1.000000000000000000, -0.000000000000000000 ) ) ;
#2921 = VERTEX_POINT ( 'NONE', #1520 ) ;
#2922 = ORIENTED_EDGE ( 'NONE', *, *, #1187, .F. ) ;
#2923 = DIRECTION ( 'NONE',  ( 0.000000000000000000, 1.000000000000000000, -0.000000000000000000 ) ) ;
#2924 = LINE ( 'NONE', #873, #1210 ) ;
#2925 = DIRECTION ( 'NONE',  ( 0.000000000000000000, 0.000000000000000000, -1.000000000000000000 ) ) ;
#2926 = ORIENTED_EDGE ( 'NONE', *, *, #2348, .F. ) ;
#2927 = CARTESIAN_POINT ( 'NONE',  ( -9.402201239794546887E-13, 4.100000000000000533, -67.75000000000095213 ) ) ;
#2928 = DIRECTION ( 'NONE',  ( -0.000000000000000000, -1.000000000000000000, -0.000000000000000000 ) ) ;
#2929 = EDGE_LOOP ( 'NONE', ( #4520, #3410, #416 ) ) ;
#2930 = VERTEX_POINT ( 'NONE', #2868 ) ;
#2931 = DIRECTION ( 'NONE',  ( 0.000000000000000000, 0.000000000000000000, -1.000000000000000000 ) ) ;
#2932 = DIRECTION ( 'NONE',  ( 0.000000000000000000, 0.000000000000000000, 1.000000000000000000 ) ) ;
#2933 = TOROIDAL_SURFACE ( 'NONE', #972, 1.000000000000000000, 1.500000000000000000 ) ;
#2934 = DIRECTION ( 'NONE',  ( 0.000000000000000000, 0.000000000000000000, -1.000000000000000000 ) ) ;
#2935 = AXIS2_PLACEMENT_3D ( 'NONE', #3737, #625, #1766 ) ;
#2936 = VERTEX_POINT ( 'NONE', #1812 ) ;
#2937 = EDGE_CURVE ( 'NONE', #1202, #2165, #2918, .T. ) ;
#2938 = DIRECTION ( 'NONE',  ( -0.000000000000000000, 1.000000000000000000, -0.000000000000000000 ) ) ;
#2939 = ORIENTED_EDGE ( 'NONE', *, *, #2678, .F. ) ;
#2940 = CARTESIAN_POINT ( 'NONE',  ( -69.75000000000000000, 1.500000000000000000, 67.25000000000000000 ) ) ;
#2941 = ORIENTED_EDGE ( 'NONE', *, *, #935, .F. ) ;
#2942 = CARTESIAN_POINT ( 'NONE',  ( -67.50000000000001421, 4.100000000000000533, 54.78175416344816284 ) ) ;
#2943 = ADVANCED_FACE ( 'NONE', ( #3246 ), #4260, .T. ) ;
#2944 = EDGE_CURVE ( 'NONE', #395, #1018, #2556, .T. ) ;
#2945 = ORIENTED_EDGE ( 'NONE', *, *, #1140, .T. ) ;
#2946 = DIRECTION ( 'NONE',  ( 0.000000000000000000, 0.000000000000000000, -1.000000000000000000 ) ) ;
#2947 = PLANE ( 'NONE',  #1738 ) ;
#2948 = ORIENTED_EDGE ( 'NONE', *, *, #3913, .F. ) ;
#2949 = CARTESIAN_POINT ( 'NONE',  ( 66.45000000000005969, 2.200000000000000622, -56.95000000000005969 ) ) ;
#2950 = VECTOR ( 'NONE', #2826, 1000.000000000000000 ) ;
#2951 = DIRECTION ( 'NONE',  ( 0.000000000000000000, 0.000000000000000000, 1.000000000000000000 ) ) ;
#2952 = AXIS2_PLACEMENT_3D ( 'NONE', #4479, #1673, #3079 ) ;
#2953 = CARTESIAN_POINT ( 'NONE',  ( 66.45000000000005969, -18.09898987322328168, -57.45000000000007390 ) ) ;
#2954 = ORIENTED_EDGE ( 'NONE', *, *, #2401, .F. ) ;
#2955 = CARTESIAN_POINT ( 'NONE',  ( -65.74999999999998579, 1.899999999999999023, -55.75000000000000711 ) ) ;
#2956 = LINE ( 'NONE', #1225, #1128 ) ;
#2957 = DIRECTION ( 'NONE',  ( 0.000000000000000000, 0.000000000000000000, -1.000000000000000000 ) ) ;
#2958 = CARTESIAN_POINT ( 'NONE',  ( -48.49999999999998579, 189.0178641211801107, 63.00000000000002842 ) ) ;
#2959 = DIRECTION ( 'NONE',  ( 0.000000000000000000, 0.000000000000000000, -1.000000000000000000 ) ) ;
#2960 = AXIS2_PLACEMENT_3D ( 'NONE', #3927, #3240, #3574 ) ;
#2961 = EDGE_CURVE ( 'NONE', #7, #3493, #795, .T. ) ;
#2962 = VECTOR ( 'NONE', #1211, 1000.000000000000000 ) ;
#2963 = ORIENTED_EDGE ( 'NONE', *, *, #812, .T. ) ;
#2964 = DIRECTION ( 'NONE',  ( 0.000000000000000000, -1.000000000000000000, 0.000000000000000000 ) ) ;
#2965 = AXIS2_PLACEMENT_3D ( 'NONE', #1709, #3120, #1730 ) ;
#2966 = LINE ( 'NONE', #4378, #3767 ) ;
#2967 = ORIENTED_EDGE ( 'NONE', *, *, #2528, .T. ) ;
#2968 = DIRECTION ( 'NONE',  ( -0.000000000000000000, 1.000000000000000000, -0.000000000000000000 ) ) ;
#2969 = ORIENTED_EDGE ( 'NONE', *, *, #2272, .T. ) ;
#2970 = FACE_OUTER_BOUND ( 'NONE', #134, .T. ) ;
#2971 = VECTOR ( 'NONE', #4519, 1000.000000000000000 ) ;
#2972 = EDGE_CURVE ( 'NONE', #902, #3400, #3909, .T. ) ;
#2973 = VERTEX_POINT ( 'NONE', #2123 ) ;
#2974 = DIRECTION ( 'NONE',  ( 0.000000000000000000, 1.000000000000000000, -0.000000000000000000 ) ) ;
#2975 = LINE ( 'NONE', #151, #1957 ) ;
#2976 = AXIS2_PLACEMENT_3D ( 'NONE', #473, #2529, #1763 ) ;
#2977 = EDGE_CURVE ( 'NONE', #3471, #1380, #1118, .T. ) ;
#2978 = ORIENTED_EDGE ( 'NONE', *, *, #3129, .T. ) ;
#2979 = FACE_OUTER_BOUND ( 'NONE', #535, .T. ) ;
#2980 = ADVANCED_FACE ( 'NONE', ( #3189 ), #42, .T. ) ;
#2981 = DIRECTION ( 'NONE',  ( 0.000000000000000000, 0.000000000000000000, -1.000000000000000000 ) ) ;
#2982 = CARTESIAN_POINT ( 'NONE',  ( -64.95000000000005969, 1.899999999999999023, -64.95000000000005969 ) ) ;
#2983 = EDGE_CURVE ( 'NONE', #1279, #964, #2830, .T. ) ;
#2984 = ORIENTED_EDGE ( 'NONE', *, *, #3744, .F. ) ;
#2985 = PLANE ( 'NONE',  #3590 ) ;
#2986 = CARTESIAN_POINT ( 'NONE',  ( 57.45000000000007390, 1.899999999999999023, 64.95000000000004547 ) ) ;
#2987 = CARTESIAN_POINT ( 'NONE',  ( 67.75000000000048317, 4.100000000000000533, -4.701100619897175499E-13 ) ) ;
#2988 = AXIS2_PLACEMENT_3D ( 'NONE', #3171, #1382, #2813 ) ;
#2989 = LINE ( 'NONE', #1250, #2292 ) ;
#2990 = VERTEX_POINT ( 'NONE', #2477 ) ;
#2991 = CARTESIAN_POINT ( 'NONE',  ( -66.45000000000004547, 1.899999999999999023, 66.95000000000007390 ) ) ;
#2992 = ORIENTED_EDGE ( 'NONE', *, *, #4278, .F. ) ;
#2993 = DIRECTION ( 'NONE',  ( 1.000000000000000000, 0.000000000000000000, -2.533286496523707549E-16 ) ) ;
#2994 = ORIENTED_EDGE ( 'NONE', *, *, #1092, .F. ) ;
#2995 = VERTEX_POINT ( 'NONE', #3541 ) ;
#2996 = ORIENTED_EDGE ( 'NONE', *, *, #3949, .T. ) ;
#2997 = VECTOR ( 'NONE', #1943, 1000.000000000000000 ) ;
#2998 = EDGE_CURVE ( 'NONE', #2858, #1795, #3895, .T. ) ;
#2999 = EDGE_CURVE ( 'NONE', #729, #3861, #773, .T. ) ;
#3000 = CARTESIAN_POINT ( 'NONE',  ( 56.95000000000006679, -18.09898987322328168, 66.45000000000004547 ) ) ;
#3001 = CARTESIAN_POINT ( 'NONE',  ( -67.25000000000000000, 2.100000000000000089, -67.25000000000000000 ) ) ;
#3002 = APPROVAL ( #811, '未指定' ) ;
#3003 = ORIENTED_EDGE ( 'NONE', *, *, #1408, .T. ) ;
#3004 = DIRECTION ( 'NONE',  ( -0.000000000000000000, 1.000000000000000000, -0.000000000000000000 ) ) ;
#3005 = CARTESIAN_POINT ( 'NONE',  ( -67.74999999999998579, 1.899999999999999023, 67.75000000000001421 ) ) ;
#3006 = EDGE_CURVE ( 'NONE', #2973, #3385, #3642, .T. ) ;
#3007 = LINE ( 'NONE', #2645, #2890 ) ;
#3008 = ORIENTED_EDGE ( 'NONE', *, *, #591, .T. ) ;
#3009 = CARTESIAN_POINT ( 'NONE',  ( -63.75000000000036238, 189.0178641211801107, -3.538835890992708687E-13 ) ) ;
#3010 = EDGE_CURVE ( 'NONE', #635, #435, #1796, .T. ) ;
#3011 = PLANE ( 'NONE',  #805 ) ;
#3012 = EDGE_CURVE ( 'NONE', #2122, #4475, #865, .T. ) ;
#3013 = FACE_OUTER_BOUND ( 'NONE', #1013, .T. ) ;
#3014 = EDGE_LOOP ( 'NONE', ( #3131, #1917, #2238, #2095 ) ) ;
#3015 = VECTOR ( 'NONE', #2993, 1000.000000000000000 ) ;
#3016 = CARTESIAN_POINT ( 'NONE',  ( -64.30000000000002558, 5.149999999999987921, 8.205818371520142052E-15 ) ) ;
#3017 = DIRECTION ( 'NONE',  ( 1.000000000000000000, 0.000000000000000000, 1.541976423090495042E-15 ) ) ;
#3018 = ORIENTED_EDGE ( 'NONE', *, *, #4350, .T. ) ;
#3019 = AXIS2_PLACEMENT_3D ( 'NONE', #2057, #651, #1071 ) ;
#3020 = DIRECTION ( 'NONE',  ( 0.000000000000000000, 0.000000000000000000, -1.000000000000000000 ) ) ;
#3021 = ORIENTED_EDGE ( 'NONE', *, *, #1487, .F. ) ;
#3022 = VERTEX_POINT ( 'NONE', #3317 ) ;
#3023 = CARTESIAN_POINT ( 'NONE',  ( 66.95000000000007390, 2.200000000000000622, 66.45000000000004547 ) ) ;
#3024 = LINE ( 'NONE', #2364, #519 ) ;
#3025 = ADVANCED_FACE ( 'NONE', ( #3670 ), #1970, .F. ) ;
#3026 = EDGE_LOOP ( 'NONE', ( #3722, #4463, #4198, #4311 ) ) ;
#3027 = ORIENTED_EDGE ( 'NONE', *, *, #2717, .T. ) ;
#3028 = CARTESIAN_POINT ( 'NONE',  ( 65.45000000000007390, 2.200000000000000622, 56.95000000000005969 ) ) ;
#3029 = FACE_OUTER_BOUND ( 'NONE', #4251, .T. ) ;
#3030 = DIRECTION ( 'NONE',  ( -0.000000000000000000, 1.000000000000000000, -0.000000000000000000 ) ) ;
#3031 = DIRECTION ( 'NONE',  ( 1.000000000000000000, -0.000000000000000000, 0.000000000000000000 ) ) ;
#3032 = ORIENTED_EDGE ( 'NONE', *, *, #4394, .F. ) ;
#3033 = DIRECTION ( 'NONE',  ( -0.000000000000000000, 1.000000000000000000, -0.000000000000000000 ) ) ;
#3034 = CARTESIAN_POINT ( 'NONE',  ( 67.25000000000000000, 1.500000000000000000, -68.25000000000000000 ) ) ;
#3035 = EDGE_CURVE ( 'NONE', #2171, #1236, #144, .T. ) ;
#3036 = LINE ( 'NONE', #974, #2845 ) ;
#3037 = DIRECTION ( 'NONE',  ( -0.000000000000000000, -1.000000000000000000, -0.000000000000000000 ) ) ;
#3038 = CIRCLE ( 'NONE', #3329, 0.5000000000000073275 ) ;
#3039 = CARTESIAN_POINT ( 'NONE',  ( -65.75000000000000000, 2.100000000000000089, 55.75000000000000000 ) ) ;
#3040 = ORIENTED_EDGE ( 'NONE', *, *, #3515, .T. ) ;
#3041 = FACE_OUTER_BOUND ( 'NONE', #2299, .T. ) ;
#3042 = DIRECTION ( 'NONE',  ( 0.000000000000000000, 0.000000000000000000, -1.000000000000000000 ) ) ;
#3043 = ORIENTED_EDGE ( 'NONE', *, *, #4115, .F. ) ;
#3044 = AXIS2_PLACEMENT_3D ( 'NONE', #89, #2974, #131 ) ;
#3045 = CARTESIAN_POINT ( 'NONE',  ( 69.75000000000000000, 1.500000000000000000, -67.25000000000000000 ) ) ;
#3046 = ORIENTED_EDGE ( 'NONE', *, *, #3562, .F. ) ;
#3047 = VECTOR ( 'NONE', #2380, 1000.000000000000000 ) ;
#3048 = ORIENTED_EDGE ( 'NONE', *, *, #3012, .F. ) ;
#3049 = VECTOR ( 'NONE', #971, 1000.000000000000000 ) ;
#3050 = DIRECTION ( 'NONE',  ( -0.000000000000000000, -1.000000000000000000, -0.000000000000000000 ) ) ;
#3051 = CARTESIAN_POINT ( 'NONE',  ( -55.75000000000000711, 5.149999999999987921, -63.75000000000005684 ) ) ;
#3052 = AXIS2_PLACEMENT_3D ( 'NONE', #2953, #156, #2248 ) ;
#3053 = VERTEX_POINT ( 'NONE', #2679 ) ;
#3054 = EDGE_LOOP ( 'NONE', ( #1030, #4039, #1001, #4386, #970, #1390 ) ) ;
#3055 = DIRECTION ( 'NONE',  ( 0.000000000000000000, 0.000000000000000000, -1.000000000000000000 ) ) ;
#3056 = DIRECTION ( 'NONE',  ( 0.000000000000000000, 0.000000000000000000, 1.000000000000000000 ) ) ;
#3057 = CARTESIAN_POINT ( 'NONE',  ( 66.95000000000005969, 2.200000000000000622, -66.45000000000005969 ) ) ;
#3058 = VERTEX_POINT ( 'NONE', #2991 ) ;
#3059 = ORIENTED_EDGE ( 'NONE', *, *, #3182, .T. ) ;
#3060 = CARTESIAN_POINT ( 'NONE',  ( 63.75000000000001421, 5.149999999999987921, 63.74999999999998579 ) ) ;
#3061 = LINE ( 'NONE', #2377, #740 ) ;
#3062 = LINE ( 'NONE', #2307, #778 ) ;
#3063 = EDGE_CURVE ( 'NONE', #1883, #157, #2966, .T. ) ;
#3064 = DIRECTION ( 'NONE',  ( 0.000000000000000000, 0.000000000000000000, 1.000000000000000000 ) ) ;
#3065 = DIRECTION ( 'NONE',  ( 0.000000000000000000, 0.000000000000000000, 1.000000000000000000 ) ) ;
#3066 = VERTEX_POINT ( 'NONE', #166 ) ;
#3067 = DIRECTION ( 'NONE',  ( -6.938893903907221278E-15, 0.000000000000000000, -1.000000000000000000 ) ) ;
#3068 = AXIS2_PLACEMENT_3D ( 'NONE', #2030, #3726, #1981 ) ;
#3069 = EDGE_CURVE ( 'NONE', #3731, #4509, #2258, .T. ) ;
#3070 = ADVANCED_FACE ( 'NONE', ( #4400 ), #581, .T. ) ;
#3071 = PLANE ( 'NONE',  #419 ) ;
#3072 = ORIENTED_EDGE ( 'NONE', *, *, #4481, .T. ) ;
#3073 = CARTESIAN_POINT ( 'NONE',  ( -54.37250226860434310, 189.0178641211801107, 64.30000000000005400 ) ) ;
#3074 = VECTOR ( 'NONE', #3420, 1000.000000000000000 ) ;
#3075 = CARTESIAN_POINT ( 'NONE',  ( 55.74999999999999289, 4.100000000000000533, -65.75000000000000000 ) ) ;
#3076 = LINE ( 'NONE', #943, #288 ) ;
#3077 = EDGE_LOOP ( 'NONE', ( #2638, #2494, #357, #62 ) ) ;
#3078 = CARTESIAN_POINT ( 'NONE',  ( 65.45000000000007390, 2.200000000000000622, 57.45000000000005969 ) ) ;
#3079 = DIRECTION ( 'NONE',  ( 0.000000000000000000, 0.000000000000000000, -1.000000000000000000 ) ) ;
#3080 = ADVANCED_FACE ( 'NONE', ( #1539 ), #1563, .F. ) ;
#3081 = DIRECTION ( 'NONE',  ( -1.000000000000000000, 0.000000000000000000, -0.000000000000000000 ) ) ;
#3082 = CIRCLE ( 'NONE', #2167, 2.500000000000002220 ) ;
#3083 = ORIENTED_EDGE ( 'NONE', *, *, #2745, .F. ) ;
#3084 = ORIENTED_EDGE ( 'NONE', *, *, #3511, .F. ) ;
#3085 = CARTESIAN_POINT ( 'NONE',  ( -54.78175416344814863, 4.100000000000000533, -67.50000000000000000 ) ) ;
#3086 = FACE_OUTER_BOUND ( 'NONE', #573, .T. ) ;
#3087 = PLANE ( 'NONE',  #1494 ) ;
#3088 = CYLINDRICAL_SURFACE ( 'NONE', #3052, 0.5000000000000073275 ) ;
#3089 = ORIENTED_EDGE ( 'NONE', *, *, #3154, .T. ) ;
#3090 = DIRECTION ( 'NONE',  ( 0.9191450300180513677, 0.000000000000000000, 0.3939192985791831192 ) ) ;
#3091 = ORIENTED_EDGE ( 'NONE', *, *, #1487, .T. ) ;
#3092 = DIRECTION ( 'NONE',  ( -1.000000000000000000, 0.000000000000000000, 0.000000000000000000 ) ) ;
#3093 = ADVANCED_FACE ( 'NONE', ( #1947 ), #2632, .T. ) ;
#3094 = LINE ( 'NONE', #2386, #870 ) ;
#3095 = DIRECTION ( 'NONE',  ( 0.000000000000000000, -1.000000000000000000, 0.000000000000000000 ) ) ;
#3096 = VECTOR ( 'NONE', #184, 1000.000000000000000 ) ;
#3097 = DIRECTION ( 'NONE',  ( 0.000000000000000000, -1.000000000000000000, 0.000000000000000000 ) ) ;
#3098 = EDGE_CURVE ( 'NONE', #4009, #2122, #2335, .T. ) ;
#3099 = CYLINDRICAL_SURFACE ( 'NONE', #1466, 2.000000000000029310 ) ;
#3100 = ORIENTED_EDGE ( 'NONE', *, *, #2342, .F. ) ;
#3101 = CARTESIAN_POINT ( 'NONE',  ( -54.37250226860447810, 5.149999999999987921, -64.30000000000002558 ) ) ;
#3102 = VECTOR ( 'NONE', #3823, 1000.000000000000000 ) ;
#3103 = FACE_OUTER_BOUND ( 'NONE', #2201, .T. ) ;
#3104 = DIRECTION ( 'NONE',  ( -1.000000000000000000, 0.000000000000000000, 1.541976423090495042E-15 ) ) ;
#3105 = CYLINDRICAL_SURFACE ( 'NONE', #285, 1.999999999999932498 ) ;
#3106 = ORIENTED_EDGE ( 'NONE', *, *, #2597, .T. ) ;
#3107 = ORIENTED_EDGE ( 'NONE', *, *, #4442, .F. ) ;
#3108 = FACE_BOUND ( 'NONE', #425, .T. ) ;
#3109 = FACE_OUTER_BOUND ( 'NONE', #4216, .T. ) ;
#3110 = CIRCLE ( 'NONE', #1636, 1.999999999999974021 ) ;
#3111 = ORIENTED_EDGE ( 'NONE', *, *, #2013, .T. ) ;
#3112 = CARTESIAN_POINT ( 'NONE',  ( -57.45000000000005258, -18.09898987322328168, 64.95000000000007390 ) ) ;
#3113 = VERTEX_POINT ( 'NONE', #4354 ) ;
#3114 = DIRECTION ( 'NONE',  ( 1.000000000000000000, 0.000000000000000000, 0.000000000000000000 ) ) ;
#3115 = CARTESIAN_POINT ( 'NONE',  ( 6.938893903907228378E-15, 4.750000000000000000, 59.90000000000000568 ) ) ;
#3116 = AXIS2_PLACEMENT_3D ( 'NONE', #4290, #1164, #3416 ) ;
#3117 = CARTESIAN_POINT ( 'NONE',  ( -65.75000000000000000, 4.100000000000000533, 55.75000000000000000 ) ) ;
#3118 = PLANE ( 'NONE',  #3998 ) ;
#3119 = EDGE_CURVE ( 'NONE', #2532, #3471, #3341, .T. ) ;
#3120 = DIRECTION ( 'NONE',  ( -3.828531122015618210E-16, 0.000000000000000000, -1.000000000000000000 ) ) ;
#3121 = CARTESIAN_POINT ( 'NONE',  ( -65.45000000000004547, 1.899999999999999023, 56.95000000000007390 ) ) ;
#3122 = ORIENTED_EDGE ( 'NONE', *, *, #2036, .F. ) ;
#3123 = VECTOR ( 'NONE', #952, 1000.000000000000000 ) ;
#3124 = DIRECTION ( 'NONE',  ( -0.000000000000000000, 0.000000000000000000, 1.000000000000000000 ) ) ;
#3125 = AXIS2_PLACEMENT_3D ( 'NONE', #1839, #1935, #2946 ) ;
#3126 = CARTESIAN_POINT ( 'NONE',  ( 0.000000000000000000, 4.100000000000000533, 0.000000000000000000 ) ) ;
#3127 = VECTOR ( 'NONE', #4488, 1000.000000000000000 ) ;
#3128 = EDGE_CURVE ( 'NONE', #2919, #4369, #1274, .T. ) ;
#3129 = EDGE_CURVE ( 'NONE', #3058, #729, #218, .T. ) ;
#3130 = ORIENTED_EDGE ( 'NONE', *, *, #2324, .F. ) ;
#3131 = ORIENTED_EDGE ( 'NONE', *, *, #3532, .T. ) ;
#3132 = DIRECTION ( 'NONE',  ( 1.276177040671872244E-16, 0.000000000000000000, 1.000000000000000000 ) ) ;
#3133 = CARTESIAN_POINT ( 'NONE',  ( 1.709968385153502818E-14, 2.100000000000000089, 67.50000000000000000 ) ) ;
#3134 = AXIS2_PLACEMENT_3D ( 'NONE', #912, #3389, #2312 ) ;
#3135 = LINE ( 'NONE', #4170, #2816 ) ;
#3136 = ORIENTED_EDGE ( 'NONE', *, *, #172, .F. ) ;
#3137 = DIRECTION ( 'NONE',  ( 0.000000000000000000, 0.000000000000000000, -1.000000000000000000 ) ) ;
#3138 = ORIENTED_EDGE ( 'NONE', *, *, #4096, .T. ) ;
#3139 = DIRECTION ( 'NONE',  ( 0.000000000000000000, 1.000000000000000000, -0.000000000000000000 ) ) ;
#3140 = FACE_OUTER_BOUND ( 'NONE', #1884, .T. ) ;
#3141 = DIRECTION ( 'NONE',  ( 0.000000000000000000, 0.000000000000000000, 1.000000000000000000 ) ) ;
#3142 = EDGE_LOOP ( 'NONE', ( #3368, #2045, #2969, #3512 ) ) ;
#3143 = CIRCLE ( 'NONE', #1313, 0.5000000000000004441 ) ;
#3144 = CARTESIAN_POINT ( 'NONE',  ( -57.45000000000005258, -18.09898987322328168, 66.45000000000007390 ) ) ;
#3145 = EDGE_LOOP ( 'NONE', ( #2118, #1976, #4289, #626, #112, #777 ) ) ;
#3146 = ORIENTED_EDGE ( 'NONE', *, *, #1575, .T. ) ;
#3147 = CARTESIAN_POINT ( 'NONE',  ( 65.45000000000005969, -18.09898987322328168, -57.45000000000007390 ) ) ;
#3148 = DIRECTION ( 'NONE',  ( 0.000000000000000000, 0.000000000000000000, 1.000000000000000000 ) ) ;
#3149 = ORIENTED_EDGE ( 'NONE', *, *, #2753, .T. ) ;
#3150 = VERTEX_POINT ( 'NONE', #2656 ) ;
#3151 = LINE ( 'NONE', #3173, #1070 ) ;
#3152 = DIRECTION ( 'NONE',  ( -0.000000000000000000, -0.000000000000000000, -1.000000000000000000 ) ) ;
#3153 = CARTESIAN_POINT ( 'NONE',  ( -57.45000000000006679, 1.899999999999999023, -66.95000000000007390 ) ) ;
#3154 = EDGE_CURVE ( 'NONE', #3506, #3444, #4068, .T. ) ;
#3155 = PLANE ( 'NONE',  #2000 ) ;
#3156 = EDGE_CURVE ( 'NONE', #1066, #4413, #241, .T. ) ;
#3157 = ORIENTED_EDGE ( 'NONE', *, *, #4173, .T. ) ;
#3158 = UNCERTAINTY_MEASURE_WITH_UNIT (LENGTH_MEASURE( 1.000000000000000082E-05 ), #1451, 'distance_accuracy_value', 'NONE');
#3159 = DIRECTION ( 'NONE',  ( 0.3939192985791737933, 0.000000000000000000, -0.9191450300180552535 ) ) ;
#3160 = VERTEX_POINT ( 'NONE', #2702 ) ;
#3161 = PLANE ( 'NONE',  #4180 ) ;
#3162 = EDGE_LOOP ( 'NONE', ( #4314, #1851, #230, #2002 ) ) ;
#3163 = FACE_OUTER_BOUND ( 'NONE', #3297, .T. ) ;
#3164 = DIRECTION ( 'NONE',  ( -0.9191450300180488142, 0.000000000000000000, 0.3939192985791887258 ) ) ;
#3165 = EDGE_CURVE ( 'NONE', #3444, #3502, #14, .T. ) ;
#3166 = DIRECTION ( 'NONE',  ( 1.000000000000000000, 0.000000000000000000, 0.000000000000000000 ) ) ;
#3167 = ORIENTED_EDGE ( 'NONE', *, *, #2685, .F. ) ;
#3168 = ORIENTED_EDGE ( 'NONE', *, *, #1664, .T. ) ;
#3169 = DIRECTION ( 'NONE',  ( 0.000000000000000000, 1.000000000000000000, -0.000000000000000000 ) ) ;
#3170 = AXIS2_PLACEMENT_3D ( 'NONE', #3009, #881, #2250 ) ;
#3171 = CARTESIAN_POINT ( 'NONE',  ( -66.45000000000005969, 2.200000000000000622, -66.45000000000005969 ) ) ;
#3172 = ORIENTED_EDGE ( 'NONE', *, *, #2011, .F. ) ;
#3173 = CARTESIAN_POINT ( 'NONE',  ( 62.25000000000000000, 189.0178641211801107, 50.25000000000003553 ) ) ;
#3174 = AXIS2_PLACEMENT_3D ( 'NONE', #1706, #1032, #37 ) ;
#3175 = EDGE_CURVE ( 'NONE', #2404, #2517, #3783, .T. ) ;
#3176 = CARTESIAN_POINT ( 'NONE',  ( 0.000000000000000000, 189.0178641211801107, 62.25000000000000000 ) ) ;
#3177 = EDGE_CURVE ( 'NONE', #170, #1279, #4175, .T. ) ;
#3178 = ORIENTED_EDGE ( 'NONE', *, *, #2140, .T. ) ;
#3179 = EDGE_CURVE ( 'NONE', #1983, #2995, #3456, .T. ) ;
#3180 = CARTESIAN_POINT ( 'NONE',  ( -37.69999999999996732, 189.0178641211801107, 63.00000000000002842 ) ) ;
#3181 = ORIENTED_EDGE ( 'NONE', *, *, #2626, .F. ) ;
#3182 = EDGE_CURVE ( 'NONE', #1642, #2973, #1078, .T. ) ;
#3183 = FACE_BOUND ( 'NONE', #2720, .T. ) ;
#3184 = CIRCLE ( 'NONE', #983, 2.250000000000001776 ) ;
#3185 = DIRECTION ( 'NONE',  ( 1.000000000000000000, 0.000000000000000000, 0.000000000000000000 ) ) ;
#3186 = ORIENTED_EDGE ( 'NONE', *, *, #3762, .T. ) ;
#3187 = DIRECTION ( 'NONE',  ( 0.000000000000000000, -0.000000000000000000, 1.000000000000000000 ) ) ;
#3188 = AXIS2_PLACEMENT_3D ( 'NONE', #3126, #3169, #3424 ) ;
#3189 = FACE_OUTER_BOUND ( 'NONE', #1265, .T. ) ;
#3190 = DIRECTION ( 'NONE',  ( 0.000000000000000000, -0.000000000000000000, -1.000000000000000000 ) ) ;
#3191 = VERTEX_POINT ( 'NONE', #623 ) ;
#3192 = ORIENTED_EDGE ( 'NONE', *, *, #720, .T. ) ;
#3193 = DIRECTION ( 'NONE',  ( -0.000000000000000000, 1.000000000000000000, -0.000000000000000000 ) ) ;
#3194 = AXIS2_PLACEMENT_3D ( 'NONE', #1108, #749, #728 ) ;
#3195 = ORIENTED_EDGE ( 'NONE', *, *, #2098, .F. ) ;
#3196 = AXIS2_PLACEMENT_3D ( 'NONE', #3147, #2768, #4165 ) ;
#3197 = DIRECTION ( 'NONE',  ( -0.9191450300180513677, 0.000000000000000000, -0.3939192985791831192 ) ) ;
#3198 = VECTOR ( 'NONE', #3933, 1000.000000000000000 ) ;
#3199 = CARTESIAN_POINT ( 'NONE',  ( -56.95000000000005969, 1.899999999999999023, -65.45000000000005969 ) ) ;
#3200 = TOROIDAL_SURFACE ( 'NONE', #1433, 1.000000000000000000, 1.500000000000000000 ) ;
#3201 = ADVANCED_FACE ( 'NONE', ( #1391 ), #1324, .T. ) ;
#3202 = ORIENTED_EDGE ( 'NONE', *, *, #2429, .F. ) ;
#3203 = DIRECTION ( 'NONE',  ( -0.000000000000000000, 1.000000000000000000, -0.000000000000000000 ) ) ;
#3204 = ORIENTED_EDGE ( 'NONE', *, *, #2534, .T. ) ;
#3205 = APPROVAL_DATE_TIME ( #1787, #3002 ) ;
#3206 = CARTESIAN_POINT ( 'NONE',  ( 0.000000000000000000, 4.100000000000000533, -67.50000000000000000 ) ) ;
#3207 = EDGE_CURVE ( 'NONE', #3160, #1600, #2081, .T. ) ;
#3208 = CYLINDRICAL_SURFACE ( 'NONE', #1388, 1.999999999999932498 ) ;
#3209 = CARTESIAN_POINT ( 'NONE',  ( 69.75000000000000000, 4.100000000000000533, 0.000000000000000000 ) ) ;
#3210 = LINE ( 'NONE', #1882, #3458 ) ;
#3211 = VERTEX_POINT ( 'NONE', #2780 ) ;
#3212 = VECTOR ( 'NONE', #882, 1000.000000000000000 ) ;
#3213 = VERTEX_POINT ( 'NONE', #3501 ) ;
#3214 = EDGE_CURVE ( 'NONE', #2919, #4413, #4348, .T. ) ;
#3215 = LINE ( 'NONE', #2197, #988 ) ;
#3216 = VECTOR ( 'NONE', #3787, 1000.000000000000000 ) ;
#3217 = EDGE_LOOP ( 'NONE', ( #1416, #3083, #1666, #2054 ) ) ;
#3218 = DIRECTION ( 'NONE',  ( -0.000000000000000000, 1.000000000000000000, -0.000000000000000000 ) ) ;
#3219 = VECTOR ( 'NONE', #4339, 1000.000000000000000 ) ;
#3220 = DIRECTION ( 'NONE',  ( 0.000000000000000000, 0.000000000000000000, 1.000000000000000000 ) ) ;
#3221 = ADVANCED_FACE ( 'NONE', ( #4156 ), #2730, .T. ) ;
#3222 = LINE ( 'NONE', #1464, #1213 ) ;
#3223 = ORIENTED_EDGE ( 'NONE', *, *, #703, .F. ) ;
#3224 = DIRECTION ( 'NONE',  ( -0.000000000000000000, -1.000000000000000000, -0.000000000000000000 ) ) ;
#3225 = CARTESIAN_POINT ( 'NONE',  ( 57.45000000000005969, 1.899999999999999023, -66.95000000000007390 ) ) ;
#3226 = ORIENTED_EDGE ( 'NONE', *, *, #4120, .F. ) ;
#3227 = DIRECTION ( 'NONE',  ( -1.000000000000000000, 0.000000000000000000, 0.000000000000000000 ) ) ;
#3228 = CARTESIAN_POINT ( 'NONE',  ( 67.75000000000001421, 4.100000000000000533, 67.74999999999998579 ) ) ;
#3229 = ORIENTED_EDGE ( 'NONE', *, *, #4067, .T. ) ;
#3230 = DIRECTION ( 'NONE',  ( -1.000000000000000000, -0.000000000000000000, -0.000000000000000000 ) ) ;
#3231 = ORIENTED_EDGE ( 'NONE', *, *, #1334, .F. ) ;
#3232 = ORIENTED_EDGE ( 'NONE', *, *, #3012, .T. ) ;
#3233 = EDGE_CURVE ( 'NONE', #2212, #876, #53, .T. ) ;
#3234 = CARTESIAN_POINT ( 'NONE',  ( 63.00000000000002842, 3.149999999999986144, 48.49999999999999289 ) ) ;
#3235 = CARTESIAN_POINT ( 'NONE',  ( 67.25000000000000000, 1.500000000000000000, -67.25000000000000000 ) ) ;
#3236 = ADVANCED_FACE ( 'NONE', ( #1047 ), #1346, .T. ) ;
#3237 = ORIENTED_EDGE ( 'NONE', *, *, #2998, .T. ) ;
#3238 = AXIS2_PLACEMENT_3D ( 'NONE', #2558, #3248, #102 ) ;
#3239 = ORGANIZATION ( '未指定', '未指定', '' ) ;
#3240 = DIRECTION ( 'NONE',  ( -0.000000000000000000, -1.000000000000000000, -0.000000000000000000 ) ) ;
#3241 = DIRECTION ( 'NONE',  ( 1.000000000000000000, 0.000000000000000000, -6.938893903907221278E-15 ) ) ;
#3242 = FACE_OUTER_BOUND ( 'NONE', #3312, .T. ) ;
#3243 = DIRECTION ( 'NONE',  ( 0.000000000000000000, -1.000000000000000000, 0.000000000000000000 ) ) ;
#3244 = APPROVAL_DATE_TIME ( #1828, #2852 ) ;
#3245 = ORIENTED_EDGE ( 'NONE', *, *, #489, .T. ) ;
#3246 = FACE_OUTER_BOUND ( 'NONE', #806, .T. ) ;
#3247 = ORIENTED_EDGE ( 'NONE', *, *, #1076, .F. ) ;
#3248 = DIRECTION ( 'NONE',  ( 0.000000000000000000, 1.000000000000000000, -0.000000000000000000 ) ) ;
#3249 = ORIENTED_EDGE ( 'NONE', *, *, #2772, .F. ) ;
#3250 = ORIENTED_EDGE ( 'NONE', *, *, #515, .F. ) ;
#3251 = LINE ( 'NONE', #1739, #310 ) ;
#3252 = LINE ( 'NONE', #1502, #1276 ) ;
#3253 = CARTESIAN_POINT ( 'NONE',  ( 63.75000000000005684, 1.899999999999999023, -55.75000000000001421 ) ) ;
#3254 = EDGE_CURVE ( 'NONE', #3318, #3893, #3496, .T. ) ;
#3255 = VECTOR ( 'NONE', #452, 1000.000000000000000 ) ;
#3256 = CARTESIAN_POINT ( 'NONE',  ( -37.69999999999996732, 3.149999999999986144, 63.00000000000002842 ) ) ;
#3257 = FACE_OUTER_BOUND ( 'NONE', #1476, .T. ) ;
#3258 = ORIENTED_EDGE ( 'NONE', *, *, #1238, .F. ) ;
#3259 = CARTESIAN_POINT ( 'NONE',  ( 0.000000000000000000, 0.000000000000000000, 0.000000000000000000 ) ) ;
#3260 = EDGE_CURVE ( 'NONE', #194, #4404, #1745, .T. ) ;
#3261 = AXIS2_PLACEMENT_3D ( 'NONE', #4117, #698, #2367 ) ;
#3262 = DIRECTION ( 'NONE',  ( 0.000000000000000000, 0.000000000000000000, 1.000000000000000000 ) ) ;
#3263 = DIRECTION ( 'NONE',  ( 0.000000000000000000, 0.000000000000000000, 1.000000000000000000 ) ) ;
#3264 = VECTOR ( 'NONE', #213, 1000.000000000000000 ) ;
#3265 = VECTOR ( 'NONE', #3197, 999.9999999999998863 ) ;
#3266 = ADVANCED_FACE ( 'NONE', ( #2403 ), #3071, .F. ) ;
#3267 = EDGE_CURVE ( 'NONE', #1231, #944, #4108, .T. ) ;
#3268 = VECTOR ( 'NONE', #2, 1000.000000000000000 ) ;
#3269 = CARTESIAN_POINT ( 'NONE',  ( 39.57413793103403066, 189.0178641211801107, -16.96034482758632578 ) ) ;
#3270 = DATE_TIME_ROLE ( 'classification_date' ) ;
#3271 = DIRECTION ( 'NONE',  ( -0.000000000000000000, 0.000000000000000000, 1.000000000000000000 ) ) ;
#3272 = EDGE_CURVE ( 'NONE', #1595, #2839, #1703, .T. ) ;
#3273 = AXIS2_PLACEMENT_3D ( 'NONE', #2037, #293, #365 ) ;
#3274 = EDGE_LOOP ( 'NONE', ( #1958, #2629, #1208, #3858 ) ) ;
#3275 = FACE_OUTER_BOUND ( 'NONE', #266, .T. ) ;
#3276 = DIRECTION ( 'NONE',  ( 0.9191450300180539212, 0.000000000000000000, -0.3939192985791769019 ) ) ;
#3277 = ORIENTED_EDGE ( 'NONE', *, *, #4219, .T. ) ;
#3278 = CARTESIAN_POINT ( 'NONE',  ( 48.50000000000000000, 189.0178641211801107, -63.00000000000002842 ) ) ;
#3279 = ORIENTED_EDGE ( 'NONE', *, *, #4296, .F. ) ;
#3280 = ORIENTED_EDGE ( 'NONE', *, *, #2085, .F. ) ;
#3281 = CARTESIAN_POINT ( 'NONE',  ( -54.78175416344812731, 4.100000000000000533, 67.50000000000001421 ) ) ;
#3282 = CARTESIAN_POINT ( 'NONE',  ( -65.75000000000000000, 4.100000000000000533, 55.75000000000000000 ) ) ;
#3283 = CARTESIAN_POINT ( 'NONE',  ( 6.938893903907228378E-15, 3.149999999999999911, 55.75000000000000711 ) ) ;
#3284 = ORIENTED_EDGE ( 'NONE', *, *, #2324, .T. ) ;
#3285 = ADVANCED_FACE ( 'NONE', ( #1029 ), #340, .T. ) ;
#3286 = LINE ( 'NONE', #2927, #2075 ) ;
#3287 = VERTEX_POINT ( 'NONE', #2102 ) ;
#3288 = PLANE ( 'NONE',  #3170 ) ;
#3289 = CIRCLE ( 'NONE', #593, 0.5000000000000004441 ) ;
#3290 = EDGE_CURVE ( 'NONE', #3578, #964, #1176, .T. ) ;
#3291 = EDGE_CURVE ( 'NONE', #1642, #624, #1513, .T. ) ;
#3292 = CARTESIAN_POINT ( 'NONE',  ( 56.95000000000005258, 1.899999999999999023, -65.45000000000005969 ) ) ;
#3293 = ORIENTED_EDGE ( 'NONE', *, *, #855, .F. ) ;
#3294 = DIRECTION ( 'NONE',  ( 1.000000000000000000, 0.000000000000000000, 0.000000000000000000 ) ) ;
#3295 = ORIENTED_EDGE ( 'NONE', *, *, #1127, .F. ) ;
#3296 = LINE ( 'NONE', #2853, #2486 ) ;
#3297 = EDGE_LOOP ( 'NONE', ( #1951, #1193, #1315, #3682, #2711, #1204, #2728, #1566 ) ) ;
#3298 = VERTEX_POINT ( 'NONE', #57 ) ;
#3299 = VERTEX_POINT ( 'NONE', #4279 ) ;
#3300 = CARTESIAN_POINT ( 'NONE',  ( 64.30000000000001137, 2.100000000000000977, -54.37250226860442126 ) ) ;
#3301 = DIRECTION ( 'NONE',  ( 0.000000000000000000, 0.000000000000000000, -1.000000000000000000 ) ) ;
#3302 = ORIENTED_EDGE ( 'NONE', *, *, #4171, .T. ) ;
#3303 = ORIENTED_EDGE ( 'NONE', *, *, #137, .T. ) ;
#3304 = CARTESIAN_POINT ( 'NONE',  ( -35.94999999999998153, 5.149999999999987921, 62.25000000000002842 ) ) ;
#3305 = DIRECTION ( 'NONE',  ( 0.000000000000000000, 0.000000000000000000, -1.000000000000000000 ) ) ;
#3306 = VERTEX_POINT ( 'NONE', #1467 ) ;
#3307 = DIRECTION ( 'NONE',  ( 1.000000000000000000, 0.000000000000000000, -2.775557561562884646E-15 ) ) ;
#3308 = VECTOR ( 'NONE', #1609, 1000.000000000000000 ) ;
#3309 = ADVANCED_FACE ( 'NONE', ( #3866 ), #3518, .T. ) ;
#3310 = DIRECTION ( 'NONE',  ( -1.000000000000000000, 0.000000000000000000, 0.000000000000000000 ) ) ;
#3311 = CIRCLE ( 'NONE', #1410, 0.5000000000000073275 ) ;
#3312 = EDGE_LOOP ( 'NONE', ( #3040, #225, #1303, #2554 ) ) ;
#3313 = DIRECTION ( 'NONE',  ( -1.266643248261852789E-16, 0.000000000000000000, 1.000000000000000000 ) ) ;
#3314 = CARTESIAN_POINT ( 'NONE',  ( -56.95000000000005969, -18.09898987322328168, -66.45000000000005969 ) ) ;
#3315 = EDGE_CURVE ( 'NONE', #2990, #171, #1151, .T. ) ;
#3316 = EDGE_CURVE ( 'NONE', #876, #2212, #2750, .T. ) ;
#3317 = CARTESIAN_POINT ( 'NONE',  ( -48.49999999999998579, 5.149999999999987921, 63.00000000000002842 ) ) ;
#3318 = VERTEX_POINT ( 'NONE', #2141 ) ;
#3319 = DIRECTION ( 'NONE',  ( -1.000000000000000000, 0.000000000000000000, 1.541976423090495042E-15 ) ) ;
#3320 = EDGE_LOOP ( 'NONE', ( #2646, #1588, #1799, #3122, #3223, #3393, #2872, #3448, #2360, #629, #3258, #3428, #1677, #800, #4121, #1221, #1100, #3021, #3924, #3656 ) ) ;
#3321 = ORIENTED_EDGE ( 'NONE', *, *, #1026, .T. ) ;
#3322 = VERTEX_POINT ( 'NONE', #76 ) ;
#3323 = LINE ( 'NONE', #2241, #1991 ) ;
#3324 = CYLINDRICAL_SURFACE ( 'NONE', #3548, 1.500000000000001332 ) ;
#3325 = CYLINDRICAL_SURFACE ( 'NONE', #1806, 2.250000000000001776 ) ;
#3326 = ORIENTED_EDGE ( 'NONE', *, *, #504, .T. ) ;
#3327 = AXIS2_PLACEMENT_3D ( 'NONE', #3906, #783, #3572 ) ;
#3328 = CARTESIAN_POINT ( 'NONE',  ( 66.95000000000005969, -18.09898987322328168, -66.45000000000005969 ) ) ;
#3329 = AXIS2_PLACEMENT_3D ( 'NONE', #2903, #3525, #462 ) ;
#3330 = EDGE_LOOP ( 'NONE', ( #733, #3794, #302, #3857, #1184 ) ) ;
#3331 = CARTESIAN_POINT ( 'NONE',  ( 63.00000000000002842, 3.149999999999986144, 37.69999999999998153 ) ) ;
#3332 = CARTESIAN_POINT ( 'NONE',  ( -35.94999999999998153, 189.0178641211801107, 62.25000000000002842 ) ) ;
#3333 = DIRECTION ( 'NONE',  ( 0.000000000000000000, 0.000000000000000000, 1.000000000000000000 ) ) ;
#3334 = DIRECTION ( 'NONE',  ( 0.000000000000000000, 0.000000000000000000, -1.000000000000000000 ) ) ;
#3335 = AXIS2_PLACEMENT_3D ( 'NONE', #2842, #2883, #1780 ) ;
#3336 = VECTOR ( 'NONE', #2615, 1000.000000000000000 ) ;
#3337 = EDGE_CURVE ( 'NONE', #3543, #2849, #4214, .T. ) ;
#3338 = EDGE_CURVE ( 'NONE', #3150, #2270, #3556, .T. ) ;
#3339 = ORIENTED_EDGE ( 'NONE', *, *, #4092, .T. ) ;
#3340 = VECTOR ( 'NONE', #1181, 1000.000000000000000 ) ;
#3341 = LINE ( 'NONE', #1230, #3841 ) ;
#3342 = ORIENTED_EDGE ( 'NONE', *, *, #2654, .T. ) ;
#3343 = LINE ( 'NONE', #2659, #1911 ) ;
#3344 = VERTEX_POINT ( 'NONE', #1429 ) ;
#3345 = DIRECTION ( 'NONE',  ( -1.000000000000000000, 0.000000000000000000, 0.000000000000000000 ) ) ;
#3346 = VECTOR ( 'NONE', #3953, 1000.000000000000000 ) ;
#3347 = ORIENTED_EDGE ( 'NONE', *, *, #1238, .T. ) ;
#3348 = EDGE_CURVE ( 'NONE', #3768, #1060, #2891, .T. ) ;
#3349 = CARTESIAN_POINT ( 'NONE',  ( -4.149999999999992362, 3.149999999999999911, 59.90000000000000568 ) ) ;
#3350 = CARTESIAN_POINT ( 'NONE',  ( -66.45000000000004547, 2.200000000000000622, 66.95000000000007390 ) ) ;
#3351 = FACE_OUTER_BOUND ( 'NONE', #4188, .T. ) ;
#3352 = ORIENTED_EDGE ( 'NONE', *, *, #2378, .F. ) ;
#3353 = LINE ( 'NONE', #1602, #1286 ) ;
#3354 = DIRECTION ( 'NONE',  ( 1.000000000000000000, 0.000000000000000000, -0.000000000000000000 ) ) ;
#3355 = ORIENTED_EDGE ( 'NONE', *, *, #613, .T. ) ;
#3356 = CARTESIAN_POINT ( 'NONE',  ( 57.45000000000007390, 1.899999999999999023, 66.95000000000005969 ) ) ;
#3357 = DIRECTION ( 'NONE',  ( -0.000000000000000000, 1.000000000000000000, -0.000000000000000000 ) ) ;
#3358 = VECTOR ( 'NONE', #674, 1000.000000000000000 ) ;
#3359 = DIRECTION ( 'NONE',  ( -0.000000000000000000, -1.000000000000000000, -0.000000000000000000 ) ) ;
#3360 = CIRCLE ( 'NONE', #4004, 1.999999999999932498 ) ;
#3361 = VERTEX_POINT ( 'NONE', #1111 ) ;
#3362 = LINE ( 'NONE', #977, #1385 ) ;
#3363 = CARTESIAN_POINT ( 'NONE',  ( 66.45000000000005969, -18.09898987322328168, -56.95000000000006679 ) ) ;
#3364 = ORIENTED_EDGE ( 'NONE', *, *, #2685, .T. ) ;
#3365 = FACE_OUTER_BOUND ( 'NONE', #1608, .T. ) ;
#3366 = VERTEX_POINT ( 'NONE', #2491 ) ;
#3367 = DIRECTION ( 'NONE',  ( -0.000000000000000000, -1.000000000000000000, -0.000000000000000000 ) ) ;
#3368 = ORIENTED_EDGE ( 'NONE', *, *, #2577, .F. ) ;
#3369 = AXIS2_PLACEMENT_3D ( 'NONE', #4149, #1965, #1023 ) ;
#3370 = CARTESIAN_POINT ( 'NONE',  ( -66.45000000000005969, 1.899999999999999023, -66.45000000000005969 ) ) ;
#3371 = FACE_OUTER_BOUND ( 'NONE', #2303, .T. ) ;
#3372 = ADVANCED_FACE ( 'NONE', ( #767 ), #2470, .F. ) ;
#3373 = ORIENTED_EDGE ( 'NONE', *, *, #3165, .F. ) ;
#3374 = ORIENTED_EDGE ( 'NONE', *, *, #1354, .T. ) ;
#3375 = DIRECTION ( 'NONE',  ( 0.000000000000000000, 0.000000000000000000, -1.000000000000000000 ) ) ;
#3376 = ADVANCED_FACE ( 'NONE', ( #751 ), #4255, .T. ) ;
#3377 = ORIENTED_EDGE ( 'NONE', *, *, #4050, .T. ) ;
#3378 = LINE ( 'NONE', #1379, #3462 ) ;
#3379 = DIRECTION ( 'NONE',  ( -0.000000000000000000, 1.000000000000000000, -0.000000000000000000 ) ) ;
#3380 = CARTESIAN_POINT ( 'NONE',  ( 6.938893903907228378E-15, 15.69229576515475699, 59.90000000000000568 ) ) ;
#3381 = CARTESIAN_POINT ( 'NONE',  ( -67.25000000000000000, 0.000000000000000000, -67.25000000000000000 ) ) ;
#3382 = EDGE_CURVE ( 'NONE', #3287, #157, #2513, .T. ) ;
#3383 = CARTESIAN_POINT ( 'NONE',  ( 0.000000000000000000, 4.100000000000000533, 67.75000000000001421 ) ) ;
#3384 = CARTESIAN_POINT ( 'NONE',  ( -54.37250226860447810, 189.0178641211801107, -64.30000000000002558 ) ) ;
#3385 = VERTEX_POINT ( 'NONE', #2823 ) ;
#3386 = AXIS2_PLACEMENT_3D ( 'NONE', #2870, #414, #1797 ) ;
#3387 = PLANE ( 'NONE',  #2663 ) ;
#3388 = EDGE_CURVE ( 'NONE', #1014, #4163, #4143, .T. ) ;
#3389 = DIRECTION ( 'NONE',  ( -0.000000000000000000, 1.000000000000000000, -0.000000000000000000 ) ) ;
#3390 = ORIENTED_EDGE ( 'NONE', *, *, #3098, .T. ) ;
#3391 =( GEOMETRIC_REPRESENTATION_CONTEXT ( 3 ) GLOBAL_UNCERTAINTY_ASSIGNED_CONTEXT ( ( #3158 ) ) GLOBAL_UNIT_ASSIGNED_CONTEXT ( ( #1451, #427, #59 ) ) REPRESENTATION_CONTEXT ( 'NONE', 'WORKASPACE' ) );
#3392 = FACE_OUTER_BOUND ( 'NONE', #3394, .T. ) ;
#3393 = ORIENTED_EDGE ( 'NONE', *, *, #1512, .F. ) ;
#3394 = EDGE_LOOP ( 'NONE', ( #1421, #3784, #1777, #4383 ) ) ;
#3395 = LINE ( 'NONE', #298, #1368 ) ;
#3396 = LINE ( 'NONE', #2686, #4371 ) ;
#3397 = EDGE_LOOP ( 'NONE', ( #1805, #1619, #4167, #2264 ) ) ;
#3398 = DIRECTION ( 'NONE',  ( 0.000000000000000000, 0.000000000000000000, 1.000000000000000000 ) ) ;
#3399 = ADVANCED_FACE ( 'NONE', ( #3846 ), #1093, .F. ) ;
#3400 = VERTEX_POINT ( 'NONE', #96 ) ;
#3401 = VERTEX_POINT ( 'NONE', #2912 ) ;
#3402 = AXIS2_PLACEMENT_3D ( 'NONE', #1516, #2493, #1789 ) ;
#3403 = CARTESIAN_POINT ( 'NONE',  ( 65.45000000000007390, -18.09898987322328168, 56.95000000000005969 ) ) ;
#3404 = DIRECTION ( 'NONE',  ( -1.541976423090496225E-15, -0.000000000000000000, -1.000000000000000000 ) ) ;
#3405 = CARTESIAN_POINT ( 'NONE',  ( -55.75000000000000000, 189.0178641211801107, 63.74999999999998579 ) ) ;
#3406 = EDGE_CURVE ( 'NONE', #45, #3877, #3554, .T. ) ;
#3407 = CIRCLE ( 'NONE', #3604, 1.500000000000001332 ) ;
#3408 = CARTESIAN_POINT ( 'NONE',  ( 6.938893903907228378E-15, 4.750000000000000000, 59.90000000000000568 ) ) ;
#3409 = ADVANCED_FACE ( 'NONE', ( #35 ), #1559, .T. ) ;
#3410 = ORIENTED_EDGE ( 'NONE', *, *, #119, .T. ) ;
#3411 = CARTESIAN_POINT ( 'NONE',  ( 6.938893903907228378E-15, 5.150000000000000355, 59.90000000000000568 ) ) ;
#3412 = VERTEX_POINT ( 'NONE', #1897 ) ;
#3413 = CIRCLE ( 'NONE', #2881, 4.150000000000001243 ) ;
#3414 = CARTESIAN_POINT ( 'NONE',  ( 67.25000000000000000, 0.000000000000000000, 67.25000000000000000 ) ) ;
#3415 = EDGE_LOOP ( 'NONE', ( #2926, #1373, #3454, #985 ) ) ;
#3416 = DIRECTION ( 'NONE',  ( 0.000000000000000000, 0.000000000000000000, 1.000000000000000000 ) ) ;
#3417 = CIRCLE ( 'NONE', #1135, 2.000000000000029310 ) ;
#3418 = CIRCLE ( 'NONE', #927, 1.999999999999932498 ) ;
#3419 = LINE ( 'NONE', #2363, #336 ) ;
#3420 = DIRECTION ( 'NONE',  ( 0.000000000000000000, 1.000000000000000000, -0.000000000000000000 ) ) ;
#3421 = AXIS2_PLACEMENT_3D ( 'NONE', #3117, #692, #4236 ) ;
#3422 = ORIENTED_EDGE ( 'NONE', *, *, #4341, .T. ) ;
#3423 = ORIENTED_EDGE ( 'NONE', *, *, #586, .T. ) ;
#3424 = DIRECTION ( 'NONE',  ( 0.000000000000000000, 0.000000000000000000, 1.000000000000000000 ) ) ;
#3425 = VECTOR ( 'NONE', #3017, 1000.000000000000000 ) ;
#3426 = CARTESIAN_POINT ( 'NONE',  ( -69.75000000000000000, 1.500000000000000000, -67.25000000000000000 ) ) ;
#3427 = ORIENTED_EDGE ( 'NONE', *, *, #830, .T. ) ;
#3428 = ORIENTED_EDGE ( 'NONE', *, *, #488, .F. ) ;
#3429 = LINE ( 'NONE', #283, #168 ) ;
#3430 = CARTESIAN_POINT ( 'NONE',  ( 54.78175416344813442, 4.100000000000000533, -67.50000000000000000 ) ) ;
#3431 = CARTESIAN_POINT ( 'NONE',  ( -16.96034482758659578, 189.0178641211801107, -39.57413793103288668 ) ) ;
#3432 = EDGE_CURVE ( 'NONE', #103, #3506, #784, .T. ) ;
#3433 = ORIENTED_EDGE ( 'NONE', *, *, #1461, .F. ) ;
#3434 = EDGE_CURVE ( 'NONE', #3878, #530, #3417, .T. ) ;
#3435 = AXIS2_PLACEMENT_3D ( 'NONE', #779, #1212, #2616 ) ;
#3436 = DIRECTION ( 'NONE',  ( 5.204170427930407873E-15, 0.000000000000000000, -1.000000000000000000 ) ) ;
#3437 = ORIENTED_EDGE ( 'NONE', *, *, #4174, .T. ) ;
#3438 = SPHERICAL_SURFACE ( 'NONE', #3945, 1.399999999999999911 ) ;
#3439 = DIRECTION ( 'NONE',  ( -0.000000000000000000, 1.000000000000000000, -0.000000000000000000 ) ) ;
#3440 = AXIS2_PLACEMENT_3D ( 'NONE', #982, #2268, #4113 ) ;
#3441 = DIRECTION ( 'NONE',  ( 0.000000000000000000, 0.000000000000000000, 1.000000000000000000 ) ) ;
#3442 = DIRECTION ( 'NONE',  ( -0.000000000000000000, -1.000000000000000000, 0.000000000000000000 ) ) ;
#3443 = DIRECTION ( 'NONE',  ( 0.000000000000000000, 1.000000000000000000, -0.000000000000000000 ) ) ;
#3444 = VERTEX_POINT ( 'NONE', #1226 ) ;
#3445 = VERTEX_POINT ( 'NONE', #2651 ) ;
#3446 = CARTESIAN_POINT ( 'NONE',  ( 65.75000000000000000, 4.100000000000000533, 53.75000000000000711 ) ) ;
#3447 = EDGE_LOOP ( 'NONE', ( #3475, #4172, #92, #1654 ) ) ;
#3448 = ORIENTED_EDGE ( 'NONE', *, *, #1180, .F. ) ;
#3449 = LINE ( 'NONE', #1678, #1290 ) ;
#3450 = EDGE_CURVE ( 'NONE', #1762, #431, #771, .T. ) ;
#3451 = DIRECTION ( 'NONE',  ( -0.000000000000000000, -1.000000000000000000, -0.000000000000000000 ) ) ;
#3452 = DIRECTION ( 'NONE',  ( -0.000000000000000000, 1.000000000000000000, -0.000000000000000000 ) ) ;
#3453 = DIRECTION ( 'NONE',  ( 0.000000000000000000, 0.000000000000000000, -1.000000000000000000 ) ) ;
#3454 = ORIENTED_EDGE ( 'NONE', *, *, #1818, .T. ) ;
#3455 = VECTOR ( 'NONE', #2575, 1000.000000000000000 ) ;
#3456 = LINE ( 'NONE', #4130, #931 ) ;
#3457 = EDGE_LOOP ( 'NONE', ( #3583, #3018, #4381, #370 ) ) ;
#3458 = VECTOR ( 'NONE', #481, 1000.000000000000000 ) ;
#3459 = EDGE_CURVE ( 'NONE', #194, #431, #577, .T. ) ;
#3460 = FACE_OUTER_BOUND ( 'NONE', #1647, .T. ) ;
#3461 = EDGE_CURVE ( 'NONE', #2151, #2122, #1535, .T. ) ;
#3462 = VECTOR ( 'NONE', #1695, 1000.000000000000000 ) ;
#3463 = DIRECTION ( 'NONE',  ( 1.000000000000000000, 0.000000000000000000, 0.000000000000000000 ) ) ;
#3464 = DIRECTION ( 'NONE',  ( -0.000000000000000000, -1.000000000000000000, -0.000000000000000000 ) ) ;
#3465 = VERTEX_POINT ( 'NONE', #141 ) ;
#3466 = LINE ( 'NONE', #657, #3481 ) ;
#3467 = CIRCLE ( 'NONE', #2052, 1.000000000000000888 ) ;
#3468 = EDGE_CURVE ( 'NONE', #1409, #282, #863, .T. ) ;
#3469 = LINE ( 'NONE', #2791, #4126 ) ;
#3470 = ORIENTED_EDGE ( 'NONE', *, *, #3406, .F. ) ;
#3471 = VERTEX_POINT ( 'NONE', #4059 ) ;
#3472 = DIRECTION ( 'NONE',  ( -1.000000000000000000, 0.000000000000000000, -0.000000000000000000 ) ) ;
#3473 = DIRECTION ( 'NONE',  ( -0.3939192985791887813, 0.000000000000000000, -0.9191450300180489252 ) ) ;
#3474 = CIRCLE ( 'NONE', #3599, 0.5000000000000004441 ) ;
#3475 = ORIENTED_EDGE ( 'NONE', *, *, #1888, .T. ) ;
#3476 = DIRECTION ( 'NONE',  ( 0.9191450300180552535, -0.000000000000000000, 0.3939192985791737933 ) ) ;
#3477 = EDGE_LOOP ( 'NONE', ( #78, #3881, #3624, #3916 ) ) ;
#3478 = EDGE_CURVE ( 'NONE', #2833, #1275, #528, .T. ) ;
#3479 = CARTESIAN_POINT ( 'NONE',  ( 54.78175416344813442, 4.100000000000000533, -67.50000000000000000 ) ) ;
#3480 = AXIS2_PLACEMENT_3D ( 'NONE', #3115, #4498, #2706 ) ;
#3481 = VECTOR ( 'NONE', #371, 1000.000000000000000 ) ;
#3482 = DIRECTION ( 'NONE',  ( 0.000000000000000000, 0.000000000000000000, -1.000000000000000000 ) ) ;
#3483 = ORIENTED_EDGE ( 'NONE', *, *, #3860, .F. ) ;
#3484 = LINE ( 'NONE', #2459, #2709 ) ;
#3485 = ORIENTED_EDGE ( 'NONE', *, *, #1082, .T. ) ;
#3486 = EDGE_LOOP ( 'NONE', ( #1215, #4492, #1163, #3302 ) ) ;
#3487 = AXIS2_PLACEMENT_3D ( 'NONE', #4489, #4127, #2775 ) ;
#3488 = ADVANCED_FACE ( 'NONE', ( #3013 ), #834, .T. ) ;
#3489 = VECTOR ( 'NONE', #3132, 1000.000000000000000 ) ;
#3490 = DIRECTION ( 'NONE',  ( -0.000000000000000000, -1.000000000000000000, -0.000000000000000000 ) ) ;
#3491 = AXIS2_PLACEMENT_3D ( 'NONE', #951, #1919, #3333 ) ;
#3492 = EDGE_CURVE ( 'NONE', #1749, #2440, #162, .T. ) ;
#3493 = VERTEX_POINT ( 'NONE', #505 ) ;
#3494 = ORIENTED_EDGE ( 'NONE', *, *, #1743, .T. ) ;
#3495 = CARTESIAN_POINT ( 'NONE',  ( 66.45000000000007390, -18.09898987322328168, 56.95000000000005969 ) ) ;
#3496 = CIRCLE ( 'NONE', #3273, 0.5000000000000143219 ) ;
#3497 = CARTESIAN_POINT ( 'NONE',  ( 66.45000000000007390, -18.09898987322328168, 66.45000000000004547 ) ) ;
#3498 = LINE ( 'NONE', #28, #1986 ) ;
#3499 = DIRECTION ( 'NONE',  ( -0.000000000000000000, -1.000000000000000000, -0.000000000000000000 ) ) ;
#3500 = ORIENTED_EDGE ( 'NONE', *, *, #1714, .T. ) ;
#3501 = CARTESIAN_POINT ( 'NONE',  ( 67.75000000000001421, 4.100000000000000533, 67.74999999999998579 ) ) ;
#3502 = VERTEX_POINT ( 'NONE', #1944 ) ;
#3503 = CARTESIAN_POINT ( 'NONE',  ( 64.95000000000007390, 2.200000000000000622, 64.95000000000004547 ) ) ;
#3504 = CARTESIAN_POINT ( 'NONE',  ( -56.95000000000005258, 2.200000000000000622, 65.45000000000007390 ) ) ;
#3505 = DIRECTION ( 'NONE',  ( 0.000000000000000000, -1.000000000000000000, 0.000000000000000000 ) ) ;
#3506 = VERTEX_POINT ( 'NONE', #2205 ) ;
#3507 = ORIENTED_EDGE ( 'NONE', *, *, #440, .F. ) ;
#3508 = DIRECTION ( 'NONE',  ( 0.000000000000000000, -1.000000000000000000, 0.000000000000000000 ) ) ;
#3509 = CARTESIAN_POINT ( 'NONE',  ( 66.45000000000007390, 1.899999999999999023, 66.95000000000004547 ) ) ;
#3510 = CARTESIAN_POINT ( 'NONE',  ( -69.75000000000000000, 1.500000000000000000, 67.25000000000000000 ) ) ;
#3511 = EDGE_CURVE ( 'NONE', #3837, #3850, #2989, .T. ) ;
#3512 = ORIENTED_EDGE ( 'NONE', *, *, #723, .T. ) ;
#3513 = CARTESIAN_POINT ( 'NONE',  ( 6.938893903907228378E-15, 4.750000000000000000, 59.90000000000000568 ) ) ;
#3514 = CARTESIAN_POINT ( 'NONE',  ( 54.37250226860437863, 189.0178641211801107, -64.30000000000002558 ) ) ;
#3515 = EDGE_CURVE ( 'NONE', #1717, #908, #643, .T. ) ;
#3516 = CARTESIAN_POINT ( 'NONE',  ( 69.75000000000000000, 2.100000000000000089, 67.25000000000000000 ) ) ;
#3517 = ORIENTED_EDGE ( 'NONE', *, *, #4200, .T. ) ;
#3518 = CYLINDRICAL_SURFACE ( 'NONE', #3551, 2.500000000000002220 ) ;
#3519 = ORIENTED_EDGE ( 'NONE', *, *, #611, .F. ) ;
#3520 = DIRECTION ( 'NONE',  ( 0.000000000000000000, 0.000000000000000000, -1.000000000000000000 ) ) ;
#3521 = DIRECTION ( 'NONE',  ( 1.000000000000000000, 0.000000000000000000, 0.000000000000000000 ) ) ;
#3522 = CARTESIAN_POINT ( 'NONE',  ( 67.75000000000048317, 4.100000000000000533, -4.701100619897175499E-13 ) ) ;
#3523 = ORIENTED_EDGE ( 'NONE', *, *, #1538, .F. ) ;
#3524 = ORIENTED_EDGE ( 'NONE', *, *, #3873, .T. ) ;
#3525 = DIRECTION ( 'NONE',  ( 0.000000000000000000, 1.000000000000000000, 0.000000000000000000 ) ) ;
#3526 = VECTOR ( 'NONE', #4226, 1000.000000000000000 ) ;
#3527 = ORIENTED_EDGE ( 'NONE', *, *, #1206, .T. ) ;
#3528 = LINE ( 'NONE', #396, #3265 ) ;
#3529 = CC_DESIGN_APPROVAL ( #3855, ( #2162 ) ) ;
#3530 = DIRECTION ( 'NONE',  ( 0.000000000000000000, -1.000000000000000000, 0.000000000000000000 ) ) ;
#3531 = FACE_OUTER_BOUND ( 'NONE', #4201, .T. ) ;
#3532 = EDGE_CURVE ( 'NONE', #4085, #2259, #3830, .T. ) ;
#3533 = ORIENTED_EDGE ( 'NONE', *, *, #1692, .T. ) ;
#3534 = DIRECTION ( 'NONE',  ( 0.000000000000000000, 1.000000000000000000, -0.000000000000000000 ) ) ;
#3535 = VERTEX_POINT ( 'NONE', #597 ) ;
#3536 = EDGE_CURVE ( 'NONE', #32, #1642, #4034, .T. ) ;
#3537 = CARTESIAN_POINT ( 'NONE',  ( 0.000000000000000000, 0.000000000000000000, 0.000000000000000000 ) ) ;
#3538 = CIRCLE ( 'NONE', #3402, 0.5000000000000004441 ) ;
#3539 = CARTESIAN_POINT ( 'NONE',  ( 67.50000000000000000, 4.100000000000000533, 0.000000000000000000 ) ) ;
#3540 = CIRCLE ( 'NONE', #836, 2.500000000000002220 ) ;
#3541 = CARTESIAN_POINT ( 'NONE',  ( 55.74999999999999289, 1.899999999999999023, -67.74999999999991473 ) ) ;
#3542 = FACE_OUTER_BOUND ( 'NONE', #2152, .T. ) ;
#3543 = VERTEX_POINT ( 'NONE', #3292 ) ;
#3544 = ORIENTED_EDGE ( 'NONE', *, *, #460, .T. ) ;
#3545 = DIRECTION ( 'NONE',  ( 6.938893903907233900E-15, 0.000000000000000000, -1.000000000000000000 ) ) ;
#3546 = CIRCLE ( 'NONE', #3757, 2.000000000000029310 ) ;
#3547 = EDGE_LOOP ( 'NONE', ( #4455, #393, #1364, #4246 ) ) ;
#3548 = AXIS2_PLACEMENT_3D ( 'NONE', #3649, #539, #2543 ) ;
#3549 = VECTOR ( 'NONE', #1455, 1000.000000000000000 ) ;
#3550 = DIRECTION ( 'NONE',  ( 0.000000000000000000, 1.000000000000000000, -0.000000000000000000 ) ) ;
#3551 = AXIS2_PLACEMENT_3D ( 'NONE', #382, #3243, #120 ) ;
#3552 = LINE ( 'NONE', #423, #2666 ) ;
#3553 = ORIENTED_EDGE ( 'NONE', *, *, #1414, .T. ) ;
#3554 = CIRCLE ( 'NONE', #1007, 0.5000000000000073275 ) ;
#3555 = EDGE_CURVE ( 'NONE', #4082, #2833, #2509, .T. ) ;
#3556 = LINE ( 'NONE', #3576, #2009 ) ;
#3557 = APPROVAL_ROLE ( '' ) ;
#3558 = CARTESIAN_POINT ( 'NONE',  ( 65.75000000000000000, 2.100000000000000089, 55.74999999999999289 ) ) ;
#3559 = FACE_OUTER_BOUND ( 'NONE', #710, .T. ) ;
#3560 = ORIENTED_EDGE ( 'NONE', *, *, #1705, .F. ) ;
#3561 = LINE ( 'NONE', #477, #1652 ) ;
#3562 = EDGE_CURVE ( 'NONE', #4271, #3773, #339, .T. ) ;
#3563 = CARTESIAN_POINT ( 'NONE',  ( 37.69999999999998153, 189.0178641211801107, -63.00000000000004263 ) ) ;
#3564 = ORIENTED_EDGE ( 'NONE', *, *, #3382, .F. ) ;
#3565 = LINE ( 'NONE', #3278, #817 ) ;
#3566 = ORIENTED_EDGE ( 'NONE', *, *, #136, .T. ) ;
#3567 = ORIENTED_EDGE ( 'NONE', *, *, #1705, .T. ) ;
#3568 = CARTESIAN_POINT ( 'NONE',  ( 64.95000000000007390, 1.899999999999999023, 64.95000000000004547 ) ) ;
#3569 = CARTESIAN_POINT ( 'NONE',  ( -62.25000000000000000, 189.0178641211801107, -35.95000000000000995 ) ) ;
#3570 = VECTOR ( 'NONE', #3714, 1000.000000000000000 ) ;
#3571 = ORIENTED_EDGE ( 'NONE', *, *, #2514, .F. ) ;
#3572 = DIRECTION ( 'NONE',  ( -3.469446951953587368E-15, 0.000000000000000000, -1.000000000000000000 ) ) ;
#3573 = VECTOR ( 'NONE', #3703, 1000.000000000000000 ) ;
#3574 = DIRECTION ( 'NONE',  ( 0.000000000000000000, 0.000000000000000000, -1.000000000000000000 ) ) ;
#3575 = AXIS2_PLACEMENT_3D ( 'NONE', #1680, #3357, #211 ) ;
#3576 = CARTESIAN_POINT ( 'NONE',  ( 0.000000000000000000, 5.149999999999987921, 63.74999999999998579 ) ) ;
#3577 = DIRECTION ( 'NONE',  ( -1.000000000000000000, 0.000000000000000000, -0.000000000000000000 ) ) ;
#3578 = VERTEX_POINT ( 'NONE', #2253 ) ;
#3579 = LINE ( 'NONE', #4244, #2139 ) ;
#3580 = VERTEX_POINT ( 'NONE', #906 ) ;
#3581 = CARTESIAN_POINT ( 'NONE',  ( 8.847089727481719968E-14, 5.149999999999987921, -63.75000000000008527 ) ) ;
#3582 = ORIENTED_EDGE ( 'NONE', *, *, #172, .T. ) ;
#3583 = ORIENTED_EDGE ( 'NONE', *, *, #2473, .T. ) ;
#3584 = EDGE_CURVE ( 'NONE', #1717, #1752, #3689, .T. ) ;
#3585 = ADVANCED_FACE ( 'NONE', ( #3109 ), #4441, .F. ) ;
#3586 = DIRECTION ( 'NONE',  ( 0.000000000000000000, 0.000000000000000000, 1.000000000000000000 ) ) ;
#3587 = DIRECTION ( 'NONE',  ( 0.000000000000000000, 0.000000000000000000, 1.000000000000000000 ) ) ;
#3588 = DIRECTION ( 'NONE',  ( 0.000000000000000000, 0.000000000000000000, -1.000000000000000000 ) ) ;
#3589 = ORIENTED_EDGE ( 'NONE', *, *, #742, .T. ) ;
#3590 = AXIS2_PLACEMENT_3D ( 'NONE', #4370, #3683, #2621 ) ;
#3591 = CARTESIAN_POINT ( 'NONE',  ( 62.25000000000000000, 3.149999999999986144, 62.25000000000000000 ) ) ;
#3592 = DIRECTION ( 'NONE',  ( -0.000000000000000000, 1.000000000000000000, -0.000000000000000000 ) ) ;
#3593 = CALENDAR_DATE ( 2023, 17, 8 ) ;
#3594 = DIRECTION ( 'NONE',  ( 0.000000000000000000, 0.000000000000000000, -1.000000000000000000 ) ) ;
#3595 = ORIENTED_EDGE ( 'NONE', *, *, #1158, .F. ) ;
#3596 = PLANE ( 'NONE',  #2817 ) ;
#3597 = CARTESIAN_POINT ( 'NONE',  ( 63.75000000000002842, 1.899999999999999023, 63.75000000000001421 ) ) ;
#3598 = ORIENTED_EDGE ( 'NONE', *, *, #2594, .T. ) ;
#3599 = AXIS2_PLACEMENT_3D ( 'NONE', #2668, #4024, #947 ) ;
#3600 = DIRECTION ( 'NONE',  ( -0.000000000000000000, -1.000000000000000000, -0.000000000000000000 ) ) ;
#3601 = EDGE_LOOP ( 'NONE', ( #725, #3971, #690, #552 ) ) ;
#3602 = DIRECTION ( 'NONE',  ( 0.000000000000000000, 0.000000000000000000, -1.000000000000000000 ) ) ;
#3603 = PLANE ( 'NONE',  #2570 ) ;
#3604 = AXIS2_PLACEMENT_3D ( 'NONE', #569, #2951, #1551 ) ;
#3605 = DIRECTION ( 'NONE',  ( 1.541976423090495042E-15, -0.000000000000000000, 1.000000000000000000 ) ) ;
#3606 = DIRECTION ( 'NONE',  ( 1.000000000000000000, 0.000000000000000000, -1.541976423090493661E-15 ) ) ;
#3607 = EDGE_CURVE ( 'NONE', #1376, #3412, #996, .T. ) ;
#3608 = ORIENTED_EDGE ( 'NONE', *, *, #4304, .T. ) ;
#3609 = DIRECTION ( 'NONE',  ( -0.000000000000000000, 1.000000000000000000, -0.000000000000000000 ) ) ;
#3610 = VECTOR ( 'NONE', #1479, 1000.000000000000000 ) ;
#3611 = ORIENTED_EDGE ( 'NONE', *, *, #4457, .T. ) ;
#3612 = AXIS2_PLACEMENT_3D ( 'NONE', #3408, #686, #3064 ) ;
#3613 = DIRECTION ( 'NONE',  ( 0.000000000000000000, 0.000000000000000000, -1.000000000000000000 ) ) ;
#3614 = VECTOR ( 'NONE', #2189, 1000.000000000000000 ) ;
#3615 = CIRCLE ( 'NONE', #3491, 2.000000000000015543 ) ;
#3616 = CARTESIAN_POINT ( 'NONE',  ( 57.45000000000007390, 1.899999999999999023, 65.45000000000004547 ) ) ;
#3617 = PERSON_AND_ORGANIZATION ( #2749, #3239 ) ;
#3619 = VECTOR ( 'NONE', #3227, 1000.000000000000000 ) ;
#3618 = VECTOR ( 'NONE', #3090, 999.9999999999998863 ) ;
#3620 = ORIENTED_EDGE ( 'NONE', *, *, #3778, .T. ) ;
#3621 = DIRECTION ( 'NONE',  ( 1.000000000000000000, 0.000000000000000000, -0.000000000000000000 ) ) ;
#3622 = ADVANCED_FACE ( 'NONE', ( #361 ), #3155, .F. ) ;
#3623 = DIRECTION ( 'NONE',  ( -0.000000000000000000, 1.000000000000000000, -0.000000000000000000 ) ) ;
#3624 = ORIENTED_EDGE ( 'NONE', *, *, #3949, .F. ) ;
#3625 = DIRECTION ( 'NONE',  ( 0.000000000000000000, 1.000000000000000000, -0.000000000000000000 ) ) ;
#3626 = ORIENTED_EDGE ( 'NONE', *, *, #4309, .F. ) ;
#3627 = DIRECTION ( 'NONE',  ( -0.000000000000000000, -1.000000000000000000, -0.000000000000000000 ) ) ;
#3628 = ORIENTED_EDGE ( 'NONE', *, *, #34, .T. ) ;
#3629 = CARTESIAN_POINT ( 'NONE',  ( -66.45000000000004547, -18.09898987322328168, 56.95000000000006679 ) ) ;
#3630 = DIRECTION ( 'NONE',  ( -0.000000000000000000, -1.000000000000000000, -0.000000000000000000 ) ) ;
#3631 = ORIENTED_EDGE ( 'NONE', *, *, #3432, .T. ) ;
#3632 = CARTESIAN_POINT ( 'NONE',  ( 67.25000000000000000, 1.500000000000000000, 69.75000000000000000 ) ) ;
#3633 = ADVANCED_FACE ( 'NONE', ( #667 ), #705, .T. ) ;
#3634 = ORIENTED_EDGE ( 'NONE', *, *, #1459, .F. ) ;
#3635 = LINE ( 'NONE', #4053, #1623 ) ;
#3636 = VECTOR ( 'NONE', #4518, 1000.000000000000000 ) ;
#3637 = ADVANCED_FACE ( 'NONE', ( #4514 ), #2675, .F. ) ;
#3638 = EDGE_CURVE ( 'NONE', #3344, #3191, #999, .T. ) ;
#3639 = CARTESIAN_POINT ( 'NONE',  ( 65.45000000000005969, -18.09898987322328168, -56.95000000000006679 ) ) ;
#3640 = ORIENTED_EDGE ( 'NONE', *, *, #1180, .T. ) ;
#3641 = DIRECTION ( 'NONE',  ( 0.000000000000000000, 0.000000000000000000, 1.000000000000000000 ) ) ;
#3642 = LINE ( 'NONE', #936, #1726 ) ;
#3643 = ORIENTED_EDGE ( 'NONE', *, *, #3233, .F. ) ;
#3644 = DIRECTION ( 'NONE',  ( 0.000000000000000000, 0.000000000000000000, -1.000000000000000000 ) ) ;
#3645 = ORIENTED_EDGE ( 'NONE', *, *, #1277, .T. ) ;
#3646 = DIRECTION ( 'NONE',  ( -0.000000000000000000, -1.000000000000000000, -0.000000000000000000 ) ) ;
#3647 = EDGE_LOOP ( 'NONE', ( #3339, #2435, #724, #1309 ) ) ;
#3648 = DIRECTION ( 'NONE',  ( -1.000000000000000000, 0.000000000000000000, -1.541976423090493661E-15 ) ) ;
#3649 = CARTESIAN_POINT ( 'NONE',  ( 68.25000000000000000, 1.500000000000000000, 69.75000000000000000 ) ) ;
#3650 = CARTESIAN_POINT ( 'NONE',  ( 50.24999999999998579, 189.0178641211801107, -62.25000000000000000 ) ) ;
#3651 = CARTESIAN_POINT ( 'NONE',  ( 4.150000000000005684, 3.149999999999999911, 59.90000000000000568 ) ) ;
#3652 = ORIENTED_EDGE ( 'NONE', *, *, #3839, .F. ) ;
#3653 = DIRECTION ( 'NONE',  ( -1.000000000000000000, 0.000000000000000000, -0.000000000000000000 ) ) ;
#3654 = CARTESIAN_POINT ( 'NONE',  ( -62.25000000000000000, 3.149999999999986144, -62.25000000000000000 ) ) ;
#3655 = ADVANCED_FACE ( 'NONE', ( #620 ), #1723, .T. ) ;
#3656 = ORIENTED_EDGE ( 'NONE', *, *, #3832, .F. ) ;
#3657 = LINE ( 'NONE', #548, #3096 ) ;
#3658 = PRODUCT_RELATED_PRODUCT_CATEGORY ( 'detail', '', ( #3911 ) ) ;
#3659 = DIRECTION ( 'NONE',  ( -1.476360405086632427E-15, 0.000000000000000000, -1.000000000000000000 ) ) ;
#3660 = LINE ( 'NONE', #3332, #4434 ) ;
#3661 = CARTESIAN_POINT ( 'NONE',  ( -63.00000000000002842, 3.149999999999999911, -48.50000000000000000 ) ) ;
#3662 = AXIS2_PLACEMENT_3D ( 'NONE', #1963, #2787, #4503 ) ;
#3663 = CARTESIAN_POINT ( 'NONE',  ( 67.25000000000000000, 1.500000000000000000, 68.25000000000000000 ) ) ;
#3664 = EDGE_CURVE ( 'NONE', #4184, #937, #2447, .T. ) ;
#3665 = AXIS2_PLACEMENT_3D ( 'NONE', #4158, #1729, #1393 ) ;
#3666 = ORIENTED_EDGE ( 'NONE', *, *, #3775, .F. ) ;
#3667 = DIRECTION ( 'NONE',  ( -0.000000000000000000, 1.000000000000000000, -0.000000000000000000 ) ) ;
#3668 = LINE ( 'NONE', #3016, #2602 ) ;
#3669 = ADVANCED_FACE ( 'NONE', ( #3800 ), #3087, .F. ) ;
#3670 = FACE_OUTER_BOUND ( 'NONE', #2471, .T. ) ;
#3671 = ORIENTED_EDGE ( 'NONE', *, *, #4241, .F. ) ;
#3672 = DIRECTION ( 'NONE',  ( -0.000000000000000000, -0.000000000000000000, -1.000000000000000000 ) ) ;
#3673 = VERTEX_POINT ( 'NONE', #3730 ) ;
#3674 = CARTESIAN_POINT ( 'NONE',  ( -56.95000000000005258, 1.899999999999999023, 66.45000000000007390 ) ) ;
#3675 = ORIENTED_EDGE ( 'NONE', *, *, #1123, .T. ) ;
#3676 = LINE ( 'NONE', #176, #1934 ) ;
#3677 = CARTESIAN_POINT ( 'NONE',  ( -55.75000000000000711, 2.100000000000000089, -65.74999999999998579 ) ) ;
#3678 = VERTEX_POINT ( 'NONE', #4152 ) ;
#3679 = CARTESIAN_POINT ( 'NONE',  ( -55.75000000000000711, 5.149999999999987921, -65.74999999999998579 ) ) ;
#3680 = VECTOR ( 'NONE', #786, 1000.000000000000000 ) ;
#3681 = CARTESIAN_POINT ( 'NONE',  ( -64.95000000000004547, -18.09898987322328168, 57.45000000000007390 ) ) ;
#3682 = ORIENTED_EDGE ( 'NONE', *, *, #828, .T. ) ;
#3683 = DIRECTION ( 'NONE',  ( -1.387778780781444492E-15, 0.000000000000000000, 1.000000000000000000 ) ) ;
#3684 = CARTESIAN_POINT ( 'NONE',  ( 0.000000000000000000, 3.149999999999999911, -62.25000000000000000 ) ) ;
#3685 = DIRECTION ( 'NONE',  ( -1.000000000000000000, 0.000000000000000000, 0.000000000000000000 ) ) ;
#3686 = CIRCLE ( 'NONE', #3480, 1.399999999999998579 ) ;
#3687 = CARTESIAN_POINT ( 'NONE',  ( -56.95000000000005969, 2.200000000000000622, -66.45000000000005969 ) ) ;
#3688 = AXIS2_PLACEMENT_3D ( 'NONE', #1036, #2412, #5 ) ;
#3689 = LINE ( 'NONE', #312, #3123 ) ;
#3690 = AXIS2_PLACEMENT_3D ( 'NONE', #1741, #2076, #1296 ) ;
#3691 = VECTOR ( 'NONE', #517, 1000.000000000000000 ) ;
#3692 = ORIENTED_EDGE ( 'NONE', *, *, #3459, .T. ) ;
#3693 = VECTOR ( 'NONE', #286, 1000.000000000000000 ) ;
#3694 = EDGE_CURVE ( 'NONE', #2035, #2595, #2756, .T. ) ;
#3695 = CARTESIAN_POINT ( 'NONE',  ( -66.45000000000005969, 1.899999999999999023, -56.95000000000005969 ) ) ;
#3696 = ORIENTED_EDGE ( 'NONE', *, *, #280, .F. ) ;
#3697 = DIRECTION ( 'NONE',  ( 0.000000000000000000, 0.000000000000000000, -1.000000000000000000 ) ) ;
#3698 = VERTEX_POINT ( 'NONE', #1985 ) ;
#3699 = ORIENTED_EDGE ( 'NONE', *, *, #2937, .F. ) ;
#3700 = AXIS2_PLACEMENT_3D ( 'NONE', #3112, #268, #2801 ) ;
#3701 = EDGE_LOOP ( 'NONE', ( #1492, #4322, #1770, #2111 ) ) ;
#3702 = CARTESIAN_POINT ( 'NONE',  ( 6.938893903907228378E-15, 4.750000000000000000, 59.90000000000000568 ) ) ;
#3703 = DIRECTION ( 'NONE',  ( 1.000000000000000000, 0.000000000000000000, 1.541976423090495042E-15 ) ) ;
#3704 = EDGE_LOOP ( 'NONE', ( #105, #2103, #2400, #758, #3485, #2746, #2611, #3347 ) ) ;
#3705 = DIRECTION ( 'NONE',  ( 1.000000000000000000, 0.000000000000000000, 0.000000000000000000 ) ) ;
#3706 = DIRECTION ( 'NONE',  ( -0.000000000000000000, 1.000000000000000000, -0.000000000000000000 ) ) ;
#3707 = ORIENTED_EDGE ( 'NONE', *, *, #4153, .T. ) ;
#3708 = PLANE ( 'NONE',  #4392 ) ;
#3709 = CYLINDRICAL_SURFACE ( 'NONE', #833, 2.000000000000001776 ) ;
#3710 = FACE_OUTER_BOUND ( 'NONE', #3145, .T. ) ;
#3711 = AXIS2_PLACEMENT_3D ( 'NONE', #3702, #4451, #3441 ) ;
#3712 = DIRECTION ( 'NONE',  ( 0.000000000000000000, 0.000000000000000000, -1.000000000000000000 ) ) ;
#3713 = ORIENTED_EDGE ( 'NONE', *, *, #1025, .F. ) ;
#3714 = DIRECTION ( 'NONE',  ( 0.000000000000000000, 0.000000000000000000, 1.000000000000000000 ) ) ;
#3715 = CARTESIAN_POINT ( 'NONE',  ( -63.75000000000005684, 189.0178641211801107, -55.75000000000000711 ) ) ;
#3716 = ORIENTED_EDGE ( 'NONE', *, *, #3450, .F. ) ;
#3717 = DIRECTION ( 'NONE',  ( -1.000000000000000000, 0.000000000000000000, 2.533286496523707549E-16 ) ) ;
#3718 = ORIENTED_EDGE ( 'NONE', *, *, #3638, .F. ) ;
#3719 = VERTEX_POINT ( 'NONE', #1701 ) ;
#3720 = DIRECTION ( 'NONE',  ( -0.000000000000000000, 1.000000000000000000, -0.000000000000000000 ) ) ;
#3721 = CARTESIAN_POINT ( 'NONE',  ( 66.45000000000005969, -18.09898987322328168, -66.95000000000005969 ) ) ;
#3722 = ORIENTED_EDGE ( 'NONE', *, *, #958, .T. ) ;
#3723 = CARTESIAN_POINT ( 'NONE',  ( -57.45000000000005258, 2.200000000000000622, 65.45000000000007390 ) ) ;
#3724 = EDGE_CURVE ( 'NONE', #3066, #4164, #4060, .T. ) ;
#3725 = PLANE ( 'NONE',  #2279 ) ;
#3726 = DIRECTION ( 'NONE',  ( -0.000000000000000000, 1.000000000000000000, -0.000000000000000000 ) ) ;
#3727 = EDGE_CURVE ( 'NONE', #3543, #4447, #261, .T. ) ;
#3728 = ORIENTED_EDGE ( 'NONE', *, *, #3775, .T. ) ;
#3729 = CYLINDRICAL_SURFACE ( 'NONE', #526, 2.250000000000001776 ) ;
#3730 = CARTESIAN_POINT ( 'NONE',  ( -63.00000000000002842, 5.149999999999987921, -37.69999999999999574 ) ) ;
#3731 = VERTEX_POINT ( 'NONE', #1389 ) ;
#3732 = AXIS2_PLACEMENT_3D ( 'NONE', #3144, #4162, #322 ) ;
#3733 = CARTESIAN_POINT ( 'NONE',  ( 62.25000000000000000, 189.0178641211801107, 0.000000000000000000 ) ) ;
#3734 = CARTESIAN_POINT ( 'NONE',  ( 67.25000000000000000, 4.100000000000000533, 69.75000000000000000 ) ) ;
#3735 = DIRECTION ( 'NONE',  ( -0.000000000000000000, 1.000000000000000000, -0.000000000000000000 ) ) ;
#3736 = EDGE_LOOP ( 'NONE', ( #3374, #557, #1772, #3178, #928, #4140, #2450, #2824, #2581, #1521, #1528 ) ) ;
#3737 = CARTESIAN_POINT ( 'NONE',  ( -39.57413793103354749, 189.0178641211801107, 16.96034482758643236 ) ) ;
#3738 = ORIENTED_EDGE ( 'NONE', *, *, #2142, .F. ) ;
#3739 = DIRECTION ( 'NONE',  ( -1.000000000000000000, 0.000000000000000000, 0.000000000000000000 ) ) ;
#3740 = CARTESIAN_POINT ( 'NONE',  ( 6.938893903907228378E-15, 3.149999999999999911, 59.90000000000000568 ) ) ;
#3741 = EDGE_LOOP ( 'NONE', ( #3943, #2351, #2781, #2810 ) ) ;
#3742 = EDGE_LOOP ( 'NONE', ( #2821, #954, #3946, #352 ) ) ;
#3743 = CARTESIAN_POINT ( 'NONE',  ( 6.938893903907228378E-15, 4.750000000000000000, 59.90000000000000568 ) ) ;
#3744 = EDGE_CURVE ( 'NONE', #3578, #781, #3135, .T. ) ;
#3745 = VERTEX_POINT ( 'NONE', #2421 ) ;
#3746 = ORIENTED_EDGE ( 'NONE', *, *, #2886, .T. ) ;
#3747 = AXIS2_PLACEMENT_3D ( 'NONE', #2722, #683, #4148 ) ;
#3748 = CARTESIAN_POINT ( 'NONE',  ( 50.24999999999998579, 3.149999999999986144, -62.25000000000000000 ) ) ;
#3749 = CARTESIAN_POINT ( 'NONE',  ( 55.74999999999999289, 189.0178641211801107, -63.75000000000000000 ) ) ;
#3750 = DIRECTION ( 'NONE',  ( -0.000000000000000000, -1.000000000000000000, -0.000000000000000000 ) ) ;
#3751 = LINE ( 'NONE', #2073, #1352 ) ;
#3752 = AXIS2_PLACEMENT_3D ( 'NONE', #3681, #3354, #227 ) ;
#3753 = CARTESIAN_POINT ( 'NONE',  ( -66.95000000000005969, -18.09898987322328168, 57.45000000000007390 ) ) ;
#3754 = LINE ( 'NONE', #644, #50 ) ;
#3755 = EDGE_CURVE ( 'NONE', #3745, #171, #2699, .T. ) ;
#3756 = ORIENTED_EDGE ( 'NONE', *, *, #2473, .F. ) ;
#3757 = AXIS2_PLACEMENT_3D ( 'NONE', #2117, #3550, #1802 ) ;
#3758 = DIRECTION ( 'NONE',  ( 1.000000000000000000, 0.000000000000000000, 0.000000000000000000 ) ) ;
#3759 = ORIENTED_EDGE ( 'NONE', *, *, #1599, .T. ) ;
#3760 = AXIS2_PLACEMENT_3D ( 'NONE', #522, #4023, #898 ) ;
#3761 = CARTESIAN_POINT ( 'NONE',  ( 0.000000000000000000, 189.0178641211801107, 62.25000000000000000 ) ) ;
#3762 = EDGE_CURVE ( 'NONE', #4376, #3877, #2356, .T. ) ;
#3763 = VECTOR ( 'NONE', #4181, 1000.000000000000000 ) ;
#3764 = DIRECTION ( 'NONE',  ( -0.000000000000000000, -1.000000000000000000, -0.000000000000000000 ) ) ;
#3765 = DIRECTION ( 'NONE',  ( -0.000000000000000000, 1.000000000000000000, -0.000000000000000000 ) ) ;
#3766 = DIRECTION ( 'NONE',  ( -0.000000000000000000, -1.000000000000000000, -0.000000000000000000 ) ) ;
#3767 = VECTOR ( 'NONE', #1253, 1000.000000000000000 ) ;
#3768 = VERTEX_POINT ( 'NONE', #3591 ) ;
#3769 = ORIENTED_EDGE ( 'NONE', *, *, #1873, .F. ) ;
#3770 = CARTESIAN_POINT ( 'NONE',  ( -63.00000000000002842, 5.149999999999987921, 0.000000000000000000 ) ) ;
#3771 = VECTOR ( 'NONE', #66, 1000.000000000000000 ) ;
#3772 = ORIENTED_EDGE ( 'NONE', *, *, #1982, .F. ) ;
#3773 = VERTEX_POINT ( 'NONE', #4234 ) ;
#3774 = FACE_OUTER_BOUND ( 'NONE', #3704, .T. ) ;
#3775 = EDGE_CURVE ( 'NONE', #3113, #4376, #2661, .T. ) ;
#3776 = FACE_OUTER_BOUND ( 'NONE', #190, .T. ) ;
#3777 = CARTESIAN_POINT ( 'NONE',  ( -57.45000000000005258, 2.200000000000000622, 64.95000000000007390 ) ) ;
#3778 = EDGE_CURVE ( 'NONE', #3535, #1305, #111, .T. ) ;
#3779 = CARTESIAN_POINT ( 'NONE',  ( -63.74999999999997158, 189.0178641211801107, 55.75000000000000000 ) ) ;
#3780 = ADVANCED_FACE ( 'NONE', ( #2155 ), #3908, .F. ) ;
#3781 = ORIENTED_EDGE ( 'NONE', *, *, #2173, .F. ) ;
#3782 = AXIS2_PLACEMENT_3D ( 'NONE', #1059, #722, #4507 ) ;
#3783 = LINE ( 'NONE', #709, #348 ) ;
#3784 = ORIENTED_EDGE ( 'NONE', *, *, #1152, .F. ) ;
#3785 = LINE ( 'NONE', #3479, #2490 ) ;
#3786 = AXIS2_PLACEMENT_3D ( 'NONE', #1308, #2340, #2320 ) ;
#3787 = DIRECTION ( 'NONE',  ( -1.000000000000000000, 0.000000000000000000, 0.000000000000000000 ) ) ;
#3788 = LINE ( 'NONE', #2458, #2297 ) ;
#3789 = CARTESIAN_POINT ( 'NONE',  ( 56.95000000000006679, 2.200000000000000622, 65.45000000000004547 ) ) ;
#3790 = ORIENTED_EDGE ( 'NONE', *, *, #91, .T. ) ;
#3791 = CARTESIAN_POINT ( 'NONE',  ( -67.74999999999945999, 4.100000000000000533, 5.641320743876531233E-13 ) ) ;
#3792 = FACE_BOUND ( 'NONE', #1821, .T. ) ;
#3793 = ORIENTED_EDGE ( 'NONE', *, *, #2859, .F. ) ;
#3794 = ORIENTED_EDGE ( 'NONE', *, *, #1408, .F. ) ;
#3795 = LINE ( 'NONE', #1340, #851 ) ;
#3796 = CARTESIAN_POINT ( 'NONE',  ( 67.75000000000000000, 4.100000000000000533, -55.75000000000000711 ) ) ;
#3797 = DIRECTION ( 'NONE',  ( -0.000000000000000000, 1.000000000000000000, -0.000000000000000000 ) ) ;
#3798 = ADVANCED_FACE ( 'NONE', ( #3531 ), #446, .F. ) ;
#3799 = CC_DESIGN_PERSON_AND_ORGANIZATION_ASSIGNMENT ( #2143, #1095, ( #2162 ) ) ;
#3800 = FACE_OUTER_BOUND ( 'NONE', #3742, .T. ) ;
#3801 = ORIENTED_EDGE ( 'NONE', *, *, #4119, .F. ) ;
#3802 = ADVANCED_FACE ( 'NONE', ( #470 ), #1845, .T. ) ;
#3803 = CIRCLE ( 'NONE', #2413, 1.500000000000001332 ) ;
#3804 = DIRECTION ( 'NONE',  ( 0.000000000000000000, 0.000000000000000000, 1.000000000000000000 ) ) ;
#3805 = VERTEX_POINT ( 'NONE', #1446 ) ;
#3806 = CARTESIAN_POINT ( 'NONE',  ( 6.938893903907228378E-15, 4.750000000000000000, 59.90000000000000568 ) ) ;
#3807 = VECTOR ( 'NONE', #1475, 1000.000000000000000 ) ;
#3808 = APPROVAL_PERSON_ORGANIZATION ( #1877, #3002, #2552 ) ;
#3809 = DIRECTION ( 'NONE',  ( 0.000000000000000000, 0.000000000000000000, -1.000000000000000000 ) ) ;
#3810 = PLANE ( 'NONE',  #3662 ) ;
#3811 = ORIENTED_EDGE ( 'NONE', *, *, #4350, .F. ) ;
#3812 = CYLINDRICAL_SURFACE ( 'NONE', #2806, 4.150000000000001243 ) ;
#3813 = VERTEX_POINT ( 'NONE', #1486 ) ;
#3814 = VERTEX_POINT ( 'NONE', #3199 ) ;
#3815 = CARTESIAN_POINT ( 'NONE',  ( 0.000000000000000000, 5.149999999999987921, -62.25000000000000000 ) ) ;
#3816 = CARTESIAN_POINT ( 'NONE',  ( 64.95000000000005969, 1.899999999999999023, -57.45000000000007390 ) ) ;
#3817 = VECTOR ( 'NONE', #4366, 1000.000000000000000 ) ;
#3818 = CARTESIAN_POINT ( 'NONE',  ( 55.75000000000000711, 4.100000000000000533, 65.75000000000000000 ) ) ;
#3819 = VECTOR ( 'NONE', #377, 1000.000000000000000 ) ;
#3820 = VERTEX_POINT ( 'NONE', #1822 ) ;
#3821 = DIRECTION ( 'NONE',  ( -1.000000000000000000, 0.000000000000000000, -7.381802025433162136E-16 ) ) ;
#3822 = ORIENTED_EDGE ( 'NONE', *, *, #12, .F. ) ;
#3823 = DIRECTION ( 'NONE',  ( -0.000000000000000000, -1.000000000000000000, 0.000000000000000000 ) ) ;
#3824 = ADVANCED_FACE ( 'NONE', ( #1088 ), #422, .F. ) ;
#3825 = FACE_BOUND ( 'NONE', #2172, .T. ) ;
#3826 = ORIENTED_EDGE ( 'NONE', *, *, #3492, .T. ) ;
#3827 = LINE ( 'NONE', #2088, #3879 ) ;
#3828 = ORIENTED_EDGE ( 'NONE', *, *, #360, .F. ) ;
#3829 = VERTEX_POINT ( 'NONE', #1407 ) ;
#3830 = CIRCLE ( 'NONE', #4418, 0.5000000000000004441 ) ;
#3831 = DIRECTION ( 'NONE',  ( -0.9191450300180488142, 0.000000000000000000, 0.3939192985791887258 ) ) ;
#3832 = EDGE_CURVE ( 'NONE', #98, #2151, #4276, .T. ) ;
#3833 = DIRECTION ( 'NONE',  ( 0.000000000000000000, 1.000000000000000000, -0.000000000000000000 ) ) ;
#3834 = VECTOR ( 'NONE', #1423, 1000.000000000000000 ) ;
#3835 = VECTOR ( 'NONE', #3918, 1000.000000000000000 ) ;
#3836 = EDGE_LOOP ( 'NONE', ( #2584, #1842, #468, #101 ) ) ;
#3837 = VERTEX_POINT ( 'NONE', #398 ) ;
#3838 = DIRECTION ( 'NONE',  ( 0.000000000000000000, 0.000000000000000000, 1.000000000000000000 ) ) ;
#3839 = EDGE_CURVE ( 'NONE', #1305, #579, #30, .T. ) ;
#3840 = DIRECTION ( 'NONE',  ( -1.000000000000000000, 0.000000000000000000, 0.000000000000000000 ) ) ;
#3841 = VECTOR ( 'NONE', #2583, 1000.000000000000000 ) ;
#3842 = EDGE_CURVE ( 'NONE', #1509, #1434, #2740, .T. ) ;
#3843 = PLANE ( 'NONE',  #3194 ) ;
#3844 = ORIENTED_EDGE ( 'NONE', *, *, #1306, .F. ) ;
#3845 = VECTOR ( 'NONE', #4125, 1000.000000000000000 ) ;
#3846 = FACE_OUTER_BOUND ( 'NONE', #4510, .T. ) ;
#3847 = ORIENTED_EDGE ( 'NONE', *, *, #1214, .F. ) ;
#3848 = LINE ( 'NONE', #673, #824 ) ;
#3849 = DIRECTION ( 'NONE',  ( 0.000000000000000000, 0.000000000000000000, -1.000000000000000000 ) ) ;
#3850 = VERTEX_POINT ( 'NONE', #1424 ) ;
#3851 = EDGE_CURVE ( 'NONE', #2930, #792, #2819, .T. ) ;
#3852 = ADVANCED_FACE ( 'NONE', ( #3885 ), #3843, .T. ) ;
#3853 = LINE ( 'NONE', #714, #2744 ) ;
#3854 = VECTOR ( 'NONE', #4011, 1000.000000000000000 ) ;
#3855 = APPROVAL ( #1132, '未指定' ) ;
#3856 = FACE_OUTER_BOUND ( 'NONE', #1452, .T. ) ;
#3857 = ORIENTED_EDGE ( 'NONE', *, *, #3434, .F. ) ;
#3858 = ORIENTED_EDGE ( 'NONE', *, *, #1625, .F. ) ;
#3859 = CARTESIAN_POINT ( 'NONE',  ( 67.74999999999990052, 4.100000000000000533, -9.402201239794288141E-14 ) ) ;
#3860 = EDGE_CURVE ( 'NONE', #2858, #1066, #1759, .T. ) ;
#3861 = VERTEX_POINT ( 'NONE', #763 ) ;
#3862 = LINE ( 'NONE', #1386, #372 ) ;
#3863 = EDGE_CURVE ( 'NONE', #3805, #3878, #3546, .T. ) ;
#3864 = DIRECTION ( 'NONE',  ( -0.000000000000000000, 1.000000000000000000, -0.000000000000000000 ) ) ;
#3865 = ORIENTED_EDGE ( 'NONE', *, *, #504, .F. ) ;
#3866 = FACE_OUTER_BOUND ( 'NONE', #866, .T. ) ;
#3867 = ORIENTED_EDGE ( 'NONE', *, *, #4437, .T. ) ;
#3868 = COORDINATED_UNIVERSAL_TIME_OFFSET ( 8, 0, .AHEAD. ) ;
#3869 = DIRECTION ( 'NONE',  ( -0.000000000000000000, 1.000000000000000000, -0.000000000000000000 ) ) ;
#3870 = CARTESIAN_POINT ( 'NONE',  ( 55.75000000000001421, 1.899999999999999023, 65.74999999999998579 ) ) ;
#3871 = ORIENTED_EDGE ( 'NONE', *, *, #2623, .T. ) ;
#3872 = CARTESIAN_POINT ( 'NONE',  ( 67.74999999999998579, 4.100000000000000533, 55.74999999999999289 ) ) ;
#3873 = EDGE_CURVE ( 'NONE', #1236, #3990, #379, .T. ) ;
#3874 = CARTESIAN_POINT ( 'NONE',  ( 0.000000000000000000, 3.149999999999999911, -63.00000000000004263 ) ) ;
#3875 = CARTESIAN_POINT ( 'NONE',  ( -62.25000000000000000, 189.0178641211801107, -62.25000000000000000 ) ) ;
#3876 = CYLINDRICAL_SURFACE ( 'NONE', #3732, 0.5000000000000143219 ) ;
#3877 = VERTEX_POINT ( 'NONE', #1130 ) ;
#3878 = VERTEX_POINT ( 'NONE', #2600 ) ;
#3879 = VECTOR ( 'NONE', #3505, 1000.000000000000000 ) ;
#3880 = CARTESIAN_POINT ( 'NONE',  ( -65.75000000000000000, 1.899999999999999023, 53.75000000000004974 ) ) ;
#3881 = ORIENTED_EDGE ( 'NONE', *, *, #991, .T. ) ;
#3882 = LINE ( 'NONE', #3925, #2448 ) ;
#3883 = LOCAL_TIME ( 0, 4, 37.00000000000000000, #2892 ) ;
#3884 = ADVANCED_FACE ( 'NONE', ( #595 ), #209, .F. ) ;
#3885 = FACE_OUTER_BOUND ( 'NONE', #3217, .T. ) ;
#3886 = ADVANCED_FACE ( 'NONE', ( #1918 ), #574, .F. ) ;
#3887 = EDGE_CURVE ( 'NONE', #1380, #3322, #2135, .T. ) ;
#3888 = EDGE_LOOP ( 'NONE', ( #8, #3643, #4319, #3871 ) ) ;
#3889 = DIRECTION ( 'NONE',  ( 0.000000000000000000, 0.000000000000000000, -1.000000000000000000 ) ) ;
#3890 = APPROVAL_DATE_TIME ( #4220, #3855 ) ;
#3891 = CIRCLE ( 'NONE', #1920, 1.999999999999988010 ) ;
#3892 = DIRECTION ( 'NONE',  ( -0.000000000000000000, 1.000000000000000000, -0.000000000000000000 ) ) ;
#3893 = VERTEX_POINT ( 'NONE', #3356 ) ;
#3894 = CARTESIAN_POINT ( 'NONE',  ( 57.45000000000005969, -18.09898987322328168, -64.95000000000005969 ) ) ;
#3895 = LINE ( 'NONE', #3209, #3771 ) ;
#3896 = EDGE_LOOP ( 'NONE', ( #3111, #2313, #4379, #4116 ) ) ;
#3897 = DIRECTION ( 'NONE',  ( -0.000000000000000000, -1.000000000000000000, -0.000000000000000000 ) ) ;
#3898 = ORIENTED_EDGE ( 'NONE', *, *, #2718, .T. ) ;
#3899 = ORIENTED_EDGE ( 'NONE', *, *, #2860, .T. ) ;
#3900 = CARTESIAN_POINT ( 'NONE',  ( -57.45000000000006679, 2.200000000000000622, -66.95000000000007390 ) ) ;
#3901 = DIRECTION ( 'NONE',  ( 0.000000000000000000, 0.000000000000000000, -1.000000000000000000 ) ) ;
#3902 = AXIS2_PLACEMENT_3D ( 'NONE', #3972, #1222, #3262 ) ;
#3903 = EDGE_LOOP ( 'NONE', ( #413, #383, #1188, #1233, #2540, #4357, #3769, #3666, #3738, #1601, #86 ) ) ;
#3904 = VECTOR ( 'NONE', #3587, 1000.000000000000000 ) ;
#3905 = CARTESIAN_POINT ( 'NONE',  ( 0.000000000000000000, 2.100000000000000089, -64.30000000000002558 ) ) ;
#3906 = CARTESIAN_POINT ( 'NONE',  ( -55.75000000000000000, 5.149999999999987921, 65.75000000000000000 ) ) ;
#3907 = CIRCLE ( 'NONE', #2820, 2.250000000000001776 ) ;
#3908 = CYLINDRICAL_SURFACE ( 'NONE', #2960, 1.999999999999988010 ) ;
#3909 = CIRCLE ( 'NONE', #2079, 0.5000000000000004441 ) ;
#3910 = CC_DESIGN_DATE_AND_TIME_ASSIGNMENT ( #3914, #451, ( #2162 ) ) ;
#3911 = PRODUCT ( 'Sinar_Standard_Lensboard', 'Sinar_Standard_Lensboard', '', ( #2515 ) ) ;
#3912 = CARTESIAN_POINT ( 'NONE',  ( 0.000000000000000000, 3.149999999999999911, 62.25000000000000000 ) ) ;
#3913 = EDGE_CURVE ( 'NONE', #2767, #760, #1582, .T. ) ;
#3914 = DATE_AND_TIME ( #1468, #4033 ) ;
#3915 = CARTESIAN_POINT ( 'NONE',  ( -66.45000000000004547, -18.09898987322328168, 66.45000000000007390 ) ) ;
#3916 = ORIENTED_EDGE ( 'NONE', *, *, #1714, .F. ) ;
#3917 = DIRECTION ( 'NONE',  ( -0.000000000000000000, 1.000000000000000000, -0.000000000000000000 ) ) ;
#3918 = DIRECTION ( 'NONE',  ( -0.000000000000000000, -1.000000000000000000, -0.000000000000000000 ) ) ;
#3919 = CARTESIAN_POINT ( 'NONE',  ( -55.75000000000000711, 1.899999999999999023, -63.75000000000005684 ) ) ;
#3920 = EDGE_LOOP ( 'NONE', ( #3544, #3303, #2739, #3355, #250, #1614, #3157, #1893, #3867, #1869, #3277 ) ) ;
#3921 = ORIENTED_EDGE ( 'NONE', *, *, #498, .F. ) ;
#3922 = LINE ( 'NONE', #3629, #3691 ) ;
#3923 = VECTOR ( 'NONE', #4037, 1000.000000000000000 ) ;
#3924 = ORIENTED_EDGE ( 'NONE', *, *, #2628, .F. ) ;
#3925 = CARTESIAN_POINT ( 'NONE',  ( 39.57413793103403066, 3.149999999999999911, -16.96034482758632578 ) ) ;
#3926 = VECTOR ( 'NONE', #565, 1000.000000000000000 ) ;
#3927 = CARTESIAN_POINT ( 'NONE',  ( 65.75000000000000000, 4.100000000000000533, 55.74999999999999289 ) ) ;
#3928 = CARTESIAN_POINT ( 'NONE',  ( 0.000000000000000000, 2.100000000000000089, 0.000000000000000000 ) ) ;
#3929 = DIRECTION ( 'NONE',  ( -6.938893903907221278E-15, 0.000000000000000000, -1.000000000000000000 ) ) ;
#3930 = CARTESIAN_POINT ( 'NONE',  ( 64.30000000000002558, 189.0178641211801107, -8.205818371520145207E-15 ) ) ;
#3931 = SECURITY_CLASSIFICATION_LEVEL ( 'unclassified' ) ;
#3932 = ORIENTED_EDGE ( 'NONE', *, *, #808, .T. ) ;
#3933 = DIRECTION ( 'NONE',  ( -0.000000000000000000, -1.000000000000000000, -0.000000000000000000 ) ) ;
#3934 = EDGE_CURVE ( 'NONE', #1728, #4184, #3635, .T. ) ;
#3935 = LINE ( 'NONE', #3228, #3340 ) ;
#3936 = ORIENTED_EDGE ( 'NONE', *, *, #2772, .T. ) ;
#3937 = CYLINDRICAL_SURFACE ( 'NONE', #2550, 2.500000000000002220 ) ;
#3938 = ORIENTED_EDGE ( 'NONE', *, *, #3461, .T. ) ;
#3939 = CARTESIAN_POINT ( 'NONE',  ( -67.75000000000000000, 1.899999999999999023, -67.75000000000000000 ) ) ;
#3940 = ADVANCED_FACE ( 'NONE', ( #2228 ), #1894, .F. ) ;
#3941 = CARTESIAN_POINT ( 'NONE',  ( -50.24999999999998579, 5.149999999999987921, 62.25000000000000000 ) ) ;
#3942 = DIRECTION ( 'NONE',  ( -1.000000000000000000, 0.000000000000000000, 2.775557561562888984E-15 ) ) ;
#3943 = ORIENTED_EDGE ( 'NONE', *, *, #2859, .T. ) ;
#3944 = AXIS2_PLACEMENT_3D ( 'NONE', #756, #2124, #1162 ) ;
#3945 = AXIS2_PLACEMENT_3D ( 'NONE', #3806, #3114, #4497 ) ;
#3946 = ORIENTED_EDGE ( 'NONE', *, *, #2887, .F. ) ;
#3947 = CARTESIAN_POINT ( 'NONE',  ( -67.74999999999990052, 1.899999999999999023, 55.75000000000002132 ) ) ;
#3948 = CARTESIAN_POINT ( 'NONE',  ( 57.45000000000007390, -18.09898987322328168, 65.45000000000004547 ) ) ;
#3949 = EDGE_CURVE ( 'NONE', #3298, #45, #4323, .T. ) ;
#3950 = CARTESIAN_POINT ( 'NONE',  ( -56.95000000000005969, 2.200000000000000622, -66.45000000000005969 ) ) ;
#3951 = VERTEX_POINT ( 'NONE', #3331 ) ;
#3952 = LINE ( 'NONE', #64, #2294 ) ;
#3953 = DIRECTION ( 'NONE',  ( 0.000000000000000000, 0.000000000000000000, 1.000000000000000000 ) ) ;
#3954 = VERTEX_POINT ( 'NONE', #1555 ) ;
#3955 = AXIS2_PLACEMENT_3D ( 'NONE', #2690, #154, #4388 ) ;
#3956 = CARTESIAN_POINT ( 'NONE',  ( 6.938893903907228378E-15, 4.750000000000000000, 61.30000000000000426 ) ) ;
#3957 = ORIENTED_EDGE ( 'NONE', *, *, #3233, .T. ) ;
#3958 = CARTESIAN_POINT ( 'NONE',  ( -66.45000000000004547, 2.200000000000000622, 56.95000000000006679 ) ) ;
#3959 = EDGE_CURVE ( 'NONE', #3493, #3444, #385, .T. ) ;
#3960 = ORIENTED_EDGE ( 'NONE', *, *, #4513, .T. ) ;
#3961 = DIRECTION ( 'NONE',  ( -0.000000000000000000, 1.000000000000000000, -0.000000000000000000 ) ) ;
#3962 = DIRECTION ( 'NONE',  ( 0.000000000000000000, 1.000000000000000000, -0.000000000000000000 ) ) ;
#3963 = VECTOR ( 'NONE', #823, 1000.000000000000000 ) ;
#3964 = CARTESIAN_POINT ( 'NONE',  ( -69.75000000000000000, 1.500000000000000000, 68.25000000000000000 ) ) ;
#3965 = CARTESIAN_POINT ( 'NONE',  ( -67.50000000000001421, 4.100000000000000533, -8.549841925767509355E-15 ) ) ;
#3966 = ADVANCED_FACE ( 'NONE', ( #903 ), #3288, .F. ) ;
#3967 = ORIENTED_EDGE ( 'NONE', *, *, #3863, .T. ) ;
#3968 = EDGE_CURVE ( 'NONE', #1333, #3983, #3657, .T. ) ;
#3969 = ORIENTED_EDGE ( 'NONE', *, *, #2134, .T. ) ;
#3970 = VECTOR ( 'NONE', #2618, 1000.000000000000000 ) ;
#3971 = ORIENTED_EDGE ( 'NONE', *, *, #855, .T. ) ;
#3972 = CARTESIAN_POINT ( 'NONE',  ( -66.45000000000005969, 2.200000000000000622, -57.45000000000006679 ) ) ;
#3973 = DIRECTION ( 'NONE',  ( 0.000000000000000000, 0.000000000000000000, -1.000000000000000000 ) ) ;
#3974 = FACE_OUTER_BOUND ( 'NONE', #1477, .T. ) ;
#3975 = DIRECTION ( 'NONE',  ( 1.000000000000000000, 0.000000000000000000, 5.782411586589355667E-15 ) ) ;
#3976 = VECTOR ( 'NONE', #1612, 1000.000000000000000 ) ;
#3977 = CARTESIAN_POINT ( 'NONE',  ( 66.45000000000007390, 2.200000000000000622, 66.45000000000004547 ) ) ;
#3978 = DIRECTION ( 'NONE',  ( -0.000000000000000000, 1.000000000000000000, -0.000000000000000000 ) ) ;
#3979 = AXIS2_PLACEMENT_3D ( 'NONE', #2795, #3218, #135 ) ;
#3980 = AXIS2_PLACEMENT_3D ( 'NONE', #2043, #389, #3521 ) ;
#3981 = CARTESIAN_POINT ( 'NONE',  ( 65.45000000000005969, 2.200000000000000622, -57.45000000000007390 ) ) ;
#3982 = AXIS2_PLACEMENT_3D ( 'NONE', #1989, #1375, #4465 ) ;
#3983 = VERTEX_POINT ( 'NONE', #1248 ) ;
#3984 = DIRECTION ( 'NONE',  ( 0.000000000000000000, 0.000000000000000000, 1.000000000000000000 ) ) ;
#3985 = ORIENTED_EDGE ( 'NONE', *, *, #4478, .F. ) ;
#3986 = CARTESIAN_POINT ( 'NONE',  ( -67.25000000000000000, 0.000000000000000000, 68.25000000000000000 ) ) ;
#3987 = ORIENTED_EDGE ( 'NONE', *, *, #1300, .F. ) ;
#3988 = PLANE ( 'NONE',  #2505 ) ;
#3989 = VECTOR ( 'NONE', #1793, 1000.000000000000000 ) ;
#3990 = VERTEX_POINT ( 'NONE', #2277 ) ;
#3991 = DIRECTION ( 'NONE',  ( 0.3939192985791800106, 0.000000000000000000, 0.9191450300180527000 ) ) ;
#3992 = DIRECTION ( 'NONE',  ( 0.000000000000000000, 1.000000000000000000, -0.000000000000000000 ) ) ;
#3993 = CARTESIAN_POINT ( 'NONE',  ( 66.45000000000007390, -18.09898987322328168, 66.95000000000004547 ) ) ;
#3994 = CC_DESIGN_PERSON_AND_ORGANIZATION_ASSIGNMENT ( #121, #2914, ( #4110 ) ) ;
#3995 = ORIENTED_EDGE ( 'NONE', *, *, #2285, .F. ) ;
#3996 = DIRECTION ( 'NONE',  ( -0.9191450300180527000, 0.000000000000000000, -0.3939192985791800106 ) ) ;
#3997 = CYLINDRICAL_SURFACE ( 'NONE', #1485, 0.5000000000000143219 ) ;
#3998 = AXIS2_PLACEMENT_3D ( 'NONE', #4500, #320, #2041 ) ;
#3999 = LINE ( 'NONE', #1009, #3636 ) ;
#4000 = ADVANCED_FACE ( 'NONE', ( #929 ), #2985, .F. ) ;
#4001 = LINE ( 'NONE', #229, #2371 ) ;
#4002 = ORIENTED_EDGE ( 'NONE', *, *, #720, .F. ) ;
#4003 = DIRECTION ( 'NONE',  ( 2.775557561562884646E-15, -0.000000000000000000, 1.000000000000000000 ) ) ;
#4004 = AXIS2_PLACEMENT_3D ( 'NONE', #3677, #605, #201 ) ;
#4005 = CARTESIAN_POINT ( 'NONE',  ( 0.000000000000000000, 5.149999999999987921, 62.25000000000000000 ) ) ;
#4006 = EDGE_CURVE ( 'NONE', #3719, #2179, #4028, .T. ) ;
#4007 = ADVANCED_FACE ( 'NONE', ( #4391 ), #3708, .T. ) ;
#4008 = DIRECTION ( 'NONE',  ( 0.000000000000000000, -1.000000000000000000, 0.000000000000000000 ) ) ;
#4009 = VERTEX_POINT ( 'NONE', #3947 ) ;
#4010 = LINE ( 'NONE', #531, #645 ) ;
#4011 = DIRECTION ( 'NONE',  ( -1.000000000000000000, 0.000000000000000000, 0.000000000000000000 ) ) ;
#4012 = DIRECTION ( 'NONE',  ( 1.000000000000000000, 0.000000000000000000, -6.938893903907226800E-15 ) ) ;
#4013 = ORIENTED_EDGE ( 'NONE', *, *, #2800, .F. ) ;
#4014 = DIRECTION ( 'NONE',  ( -8.095376221225101878E-15, 0.000000000000000000, -1.000000000000000000 ) ) ;
#4015 = ORIENTED_EDGE ( 'NONE', *, *, #3069, .F. ) ;
#4016 = ADVANCED_FACE ( 'NONE', ( #2204 ), #2933, .T. ) ;
#4017 = ORIENTED_EDGE ( 'NONE', *, *, #2481, .T. ) ;
#4018 = DIRECTION ( 'NONE',  ( -0.000000000000000000, 1.000000000000000000, -0.000000000000000000 ) ) ;
#4019 = DIRECTION ( 'NONE',  ( 0.000000000000000000, 0.000000000000000000, -1.000000000000000000 ) ) ;
#4020 = FACE_OUTER_BOUND ( 'NONE', #1696, .T. ) ;
#4021 = EDGE_LOOP ( 'NONE', ( #2038, #837, #3084, #1904 ) ) ;
#4022 = EDGE_CURVE ( 'NONE', #3465, #4206, #501, .T. ) ;
#4023 = DIRECTION ( 'NONE',  ( 0.000000000000000000, 0.000000000000000000, -1.000000000000000000 ) ) ;
#4024 = DIRECTION ( 'NONE',  ( -0.000000000000000000, 1.000000000000000000, -0.000000000000000000 ) ) ;
#4025 = VECTOR ( 'NONE', #1501, 1000.000000000000000 ) ;
#4026 = ORIENTED_EDGE ( 'NONE', *, *, #3035, .T. ) ;
#4027 = CARTESIAN_POINT ( 'NONE',  ( 66.45000000000007390, 2.200000000000000622, 56.95000000000005969 ) ) ;
#4028 = CIRCLE ( 'NONE', #2861, 1.999999999999988010 ) ;
#4029 = LINE ( 'NONE', #2790, #349 ) ;
#4030 = ADVANCED_FACE ( 'NONE', ( #1079 ), #716, .T. ) ;
#4031 = DIRECTION ( 'NONE',  ( -0.000000000000000000, -1.000000000000000000, -0.000000000000000000 ) ) ;
#4032 = CARTESIAN_POINT ( 'NONE',  ( 55.75000000000001421, 1.899999999999999023, 63.75000000000005684 ) ) ;
#4033 = LOCAL_TIME ( 0, 4, 37.00000000000000000, #835 ) ;
#4034 = LINE ( 'NONE', #1198, #571 ) ;
#4035 = VECTOR ( 'NONE', #3520, 1000.000000000000000 ) ;
#4036 = ORIENTED_EDGE ( 'NONE', *, *, #731, .T. ) ;
#4037 = DIRECTION ( 'NONE',  ( -0.000000000000000000, 1.000000000000000000, -0.000000000000000000 ) ) ;
#4038 = CARTESIAN_POINT ( 'NONE',  ( 0.000000000000000000, 2.100000000000000089, 0.000000000000000000 ) ) ;
#4039 = ORIENTED_EDGE ( 'NONE', *, *, #2485, .T. ) ;
#4040 = LINE ( 'NONE', #559, #231 ) ;
#4041 = EDGE_LOOP ( 'NONE', ( #1052, #1445, #2154, #1702 ) ) ;
#4042 = DIRECTION ( 'NONE',  ( -1.000000000000000000, 0.000000000000000000, -0.000000000000000000 ) ) ;
#4043 = EDGE_LOOP ( 'NONE', ( #2457, #2372, #3284, #2996, #39, #1499, #1316, #3567, #3790, #4036, #3932 ) ) ;
#4044 = FACE_OUTER_BOUND ( 'NONE', #221, .T. ) ;
#4045 = LINE ( 'NONE', #1693, #2161 ) ;
#4046 = EDGE_CURVE ( 'NONE', #3814, #4085, #676, .T. ) ;
#4047 = ORIENTED_EDGE ( 'NONE', *, *, #2094, .T. ) ;
#4048 = CARTESIAN_POINT ( 'NONE',  ( -66.45000000000005969, -18.09898987322328168, -56.95000000000005969 ) ) ;
#4049 = VECTOR ( 'NONE', #386, 1000.000000000000000 ) ;
#4050 = EDGE_CURVE ( 'NONE', #13, #2068, #301, .T. ) ;
#4051 = CARTESIAN_POINT ( 'NONE',  ( 54.37250226860446389, 2.100000000000000977, -64.30000000000002558 ) ) ;
#4052 = ORIENTED_EDGE ( 'NONE', *, *, #319, .T. ) ;
#4053 = CARTESIAN_POINT ( 'NONE',  ( -55.75000000000000711, 189.0178641211801107, -63.75000000000005684 ) ) ;
#4054 = DIRECTION ( 'NONE',  ( 0.000000000000000000, 0.000000000000000000, -1.000000000000000000 ) ) ;
#4055 = DIRECTION ( 'NONE',  ( -1.000000000000000000, 0.000000000000000000, 0.000000000000000000 ) ) ;
#4056 = LINE ( 'NONE', #995, #1321 ) ;
#4057 = CIRCLE ( 'NONE', #3261, 0.5000000000000004441 ) ;
#4058 = ADVANCED_FACE ( 'NONE', ( #2832 ), #3876, .T. ) ;
#4059 = CARTESIAN_POINT ( 'NONE',  ( -66.95000000000005969, 1.899999999999999023, -57.45000000000006679 ) ) ;
#4060 = CIRCLE ( 'NONE', #3612, 1.399999999999998579 ) ;
#4061 = DIRECTION ( 'NONE',  ( -0.000000000000000000, -1.000000000000000000, -0.000000000000000000 ) ) ;
#4062 = VECTOR ( 'NONE', #4273, 1000.000000000000000 ) ;
#4063 = VERTEX_POINT ( 'NONE', #1099 ) ;
#4064 = DIRECTION ( 'NONE',  ( -0.000000000000000000, 1.000000000000000000, -0.000000000000000000 ) ) ;
#4065 = CARTESIAN_POINT ( 'NONE',  ( 66.45000000000007390, 1.899999999999999023, 56.95000000000005969 ) ) ;
#4066 = VECTOR ( 'NONE', #1129, 1000.000000000000000 ) ;
#4067 = EDGE_CURVE ( 'NONE', #941, #4164, #314, .T. ) ;
#4068 = LINE ( 'NONE', #3715, #715 ) ;
#4069 = ORIENTED_EDGE ( 'NONE', *, *, #1662, .T. ) ;
#4070 = CARTESIAN_POINT ( 'NONE',  ( -66.45000000000005969, 1.899999999999999023, -57.45000000000006679 ) ) ;
#4071 = VERTEX_POINT ( 'NONE', #3789 ) ;
#4072 = ADVANCED_FACE ( 'NONE', ( #2410 ), #3810, .T. ) ;
#4073 = DIRECTION ( 'NONE',  ( 0.000000000000000000, 0.000000000000000000, 1.000000000000000000 ) ) ;
#4074 = LINE ( 'NONE', #588, #3926 ) ;
#4075 = ORIENTED_EDGE ( 'NONE', *, *, #723, .F. ) ;
#4076 = PLANE ( 'NONE',  #4203 ) ;
#4077 = LINE ( 'NONE', #311, #3127 ) ;
#4078 = ORIENTED_EDGE ( 'NONE', *, *, #4467, .T. ) ;
#4079 = AXIS2_PLACEMENT_3D ( 'NONE', #2684, #3720, #4135 ) ;
#4080 = DIRECTION ( 'NONE',  ( 1.000000000000000000, 0.000000000000000000, -1.276177040671872244E-16 ) ) ;
#4081 = ADVANCED_FACE ( 'NONE', ( #43 ), #2809, .T. ) ;
#4082 = VERTEX_POINT ( 'NONE', #2478 ) ;
#4083 = LINE ( 'NONE', #2677, #791 ) ;
#4084 = DIRECTION ( 'NONE',  ( 0.000000000000000000, 0.000000000000000000, 1.000000000000000000 ) ) ;
#4085 = VERTEX_POINT ( 'NONE', #1397 ) ;
#4086 = PLANE ( 'NONE',  #2935 ) ;
#4087 = VERTEX_POINT ( 'NONE', #3121 ) ;
#4088 = EDGE_CURVE ( 'NONE', #1027, #170, #3378, .T. ) ;
#4089 = AXIS2_PLACEMENT_3D ( 'NONE', #3558, #428, #2865 ) ;
#4090 = LINE ( 'NONE', #1644, #1671 ) ;
#4091 = CARTESIAN_POINT ( 'NONE',  ( 66.45000000000007390, -18.09898987322328168, 56.95000000000005969 ) ) ;
#4092 = EDGE_CURVE ( 'NONE', #13, #1595, #3484, .T. ) ;
#4093 = ORIENTED_EDGE ( 'NONE', *, *, #4119, .T. ) ;
#4094 = ADVANCED_FACE ( 'NONE', ( #2738 ), #3099, .F. ) ;
#4095 = ORIENTED_EDGE ( 'NONE', *, *, #3254, .T. ) ;
#4096 = EDGE_CURVE ( 'NONE', #3322, #56, #2434, .T. ) ;
#4097 = DIRECTION ( 'NONE',  ( -0.000000000000000000, -1.000000000000000000, -0.000000000000000000 ) ) ;
#4098 = DIRECTION ( 'NONE',  ( -1.000000000000000000, 0.000000000000000000, 0.000000000000000000 ) ) ;
#4099 = CARTESIAN_POINT ( 'NONE',  ( 62.25000000000000000, 5.149999999999987921, -62.25000000000000000 ) ) ;
#4100 = ORIENTED_EDGE ( 'NONE', *, *, #1214, .T. ) ;
#4101 = ORIENTED_EDGE ( 'NONE', *, *, #4457, .F. ) ;
#4102 = DIRECTION ( 'NONE',  ( 0.000000000000000000, 1.000000000000000000, -0.000000000000000000 ) ) ;
#4103 = PLANE ( 'NONE',  #6 ) ;
#4104 = CARTESIAN_POINT ( 'NONE',  ( 55.75000000000000000, 1.899999999999999023, -63.75000000000005684 ) ) ;
#4105 = ORIENTED_EDGE ( 'NONE', *, *, #70, .F. ) ;
#4106 = AXIS2_PLACEMENT_3D ( 'NONE', #2955, #4300, #832 ) ;
#4107 = LINE ( 'NONE', #1229, #1022 ) ;
#4108 = LINE ( 'NONE', #315, #2593 ) ;
#4109 = ORIENTED_EDGE ( 'NONE', *, *, #3851, .F. ) ;
#4110 = SECURITY_CLASSIFICATION ( '', '', #3931 ) ;
#4111 = CARTESIAN_POINT ( 'NONE',  ( -55.74999999999998579, 1.899999999999999023, 67.74999999999992895 ) ) ;
#4112 = DIRECTION ( 'NONE',  ( -0.000000000000000000, 1.000000000000000000, -0.000000000000000000 ) ) ;
#4113 = DIRECTION ( 'NONE',  ( 0.000000000000000000, 0.000000000000000000, -1.000000000000000000 ) ) ;
#4114 = FACE_OUTER_BOUND ( 'NONE', #3647, .T. ) ;
#4115 = EDGE_CURVE ( 'NONE', #3160, #1060, #2389, .T. ) ;
#4116 = ORIENTED_EDGE ( 'NONE', *, *, #789, .F. ) ;
#4117 = CARTESIAN_POINT ( 'NONE',  ( -66.45000000000004547, 1.899999999999999023, 66.45000000000007390 ) ) ;
#4118 = FACE_OUTER_BOUND ( 'NONE', #3601, .T. ) ;
#4119 = EDGE_CURVE ( 'NONE', #1569, #3366, #3827, .T. ) ;
#4120 = EDGE_CURVE ( 'NONE', #2442, #395, #368, .T. ) ;
#4121 = ORIENTED_EDGE ( 'NONE', *, *, #2534, .F. ) ;
#4122 = ORIENTED_EDGE ( 'NONE', *, *, #2594, .F. ) ;
#4123 = VECTOR ( 'NONE', #3033, 1000.000000000000000 ) ;
#4124 = DIRECTION ( 'NONE',  ( 0.000000000000000000, 0.000000000000000000, -1.000000000000000000 ) ) ;
#4125 = DIRECTION ( 'NONE',  ( 1.000000000000000000, 0.000000000000000000, 0.000000000000000000 ) ) ;
#4126 = VECTOR ( 'NONE', #3148, 1000.000000000000000 ) ;
#4127 = DIRECTION ( 'NONE',  ( -0.000000000000000000, 1.000000000000000000, -0.000000000000000000 ) ) ;
#4128 = ORIENTED_EDGE ( 'NONE', *, *, #2678, .T. ) ;
#4129 = AXIS2_PLACEMENT_3D ( 'NONE', #1194, #4346, #2574 ) ;
#4130 = CARTESIAN_POINT ( 'NONE',  ( 55.74999999999999289, 4.100000000000000533, -67.75000000000000000 ) ) ;
#4131 = ORIENTED_EDGE ( 'NONE', *, *, #3156, .F. ) ;
#4132 = CIRCLE ( 'NONE', #2441, 2.000000000000029310 ) ;
#4133 = DIRECTION ( 'NONE',  ( 0.000000000000000000, 0.000000000000000000, -1.000000000000000000 ) ) ;
#4134 = CIRCLE ( 'NONE', #4211, 1.000000000000000888 ) ;
#4135 = DIRECTION ( 'NONE',  ( 0.000000000000000000, 0.000000000000000000, 1.000000000000000000 ) ) ;
#4136 = CARTESIAN_POINT ( 'NONE',  ( -57.45000000000006679, -18.09898987322328168, -64.95000000000005969 ) ) ;
#4137 = DIRECTION ( 'NONE',  ( 0.000000000000000000, 1.000000000000000000, -0.000000000000000000 ) ) ;
#4138 = VECTOR ( 'NONE', #2211, 1000.000000000000000 ) ;
#4139 = DIRECTION ( 'NONE',  ( -0.000000000000000000, -1.000000000000000000, -0.000000000000000000 ) ) ;
#4140 = ORIENTED_EDGE ( 'NONE', *, *, #3382, .T. ) ;
#4141 = CARTESIAN_POINT ( 'NONE',  ( 64.95000000000005969, 2.200000000000000622, -57.45000000000007390 ) ) ;
#4142 = LINE ( 'NONE', #2437, #4194 ) ;
#4143 = CIRCLE ( 'NONE', #189, 2.000000000000001776 ) ;
#4144 = LINE ( 'NONE', #4412, #1953 ) ;
#4145 = CARTESIAN_POINT ( 'NONE',  ( -65.74999999999998579, 4.100000000000000533, -55.75000000000000711 ) ) ;
#4146 = ORIENTED_EDGE ( 'NONE', *, *, #2284, .F. ) ;
#4147 = ORIENTED_EDGE ( 'NONE', *, *, #2729, .F. ) ;
#4148 = DIRECTION ( 'NONE',  ( 0.000000000000000000, 0.000000000000000000, -1.000000000000000000 ) ) ;
#4149 = CARTESIAN_POINT ( 'NONE',  ( 0.000000000000000000, 189.0178641211801107, -62.25000000000000000 ) ) ;
#4150 = ADVANCED_FACE ( 'NONE', ( #3856 ), #737, .F. ) ;
#4151 = DIRECTION ( 'NONE',  ( 0.000000000000000000, 0.000000000000000000, 1.000000000000000000 ) ) ;
#4152 = CARTESIAN_POINT ( 'NONE',  ( 66.45000000000007390, 1.899999999999999023, 56.95000000000005969 ) ) ;
#4153 = EDGE_CURVE ( 'NONE', #1595, #128, #1541, .T. ) ;
#4154 = ORIENTED_EDGE ( 'NONE', *, *, #360, .T. ) ;
#4155 = AXIS2_PLACEMENT_3D ( 'NONE', #3965, #2523, #1864 ) ;
#4156 = FACE_OUTER_BOUND ( 'NONE', #307, .T. ) ;
#4157 = EDGE_LOOP ( 'NONE', ( #1719, #4131, #3249, #2287 ) ) ;
#4158 = CARTESIAN_POINT ( 'NONE',  ( 57.45000000000005969, 2.200000000000000622, -66.45000000000007390 ) ) ;
#4159 = CARTESIAN_POINT ( 'NONE',  ( 55.75000000000000711, 2.100000000000000089, 65.75000000000000000 ) ) ;
#4160 = AXIS2_PLACEMENT_3D ( 'NONE', #274, #3095, #654 ) ;
#4161 = CARTESIAN_POINT ( 'NONE',  ( 66.45000000000007390, 2.200000000000000622, 56.95000000000005969 ) ) ;
#4162 = DIRECTION ( 'NONE',  ( -0.000000000000000000, 1.000000000000000000, -0.000000000000000000 ) ) ;
#4163 = VERTEX_POINT ( 'NONE', #146 ) ;
#4164 = VERTEX_POINT ( 'NONE', #3956 ) ;
#4165 = DIRECTION ( 'NONE',  ( 0.000000000000000000, 0.000000000000000000, 1.000000000000000000 ) ) ;
#4166 = CARTESIAN_POINT ( 'NONE',  ( -67.25000000000000000, 0.000000000000000000, 68.25000000000000000 ) ) ;
#4167 = ORIENTED_EDGE ( 'NONE', *, *, #507, .F. ) ;
#4168 = VERTEX_POINT ( 'NONE', #4331 ) ;
#4169 = DIRECTION ( 'NONE',  ( 1.000000000000000000, 0.000000000000000000, -2.533286496523707549E-16 ) ) ;
#4170 = CARTESIAN_POINT ( 'NONE',  ( 16.96034482758638973, 5.149999999999987921, 39.57413793103380328 ) ) ;
#4171 = EDGE_CURVE ( 'NONE', #4206, #2617, #3210, .T. ) ;
#4172 = ORIENTED_EDGE ( 'NONE', *, *, #3536, .T. ) ;
#4173 = EDGE_CURVE ( 'NONE', #1363, #3837, #1699, .T. ) ;
#4174 = EDGE_CURVE ( 'NONE', #2831, #1122, #3296, .T. ) ;
#4175 = LINE ( 'NONE', #689, #3618 ) ;
#4176 = ORIENTED_EDGE ( 'NONE', *, *, #155, .T. ) ;
#4177 = CARTESIAN_POINT ( 'NONE',  ( -69.75000000000000000, 2.100000000000000089, -67.25000000000000000 ) ) ;
#4178 = CYLINDRICAL_SURFACE ( 'NONE', #3421, 2.000000000000029310 ) ;
#4179 = AXIS2_PLACEMENT_3D ( 'NONE', #3522, #350, #1355 ) ;
#4180 = AXIS2_PLACEMENT_3D ( 'NONE', #734, #2761, #4199 ) ;
#4181 = DIRECTION ( 'NONE',  ( 0.000000000000000000, 0.000000000000000000, -1.000000000000000000 ) ) ;
#4182 = ORIENTED_EDGE ( 'NONE', *, *, #748, .F. ) ;
#4183 = CARTESIAN_POINT ( 'NONE',  ( -56.95000000000005969, 1.899999999999999023, -66.45000000000005969 ) ) ;
#4184 = VERTEX_POINT ( 'NONE', #3919 ) ;
#4185 = ORIENTED_EDGE ( 'NONE', *, *, #424, .T. ) ;
#4186 = LINE ( 'NONE', #1056, #1065 ) ;
#4187 = LINE ( 'NONE', #2856, #1089 ) ;
#4188 = EDGE_LOOP ( 'NONE', ( #4047, #2138, #1620, #2333 ) ) ;
#4189 = EDGE_LOOP ( 'NONE', ( #2130, #3437, #1038, #1061 ) ) ;
#4190 = DIRECTION ( 'NONE',  ( -0.000000000000000000, -1.000000000000000000, -0.000000000000000000 ) ) ;
#4191 = AXIS2_PLACEMENT_3D ( 'NONE', #1063, #1740, #3586 ) ;
#4192 = CARTESIAN_POINT ( 'NONE',  ( 2.461745511456043247E-14, 5.149999999999987921, 64.30000000000002558 ) ) ;
#4193 = ADVANCED_FACE ( 'NONE', ( #3542 ), #1203, .T. ) ;
#4194 = VECTOR ( 'NONE', #4209, 1000.000000000000000 ) ;
#4195 = EDGE_CURVE ( 'NONE', #2855, #2990, #4245, .T. ) ;
#4196 = ORIENTED_EDGE ( 'NONE', *, *, #3010, .T. ) ;
#4197 = DIRECTION ( 'NONE',  ( -0.000000000000000000, -1.000000000000000000, -0.000000000000000000 ) ) ;
#4198 = ORIENTED_EDGE ( 'NONE', *, *, #1354, .F. ) ;
#4199 = DIRECTION ( 'NONE',  ( 1.000000000000000000, 0.000000000000000000, -0.000000000000000000 ) ) ;
#4200 = EDGE_CURVE ( 'NONE', #856, #3299, #3565, .T. ) ;
#4201 = EDGE_LOOP ( 'NONE', ( #3043, #4466, #1926, #2897 ) ) ;
#4202 = EDGE_CURVE ( 'NONE', #729, #13, #4321, .T. ) ;
#4203 = AXIS2_PLACEMENT_3D ( 'NONE', #946, #3996, #1285 ) ;
#4204 = CARTESIAN_POINT ( 'NONE',  ( 0.000000000000000000, 2.200000000000000622, 0.000000000000000000 ) ) ;
#4205 = DIRECTION ( 'NONE',  ( 0.000000000000000000, 0.000000000000000000, 1.000000000000000000 ) ) ;
#4206 = VERTEX_POINT ( 'NONE', #1138 ) ;
#4207 = AXIS2_PLACEMENT_3D ( 'NONE', #785, #2133, #807 ) ;
#4208 = AXIS2_PLACEMENT_3D ( 'NONE', #2051, #4124, #3472 ) ;
#4209 = DIRECTION ( 'NONE',  ( 1.541976423090495042E-15, 0.000000000000000000, 1.000000000000000000 ) ) ;
#4210 = CYLINDRICAL_SURFACE ( 'NONE', #1517, 1.500000000000001332 ) ;
#4211 = AXIS2_PLACEMENT_3D ( 'NONE', #3381, #234, #1633 ) ;
#4212 = ORIENTED_EDGE ( 'NONE', *, *, #297, .F. ) ;
#4213 = CARTESIAN_POINT ( 'NONE',  ( -63.74999999999997158, 5.149999999999987921, 55.75000000000000000 ) ) ;
#4214 = CIRCLE ( 'NONE', #272, 0.5000000000000143219 ) ;
#4215 = CARTESIAN_POINT ( 'NONE',  ( 55.75000000000000711, 5.149999999999987921, 65.75000000000000000 ) ) ;
#4216 = EDGE_LOOP ( 'NONE', ( #2466, #3352, #2694, #3620, #1813, #3566, #313, #4262 ) ) ;
#4217 = DIRECTION ( 'NONE',  ( 0.000000000000000000, 0.000000000000000000, 1.000000000000000000 ) ) ;
#4218 = ORIENTED_EDGE ( 'NONE', *, *, #3156, .T. ) ;
#4219 = EDGE_CURVE ( 'NONE', #4447, #255, #83, .T. ) ;
#4220 = DATE_AND_TIME ( #1177, #1979 ) ;
#4221 = DIRECTION ( 'NONE',  ( -0.000000000000000000, -1.000000000000000000, -0.000000000000000000 ) ) ;
#4222 = VECTOR ( 'NONE', #2334, 1000.000000000000000 ) ;
#4223 = ORIENTED_EDGE ( 'NONE', *, *, #3584, .T. ) ;
#4224 = LINE ( 'NONE', #2895, #3989 ) ;
#4225 = CARTESIAN_POINT ( 'NONE',  ( 8.095376221225095567E-14, 3.149999999999999911, 62.99999999999998579 ) ) ;
#4226 = DIRECTION ( 'NONE',  ( -0.000000000000000000, 1.000000000000000000, -0.000000000000000000 ) ) ;
#4227 = ORIENTED_EDGE ( 'NONE', *, *, #1854, .T. ) ;
#4228 = ORIENTED_EDGE ( 'NONE', *, *, #830, .F. ) ;
#4229 = ADVANCED_FACE ( 'NONE', ( #1456 ), #2150, .T. ) ;
#4230 = CARTESIAN_POINT ( 'NONE',  ( 66.95000000000008811, 1.899999999999999023, 57.45000000000005969 ) ) ;
#4231 = ADVANCED_FACE ( 'NONE', ( #2898 ), #1835, .T. ) ;
#4232 = ORIENTED_EDGE ( 'NONE', *, *, #1186, .T. ) ;
#4233 = CARTESIAN_POINT ( 'NONE',  ( -56.95000000000005258, 2.200000000000000622, 66.45000000000007390 ) ) ;
#4234 = CARTESIAN_POINT ( 'NONE',  ( -68.25000000000000000, 0.000000000000000000, 67.25000000000000000 ) ) ;
#4235 = LINE ( 'NONE', #1109, #852 ) ;
#4236 = DIRECTION ( 'NONE',  ( 0.000000000000000000, 0.000000000000000000, -1.000000000000000000 ) ) ;
#4237 = ORIENTED_EDGE ( 'NONE', *, *, #4278, .T. ) ;
#4238 = EDGE_CURVE ( 'NONE', #4495, #4475, #1120, .T. ) ;
#4239 = DIRECTION ( 'NONE',  ( 0.000000000000000000, -1.000000000000000000, 0.000000000000000000 ) ) ;
#4240 = COORDINATED_UNIVERSAL_TIME_OFFSET ( 8, 0, .AHEAD. ) ;
#4241 = EDGE_CURVE ( 'NONE', #3361, #1834, #4464, .T. ) ;
#4242 = PLANE ( 'NONE',  #1197 ) ;
#4243 = CARTESIAN_POINT ( 'NONE',  ( 67.75000000000001421, 1.899999999999999023, 67.74999999999998579 ) ) ;
#4244 = CARTESIAN_POINT ( 'NONE',  ( -63.00000000000001421, 189.0178641211801107, -48.50000000000000000 ) ) ;
#4245 = LINE ( 'NONE', #3581, #685 ) ;
#4246 = ORIENTED_EDGE ( 'NONE', *, *, #3459, .F. ) ;
#4247 = EDGE_CURVE ( 'NONE', #4504, #1752, #1497, .T. ) ;
#4248 = VECTOR ( 'NONE', #1266, 1000.000000000000000 ) ;
#4249 = CARTESIAN_POINT ( 'NONE',  ( 57.45000000000005969, -18.09898987322328168, -64.95000000000005969 ) ) ;
#4250 = EDGE_CURVE ( 'NONE', #1418, #1462, #84, .T. ) ;
#4251 = EDGE_LOOP ( 'NONE', ( #23, #3553, #1101, #3195 ) ) ;
#4252 = DIRECTION ( 'NONE',  ( 0.000000000000000000, 0.000000000000000000, 1.000000000000000000 ) ) ;
#4253 = ADVANCED_FACE ( 'NONE', ( #2538 ), #3937, .T. ) ;
#4254 = DIRECTION ( 'NONE',  ( -0.000000000000000000, -1.000000000000000000, -0.000000000000000000 ) ) ;
#4255 = PLANE ( 'NONE',  #2976 ) ;
#4256 = APPLICATION_PROTOCOL_DEFINITION ( 'international standard', 'config_control_design', 1994, #2016 ) ;
#4257 = VECTOR ( 'NONE', #2643, 1000.000000000000000 ) ;
#4258 = LINE ( 'NONE', #1113, #4407 ) ;
#4259 = ORIENTED_EDGE ( 'NONE', *, *, #4341, .F. ) ;
#4260 = CYLINDRICAL_SURFACE ( 'NONE', #2223, 0.5000000000000073275 ) ;
#4261 = DIRECTION ( 'NONE',  ( -1.000000000000000000, 0.000000000000000000, 1.541976423090495042E-15 ) ) ;
#4262 = ORIENTED_EDGE ( 'NONE', *, *, #2670, .T. ) ;
#4263 = VECTOR ( 'NONE', #4333, 1000.000000000000000 ) ;
#4264 = ORIENTED_EDGE ( 'NONE', *, *, #4171, .F. ) ;
#4265 = ADVANCED_FACE ( 'NONE', ( #127 ), #1522, .T. ) ;
#4266 = PLANE ( 'NONE',  #4191 ) ;
#4267 = CIRCLE ( 'NONE', #1136, 2.500000000000002220 ) ;
#4268 = CARTESIAN_POINT ( 'NONE',  ( 4.150000000000007461, 3.149999999999999911, 62.25000000000000000 ) ) ;
#4269 = FACE_OUTER_BOUND ( 'NONE', #291, .T. ) ;
#4270 = VECTOR ( 'NONE', #188, 1000.000000000000000 ) ;
#4271 = VERTEX_POINT ( 'NONE', #3986 ) ;
#4272 = CIRCLE ( 'NONE', #711, 0.5000000000000004441 ) ;
#4273 = DIRECTION ( 'NONE',  ( 1.000000000000000000, -0.000000000000000000, -0.000000000000000000 ) ) ;
#4274 = AXIS2_PLACEMENT_3D ( 'NONE', #4204, #4137, #3141 ) ;
#4275 = DIRECTION ( 'NONE',  ( -0.000000000000000000, 1.000000000000000000, -0.000000000000000000 ) ) ;
#4276 = LINE ( 'NONE', #2798, #46 ) ;
#4277 = AXIS2_PLACEMENT_3D ( 'NONE', #1880, #956, #2235 ) ;
#4278 = EDGE_CURVE ( 'NONE', #1236, #1027, #867, .T. ) ;
#4279 = CARTESIAN_POINT ( 'NONE',  ( 48.50000000000000000, 3.149999999999986144, -63.00000000000002842 ) ) ;
#4280 = EDGE_CURVE ( 'NONE', #3773, #2667, #1255, .T. ) ;
#4281 = PERSON_AND_ORGANIZATION_ROLE ( 'design_supplier' ) ;
#4282 = CARTESIAN_POINT ( 'NONE',  ( -65.45000000000005969, 1.899999999999999023, -57.45000000000006679 ) ) ;
#4283 = CIRCLE ( 'NONE', #2015, 2.500000000000002220 ) ;
#4284 = EDGE_LOOP ( 'NONE', ( #4435, #4345, #2605, #1640 ) ) ;
#4285 = LINE ( 'NONE', #1157, #3198 ) ;
#4286 = DIRECTION ( 'NONE',  ( 1.000000000000000000, 0.000000000000000000, -1.541976423090493661E-15 ) ) ;
#4287 = ORIENTED_EDGE ( 'NONE', *, *, #1854, .F. ) ;
#4288 = CARTESIAN_POINT ( 'NONE',  ( 57.45000000000007390, 2.200000000000000622, 64.95000000000004547 ) ) ;
#4289 = ORIENTED_EDGE ( 'NONE', *, *, #2961, .T. ) ;
#4290 = CARTESIAN_POINT ( 'NONE',  ( -57.45000000000005258, 2.200000000000000622, 66.45000000000007390 ) ) ;
#4291 = CARTESIAN_POINT ( 'NONE',  ( 62.25000000000000000, 3.149999999999986144, -62.25000000000000000 ) ) ;
#4292 = DIRECTION ( 'NONE',  ( -0.000000000000000000, -1.000000000000000000, -0.000000000000000000 ) ) ;
#4293 = CARTESIAN_POINT ( 'NONE',  ( 66.95000000000008811, 2.200000000000000622, 57.45000000000005969 ) ) ;
#4294 = CARTESIAN_POINT ( 'NONE',  ( -1.880440247958853084E-13, 4.100000000000000533, -67.74999999999985789 ) ) ;
#4295 = CIRCLE ( 'NONE', #1594, 1.999999999999988010 ) ;
#4296 = EDGE_CURVE ( 'NONE', #579, #1834, #2237, .T. ) ;
#4297 = ORIENTED_EDGE ( 'NONE', *, *, #3267, .F. ) ;
#4298 = EDGE_CURVE ( 'NONE', #1996, #1402, #1972, .T. ) ;
#4299 = EDGE_LOOP ( 'NONE', ( #516, #1523, #303, #1200 ) ) ;
#4300 = DIRECTION ( 'NONE',  ( -0.000000000000000000, 1.000000000000000000, -0.000000000000000000 ) ) ;
#4301 = CARTESIAN_POINT ( 'NONE',  ( 63.75000000000002842, 1.899999999999999023, -63.75000000000001421 ) ) ;
#4302 = CIRCLE ( 'NONE', #214, 1.999999999999932498 ) ;
#4303 = DIRECTION ( 'NONE',  ( -0.000000000000000000, -1.000000000000000000, -0.000000000000000000 ) ) ;
#4304 = EDGE_CURVE ( 'NONE', #3445, #381, #959, .T. ) ;
#4305 = DIRECTION ( 'NONE',  ( 0.000000000000000000, 1.000000000000000000, -0.000000000000000000 ) ) ;
#4306 = CALENDAR_DATE ( 2023, 17, 8 ) ;
#4307 = EDGE_LOOP ( 'NONE', ( #1182, #3844, #3519, #2276 ) ) ;
#4308 = EDGE_CURVE ( 'NONE', #844, #439, #270, .T. ) ;
#4309 = EDGE_CURVE ( 'NONE', #608, #2165, #4040, .T. ) ;
#4310 = DIRECTION ( 'NONE',  ( -0.000000000000000000, -1.000000000000000000, -0.000000000000000000 ) ) ;
#4311 = ORIENTED_EDGE ( 'NONE', *, *, #319, .F. ) ;
#4312 = CARTESIAN_POINT ( 'NONE',  ( 57.45000000000005969, 2.200000000000000622, -65.45000000000007390 ) ) ;
#4313 = EDGE_LOOP ( 'NONE', ( #3059, #3167, #1227, #3136 ) ) ;
#4314 = ORIENTED_EDGE ( 'NONE', *, *, #1675, .F. ) ;
#4315 = LINE ( 'NONE', #461, #1607 ) ;
#4316 = CARTESIAN_POINT ( 'NONE',  ( -56.95000000000005969, -18.09898987322328168, -66.45000000000005969 ) ) ;
#4317 = CARTESIAN_POINT ( 'NONE',  ( 64.95000000000007390, 1.899999999999999023, 57.45000000000005969 ) ) ;
#4318 = FACE_OUTER_BOUND ( 'NONE', #3888, .T. ) ;
#4319 = ORIENTED_EDGE ( 'NONE', *, *, #619, .T. ) ;
#4320 = CARTESIAN_POINT ( 'NONE',  ( 63.75000000000000000, 5.149999999999987921, -55.75000000000000711 ) ) ;
#4321 = CIRCLE ( 'NONE', #3944, 0.5000000000000143219 ) ;
#4322 = ORIENTED_EDGE ( 'NONE', *, *, #2717, .F. ) ;
#4323 = LINE ( 'NONE', #158, #3308 ) ;
#4324 = LINE ( 'NONE', #1196, #443 ) ;
#4325 = DIRECTION ( 'NONE',  ( -1.000000000000000000, 0.000000000000000000, 0.000000000000000000 ) ) ;
#4326 = EDGE_CURVE ( 'NONE', #3506, #2049, #1927, .T. ) ;
#4327 = EDGE_CURVE ( 'NONE', #3471, #3731, #236, .T. ) ;
#4328 = ORIENTED_EDGE ( 'NONE', *, *, #1949, .F. ) ;
#4329 = CARTESIAN_POINT ( 'NONE',  ( -67.74999999999990052, 1.899999999999999023, 55.75000000000002132 ) ) ;
#4330 = VERTEX_POINT ( 'NONE', #169 ) ;
#4331 = CARTESIAN_POINT ( 'NONE',  ( -67.75000000000000000, 4.100000000000000533, -67.75000000000000000 ) ) ;
#4332 = ORIENTED_EDGE ( 'NONE', *, *, #3315, .T. ) ;
#4333 = DIRECTION ( 'NONE',  ( 0.000000000000000000, 0.000000000000000000, 1.000000000000000000 ) ) ;
#4334 = EDGE_LOOP ( 'NONE', ( #2418, #3377, #2671, #2700 ) ) ;
#4335 = EDGE_CURVE ( 'NONE', #2056, #3678, #2187, .T. ) ;
#4336 = CARTESIAN_POINT ( 'NONE',  ( -39.57413793103354749, 5.149999999999987921, 16.96034482758643236 ) ) ;
#4337 = AXIS2_PLACEMENT_3D ( 'NONE', #721, #2092, #24 ) ;
#4338 = CARTESIAN_POINT ( 'NONE',  ( 64.30000000000001137, 189.0178641211801107, -54.37250226860439994 ) ) ;
#4339 = DIRECTION ( 'NONE',  ( -0.000000000000000000, 1.000000000000000000, -0.000000000000000000 ) ) ;
#4340 = ORIENTED_EDGE ( 'NONE', *, *, #2917, .T. ) ;
#4341 = EDGE_CURVE ( 'NONE', #4369, #4082, #3467, .T. ) ;
#4342 = CARTESIAN_POINT ( 'NONE',  ( -67.74999999999998579, 4.100000000000000533, 67.75000000000001421 ) ) ;
#4343 = AXIS2_PLACEMENT_3D ( 'NONE', #3616, #4374, #2934 ) ;
#4344 = CIRCLE ( 'NONE', #3044, 0.5000000000000004441 ) ;
#4345 = ORIENTED_EDGE ( 'NONE', *, *, #4516, .F. ) ;
#4346 = DIRECTION ( 'NONE',  ( 0.000000000000000000, 0.000000000000000000, -1.000000000000000000 ) ) ;
#4347 = AXIS2_PLACEMENT_3D ( 'NONE', #321, #3463, #984 ) ;
#4348 = CIRCLE ( 'NONE', #2376, 1.500000000000001332 ) ;
#4349 = CARTESIAN_POINT ( 'NONE',  ( 67.25000000000000000, 2.100000000000000089, 69.75000000000000000 ) ) ;
#4350 = EDGE_CURVE ( 'NONE', #3318, #4330, #3343, .T. ) ;
#4351 = AXIS2_PLACEMENT_3D ( 'NONE', #551, #4417, #1967 ) ;
#4352 = ORIENTED_EDGE ( 'NONE', *, *, #440, .T. ) ;
#4353 = DIRECTION ( 'NONE',  ( -0.000000000000000000, 0.000000000000000000, -1.000000000000000000 ) ) ;
#4354 = CARTESIAN_POINT ( 'NONE',  ( -66.45000000000004547, 1.899999999999999023, 56.95000000000006679 ) ) ;
#4355 = EDGE_LOOP ( 'NONE', ( #4403, #1782, #2046, #2703 ) ) ;
#4356 = CARTESIAN_POINT ( 'NONE',  ( 68.25000000000000000, 0.000000000000000000, 67.25000000000000000 ) ) ;
#4357 = ORIENTED_EDGE ( 'NONE', *, *, #885, .F. ) ;
#4358 = DIRECTION ( 'NONE',  ( 0.000000000000000000, 0.000000000000000000, 1.000000000000000000 ) ) ;
#4359 = ORIENTED_EDGE ( 'NONE', *, *, #4247, .F. ) ;
#4360 = LINE ( 'NONE', #1933, #2572 ) ;
#4361 = LINE ( 'NONE', #4317, #3904 ) ;
#4362 = CARTESIAN_POINT ( 'NONE',  ( -55.75000000000000711, 4.100000000000000533, -65.74999999999998579 ) ) ;
#4363 = ADVANCED_FACE ( 'NONE', ( #3365 ), #1906, .F. ) ;
#4364 = ORIENTED_EDGE ( 'NONE', *, *, #2704, .F. ) ;
#4365 = DIRECTION ( 'NONE',  ( -0.000000000000000000, 1.000000000000000000, -0.000000000000000000 ) ) ;
#4366 = DIRECTION ( 'NONE',  ( -0.000000000000000000, -0.000000000000000000, 1.000000000000000000 ) ) ;
#4367 = AXIS2_PLACEMENT_3D ( 'NONE', #934, #3067, #4444 ) ;
#4368 = DIRECTION ( 'NONE',  ( 0.000000000000000000, -1.000000000000000000, 0.000000000000000000 ) ) ;
#4369 = VERTEX_POINT ( 'NONE', #4356 ) ;
#4370 = CARTESIAN_POINT ( 'NONE',  ( 8.847089727481719968E-14, 189.0178641211801107, -63.75000000000008527 ) ) ;
#4371 = VECTOR ( 'NONE', #1350, 1000.000000000000000 ) ;
#4372 = CARTESIAN_POINT ( 'NONE',  ( 65.45000000000005969, 1.899999999999999023, -56.95000000000006679 ) ) ;
#4373 = CARTESIAN_POINT ( 'NONE',  ( 63.75000000000000000, 189.0178641211801107, -55.75000000000000711 ) ) ;
#4374 = DIRECTION ( 'NONE',  ( -0.000000000000000000, 1.000000000000000000, -0.000000000000000000 ) ) ;
#4375 = CIRCLE ( 'NONE', #140, 0.5000000000000004441 ) ;
#4376 = VERTEX_POINT ( 'NONE', #1618 ) ;
#4377 = CARTESIAN_POINT ( 'NONE',  ( 64.30000000000002558, 5.149999999999987921, 54.37250226860439284 ) ) ;
#4378 = CARTESIAN_POINT ( 'NONE',  ( 66.45000000000007390, -18.09898987322328168, 66.95000000000004547 ) ) ;
#4379 = ORIENTED_EDGE ( 'NONE', *, *, #378, .F. ) ;
#4380 = DIRECTION ( 'NONE',  ( -0.000000000000000000, -1.000000000000000000, -0.000000000000000000 ) ) ;
#4381 = ORIENTED_EDGE ( 'NONE', *, *, #2140, .F. ) ;
#4382 = CARTESIAN_POINT ( 'NONE',  ( -62.25000000000000000, 189.0178641211801107, 0.000000000000000000 ) ) ;
#4383 = ORIENTED_EDGE ( 'NONE', *, *, #1010, .T. ) ;
#4384 = DIRECTION ( 'NONE',  ( -1.000000000000000000, 0.000000000000000000, -0.000000000000000000 ) ) ;
#4385 = LINE ( 'NONE', #4136, #2029 ) ;
#4386 = ORIENTED_EDGE ( 'NONE', *, *, #1482, .T. ) ;
#4387 = CARTESIAN_POINT ( 'NONE',  ( 64.30000000000001137, 5.149999999999987921, -54.37250226860440705 ) ) ;
#4388 = DIRECTION ( 'NONE',  ( 0.000000000000000000, 0.000000000000000000, -1.000000000000000000 ) ) ;
#4389 = ORIENTED_EDGE ( 'NONE', *, *, #3478, .F. ) ;
#4390 = ORIENTED_EDGE ( 'NONE', *, *, #2006, .F. ) ;
#4391 = FACE_OUTER_BOUND ( 'NONE', #1524, .T. ) ;
#4392 = AXIS2_PLACEMENT_3D ( 'NONE', #2910, #1174, #2549 ) ;
#4393 = EDGE_CURVE ( 'NONE', #480, #1376, #2610, .T. ) ;
#4394 = EDGE_CURVE ( 'NONE', #4404, #3344, #2346, .T. ) ;
#4395 = DIRECTION ( 'NONE',  ( 0.000000000000000000, 0.000000000000000000, 1.000000000000000000 ) ) ;
#4396 = ADVANCED_FACE ( 'NONE', ( #3392 ), #938, .T. ) ;
#4397 = ORIENTED_EDGE ( 'NONE', *, *, #4241, .T. ) ;
#4398 = CARTESIAN_POINT ( 'NONE',  ( 66.45000000000007390, -18.09898987322328168, 57.45000000000005969 ) ) ;
#4399 = DIRECTION ( 'NONE',  ( -1.276177040671872244E-16, 0.000000000000000000, -1.000000000000000000 ) ) ;
#4400 = FACE_OUTER_BOUND ( 'NONE', #1653, .T. ) ;
#4401 = ORIENTED_EDGE ( 'NONE', *, *, #2563, .F. ) ;
#4402 = CARTESIAN_POINT ( 'NONE',  ( -66.95000000000004547, -18.09898987322328168, 66.45000000000007390 ) ) ;
#4403 = ORIENTED_EDGE ( 'NONE', *, *, #4046, .T. ) ;
#4404 = VERTEX_POINT ( 'NONE', #601 ) ;
#4405 = CARTESIAN_POINT ( 'NONE',  ( -62.25000000000000000, 5.149999999999987921, -62.25000000000000000 ) ) ;
#4406 = FACE_OUTER_BOUND ( 'NONE', #173, .T. ) ;
#4407 = VECTOR ( 'NONE', #4221, 1000.000000000000000 ) ;
#4408 = ORIENTED_EDGE ( 'NONE', *, *, #606, .F. ) ;
#4409 = FACE_OUTER_BOUND ( 'NONE', #1737, .T. ) ;
#4410 = VECTOR ( 'NONE', #1774, 1000.000000000000000 ) ;
#4411 = DIRECTION ( 'NONE',  ( 0.000000000000000000, 0.000000000000000000, -1.000000000000000000 ) ) ;
#4412 = CARTESIAN_POINT ( 'NONE',  ( -66.45000000000005969, 1.899999999999999023, -66.95000000000005969 ) ) ;
#4413 = VERTEX_POINT ( 'NONE', #3045 ) ;
#4414 = DIRECTION ( 'NONE',  ( -0.000000000000000000, -1.000000000000000000, -0.000000000000000000 ) ) ;
#4415 = FACE_OUTER_BOUND ( 'NONE', #2203, .T. ) ;
#4416 = CIRCLE ( 'NONE', #2511, 2.500000000000002220 ) ;
#4417 = DIRECTION ( 'NONE',  ( -0.000000000000000000, 1.000000000000000000, -0.000000000000000000 ) ) ;
#4418 = AXIS2_PLACEMENT_3D ( 'NONE', #2232, #1876, #1269 ) ;
#4419 = ADVANCED_FACE ( 'NONE', ( #1304 ), #4086, .F. ) ;
#4420 = DIRECTION ( 'NONE',  ( -0.000000000000000000, -1.000000000000000000, -0.000000000000000000 ) ) ;
#4421 = VECTOR ( 'NONE', #52, 1000.000000000000000 ) ;
#4422 = ORIENTED_EDGE ( 'NONE', *, *, #3755, .F. ) ;
#4423 = CARTESIAN_POINT ( 'NONE',  ( -57.45000000000006679, -18.09898987322328168, -65.45000000000005969 ) ) ;
#4424 = AXIS2_PLACEMENT_3D ( 'NONE', #2496, #815, #1794 ) ;
#4425 = ADVANCED_FACE ( 'NONE', ( #384 ), #3161, .F. ) ;
#4426 = CARTESIAN_POINT ( 'NONE',  ( -57.45000000000005258, -18.09898987322328168, 66.95000000000008811 ) ) ;
#4427 = ORIENTED_EDGE ( 'NONE', *, *, #958, .F. ) ;
#4428 = DIRECTION ( 'NONE',  ( 1.000000000000000000, 0.000000000000000000, 0.000000000000000000 ) ) ;
#4429 = VERTEX_POINT ( 'NONE', #691 ) ;
#4430 = CARTESIAN_POINT ( 'NONE',  ( -62.25000000000000000, 5.149999999999987921, 62.25000000000000000 ) ) ;
#4431 = CYLINDRICAL_SURFACE ( 'NONE', #3786, 0.5000000000000004441 ) ;
#4432 = ORIENTED_EDGE ( 'NONE', *, *, #2704, .T. ) ;
#4433 = CARTESIAN_POINT ( 'NONE',  ( -66.45000000000004547, -18.09898987322328168, 66.95000000000007390 ) ) ;
#4434 = VECTOR ( 'NONE', #185, 1000.000000000000000 ) ;
#4435 = ORIENTED_EDGE ( 'NONE', *, *, #3934, .T. ) ;
#4436 = ORIENTED_EDGE ( 'NONE', *, *, #3778, .F. ) ;
#4437 = EDGE_CURVE ( 'NONE', #3850, #1347, #2266, .T. ) ;
#4438 = VECTOR ( 'NONE', #3050, 1000.000000000000000 ) ;
#4439 = LINE ( 'NONE', #3749, #4450 ) ;
#4440 = CIRCLE ( 'NONE', #3068, 1.999999999999932498 ) ;
#4441 = CYLINDRICAL_SURFACE ( 'NONE', #1428, 2.000000000000015543 ) ;
#4442 = EDGE_CURVE ( 'NONE', #701, #2869, #2426, .T. ) ;
#4443 = ORIENTED_EDGE ( 'NONE', *, *, #345, .T. ) ;
#4444 = DIRECTION ( 'NONE',  ( -1.000000000000000000, 0.000000000000000000, 6.938893903907221278E-15 ) ) ;
#4445 = ADVANCED_FACE ( 'NONE', ( #1005, #3183 ), #4469, .F. ) ;
#4446 = CARTESIAN_POINT ( 'NONE',  ( 70.78448275862064065, 189.0178641211801107, 30.33620689655225533 ) ) ;
#4447 = VERTEX_POINT ( 'NONE', #2405 ) ;
#4448 = DIRECTION ( 'NONE',  ( -0.3939192985791800106, 0.000000000000000000, 0.9191450300180527000 ) ) ;
#4449 = ADVANCED_FACE ( 'NONE', ( #318 ), #2705, .F. ) ;
#4450 = VECTOR ( 'NONE', #4414, 1000.000000000000000 ) ;
#4451 = DIRECTION ( 'NONE',  ( 0.000000000000000000, 1.000000000000000000, 0.000000000000000000 ) ) ;
#4452 = ADVANCED_FACE ( 'NONE', ( #295 ), #3438, .F. ) ;
#4453 = DIRECTION ( 'NONE',  ( -0.000000000000000000, 1.000000000000000000, -0.000000000000000000 ) ) ;
#4454 = PLANE ( 'NONE',  #1783 ) ;
#4455 = ORIENTED_EDGE ( 'NONE', *, *, #3260, .T. ) ;
#4456 = ORIENTED_EDGE ( 'NONE', *, *, #3267, .T. ) ;
#4457 = EDGE_CURVE ( 'NONE', #2328, #1392, #980, .T. ) ;
#4458 = CARTESIAN_POINT ( 'NONE',  ( 54.37250226860439284, 189.0178641211801107, 64.29999999999999716 ) ) ;
#4459 = CARTESIAN_POINT ( 'NONE',  ( 64.95000000000005969, -18.09898987322328168, -57.45000000000007390 ) ) ;
#4460 = VERTEX_POINT ( 'NONE', #1377 ) ;
#4461 = ORIENTED_EDGE ( 'NONE', *, *, #2430, .T. ) ;
#4462 = CARTESIAN_POINT ( 'NONE',  ( 0.000000000000000000, 2.200000000000000622, 0.000000000000000000 ) ) ;
#4463 = ORIENTED_EDGE ( 'NONE', *, *, #1765, .T. ) ;
#4464 = CIRCLE ( 'NONE', #3238, 2.000000000000015543 ) ;
#4465 = DIRECTION ( 'NONE',  ( 0.000000000000000000, 0.000000000000000000, 1.000000000000000000 ) ) ;
#4466 = ORIENTED_EDGE ( 'NONE', *, *, #3207, .T. ) ;
#4467 = EDGE_CURVE ( 'NONE', #2680, #2537, #3785, .T. ) ;
#4468 = VECTOR ( 'NONE', #2783, 1000.000000000000000 ) ;
#4469 = PLANE ( 'NONE',  #3174 ) ;
#4470 = CC_DESIGN_PERSON_AND_ORGANIZATION_ASSIGNMENT ( #1849, #2121, ( #3911 ) ) ;
#4471 = CARTESIAN_POINT ( 'NONE',  ( -67.50000000000001421, 4.100000000000000533, 54.78175416344816284 ) ) ;
#4472 = LINE ( 'NONE', #3350, #3573 ) ;
#4473 = DIRECTION ( 'NONE',  ( 0.3939192985791831192, 0.000000000000000000, -0.9191450300180513677 ) ) ;
#4474 = CARTESIAN_POINT ( 'NONE',  ( -65.75000000000000000, 4.100000000000000533, 55.75000000000000000 ) ) ;
#4475 = VERTEX_POINT ( 'NONE', #4111 ) ;
#4476 = ORIENTED_EDGE ( 'NONE', *, *, #2779, .T. ) ;
#4477 = CARTESIAN_POINT ( 'NONE',  ( 63.75000000000000000, 189.0178641211801107, 0.000000000000000000 ) ) ;
#4478 = EDGE_CURVE ( 'NONE', #3306, #1418, #712, .T. ) ;
#4479 = CARTESIAN_POINT ( 'NONE',  ( 65.74999999999997158, 1.899999999999999023, -55.75000000000002842 ) ) ;
#4480 = CARTESIAN_POINT ( 'NONE',  ( 67.74999999999991473, 1.899999999999999023, 55.74999999999999289 ) ) ;
#4481 = EDGE_CURVE ( 'NONE', #1055, #624, #343, .T. ) ;
#4482 = ADVANCED_FACE ( 'NONE', ( #2362 ), #2385, .F. ) ;
#4483 = ORIENTED_EDGE ( 'NONE', *, *, #527, .F. ) ;
#4484 = VERTEX_POINT ( 'NONE', #1348 ) ;
#4485 = AXIS2_PLACEMENT_3D ( 'NONE', #860, #159, #1556 ) ;
#4486 = DIRECTION ( 'NONE',  ( -0.000000000000000000, -1.000000000000000000, -0.000000000000000000 ) ) ;
#4487 = DIRECTION ( 'NONE',  ( 0.000000000000000000, 0.000000000000000000, -1.000000000000000000 ) ) ;
#4488 = DIRECTION ( 'NONE',  ( 1.000000000000000000, -0.000000000000000000, 0.000000000000000000 ) ) ;
#4489 = CARTESIAN_POINT ( 'NONE',  ( 65.74999999999998579, 1.899999999999999023, 55.75000000000000000 ) ) ;
#4490 = VECTOR ( 'NONE', #3627, 1000.000000000000000 ) ;
#4491 = LINE ( 'NONE', #3779, #575 ) ;
#4492 = ORIENTED_EDGE ( 'NONE', *, *, #424, .F. ) ;
#4493 = VECTOR ( 'NONE', #2308, 1000.000000000000000 ) ;
#4494 = CARTESIAN_POINT ( 'NONE',  ( -65.45000000000004547, -18.09898987322328168, 57.45000000000007390 ) ) ;
#4495 = VERTEX_POINT ( 'NONE', #2733 ) ;
#4496 = CIRCLE ( 'NONE', #3125, 1.999999999999932498 ) ;
#4497 = DIRECTION ( 'NONE',  ( 0.000000000000000000, 0.000000000000000000, 1.000000000000000000 ) ) ;
#4498 = DIRECTION ( 'NONE',  ( 1.000000000000000000, -0.000000000000000000, 1.224646799147353207E-16 ) ) ;
#4499 = VECTOR ( 'NONE', #3276, 1000.000000000000114 ) ;
#4500 = CARTESIAN_POINT ( 'NONE',  ( -30.33620689655305469, 189.0178641211801107, 70.78448275862051275 ) ) ;
#4501 = CARTESIAN_POINT ( 'NONE',  ( 57.45000000000005969, 1.899999999999999023, -64.95000000000005969 ) ) ;
#4502 = AXIS2_PLACEMENT_3D ( 'NONE', #1411, #2453, #3804 ) ;
#4503 = DIRECTION ( 'NONE',  ( -1.541976423090495042E-15, 0.000000000000000000, 1.000000000000000000 ) ) ;
#4504 = VERTEX_POINT ( 'NONE', #3503 ) ;
#4505 = FACE_OUTER_BOUND ( 'NONE', #1857, .T. ) ;
#4506 = LINE ( 'NONE', #4458, #2202 ) ;
#4507 = DIRECTION ( 'NONE',  ( 4.163336342344391300E-14, 0.000000000000000000, -1.000000000000000000 ) ) ;
#4508 = EDGE_CURVE ( 'NONE', #774, #2758, #3311, .T. ) ;
#4509 = VERTEX_POINT ( 'NONE', #1747 ) ;
#4510 = EDGE_LOOP ( 'NONE', ( #1081, #1004, #1075, #1119 ) ) ;
#4511 = FACE_OUTER_BOUND ( 'NONE', #126, .T. ) ;
#4512 = FACE_OUTER_BOUND ( 'NONE', #2479, .T. ) ;
#4513 = EDGE_CURVE ( 'NONE', #1540, #3493, #2803, .T. ) ;
#4514 = FACE_OUTER_BOUND ( 'NONE', #4299, .T. ) ;
#4515 = ORIENTED_EDGE ( 'NONE', *, *, #935, .T. ) ;
#4516 = EDGE_CURVE ( 'NONE', #3502, #4184, #3848, .T. ) ;
#4517 = VECTOR ( 'NONE', #759, 1000.000000000000000 ) ;
#4518 = DIRECTION ( 'NONE',  ( -0.000000000000000000, 1.000000000000000000, -0.000000000000000000 ) ) ;
#4519 = DIRECTION ( 'NONE',  ( -0.000000000000000000, 1.000000000000000000, -0.000000000000000000 ) ) ;
#4520 = ORIENTED_EDGE ( 'NONE', *, *, #4067, .F. ) ;
ENDSEC;
END-ISO-10303-21;
